player_name,club_name,position_name,now_cost,total_points,event_points,points_per_game,selected_by_percent,goals_scored,assists,minutes,clean_sheets,goals_conceded,own_goals,penalties_saved,penalties_missed,saves,yellow_cards,red_cards,bonus,influence,creativity,threat,ict_index,form,dreamteam_count,value_form,value_season,transfers_in,transfers_out,transfers_in_event,transfers_out_event,cost_change_start,cost_change_start_fall,cost_change_event,cost_change_event_fall,expected_goals,expected_assists,expected_goal_involvements,expected_goals_conceded,starts,tackles,clearances_blocks_interceptions,recoveries,defensive_contribution,defensive_contribution_per_90,news,influence_rank,influence_rank_type,creativity_rank,creativity_rank_type,threat_rank,threat_rank_type,ict_index_rank,ict_index_rank_type,corners_and_indirect_freekicks_order,corners_and_indirect_freekicks_text,direct_freekicks_order,direct_freekicks_text,penalties_order,penalties_text,expected_goals_per_90,saves_per_90,expected_assists_per_90,expected_goal_involvements_per_90,expected_goals_conceded_per_90,goals_conceded_per_90,now_cost_rank,now_cost_rank_type,form_rank,form_rank_type,points_per_game_rank,points_per_game_rank_type,selected_rank,selected_rank_type,starts_per_90,clean_sheets_per_90
Erling Haaland,Man City,FWD,15.0,166,1,7.2,72.5,20,4,1918,10,20,0,0,1,0,0,0,31,828.6,154.3,1033.0,201.7,2.6,8,0.2,11.1,6655132,1195747,11953,171134,1.0,-1.0,-0.1,0.1,18.6,1.26,19.86,25.22,22,11,34,27,72,3.38,,1,1,159,13,1,1,1,1,,,,,1.0,,0.87,0.0,0.06,0.93,1.18,0.94,1,1,168,20,1,1,1,1,1.03,0.47
Antoine Semenyo,Man City,MID,7.8,130,8,5.9,48.2,11,5,1980,6,40,0,0,1,0,6,0,14,601.0,382.6,660.0,164.5,4.4,3,0.6,16.7,10211751,5639661,264842,58135,0.8,-0.8,0.1,-0.1,7.04,2.0,9.04,33.55,22,30,33,106,169,7.68,,12,3,38,36,5,1,4,2,,,,,,,0.32,0.0,0.09,0.41,1.52,1.82,18,13,45,18,6,3,2,1,1.0,0.27
Declan Rice,Arsenal,MID,7.4,126,1,5.7,31.6,4,7,1875,10,16,0,0,0,0,2,0,18,593.8,686.0,241.0,152.2,4.8,4,0.6,17.0,5775499,2903326,156511,92344,0.9,-0.9,0.0,0.0,2.89,4.69,7.58,13.01,21,39,80,107,226,10.85,,13,4,4,4,72,46,8,6,1.0,,1.0,,,,0.14,0.0,0.23,0.37,0.62,0.77,22,15,37,15,8,5,8,2,1.01,0.48
Igor Thiago Thiago,Brentford,FWD,7.2,124,2,5.4,37.1,16,1,1932,5,30,0,0,1,0,4,0,18,690.8,201.6,786.0,167.8,7.0,5,1.0,17.2,7567310,3065725,100985,216125,1.2,-1.2,0.0,0.0,13.19,0.86,14.05,29.81,22,19,46,49,114,5.31,,4,2,125,6,2,2,3,2,,,,,2.0,,0.61,0.0,0.04,0.65,1.39,1.4,34,14,3,1,9,2,5,2,1.02,0.23
Gabriel Gabriel,Arsenal,DEF,6.9,121,1,7.1,37.8,3,2,1445,10,10,0,0,0,0,1,0,18,476.6,78.8,165.0,71.9,7.8,4,1.1,17.5,7198133,4964352,161660,15332,0.9,-0.9,0.0,0.0,1.7,0.78,2.48,10.0,16,16,120,24,136,8.47,,41,18,257,76,126,22,108,33,,,,,,,0.11,0.0,0.05,0.16,0.62,0.62,41,1,1,1,2,1,3,1,1.0,0.62
Bruno B.Fernandes,Man Utd,MID,9.5,121,5,6.0,24.5,5,10,1715,2,30,0,0,2,0,2,0,21,687.2,932.6,344.0,196.7,4.4,4,0.5,12.7,5540274,5233373,675982,10869,0.5,-0.5,0.2,-0.2,7.44,5.65,13.09,24.42,20,36,51,110,197,10.34,,5,1,1,1,41,24,2,1,1.0,,1.0,,1.0,,0.39,0.0,0.3,0.69,1.28,1.57,6,4,46,19,5,2,14,4,1.05,0.1
Bruno Bruno G.,Newcastle,MID,7.2,120,0,5.7,18.2,8,5,1839,6,27,0,0,0,0,4,0,18,606.4,542.4,342.0,149.1,6.8,3,0.9,16.7,3871965,1837442,18919,432867,0.7,-0.7,-0.1,0.1,4.03,2.95,6.98,22.8,20,45,39,94,178,8.71,,11,2,12,12,42,25,10,8,,,,,,,0.2,0.0,0.14,0.34,1.12,1.32,31,20,5,2,7,4,19,7,0.98,0.29
Trevoh Chalobah,Chelsea,DEF,5.6,114,4,5.2,21.3,3,1,1920,9,24,0,0,0,0,3,1,7,546.8,83.0,143.0,77.2,4.0,2,0.7,20.4,4108876,1778247,197889,33142,0.6,-0.6,0.0,0.0,1.14,0.68,1.82,28.36,22,30,161,85,191,8.95,,18,7,251,75,151,29,91,23,,,,,,,0.05,0.0,0.03,0.08,1.33,1.12,129,14,60,24,12,5,17,6,1.03,0.42
Harry Wilson,Fulham,MID,6.0,114,10,5.2,24.1,8,6,1674,6,21,0,0,0,0,6,0,16,491.8,389.5,415.0,129.4,5.8,2,1.0,19.0,3944939,981429,183225,63468,0.5,-0.5,0.0,0.0,3.9,2.84,6.74,23.04,20,19,42,54,115,6.18,,37,10,35,33,27,14,20,16,3.0,,3.0,,3.0,,0.21,0.0,0.15,0.36,1.24,1.13,83,55,13,6,13,6,15,5,1.08,0.32
James Tarkowski,Everton,DEF,5.8,112,4,4.9,14.0,0,1,2070,9,26,0,0,0,0,4,0,6,608.4,172.5,172.0,95.6,5.4,0,0.9,19.3,2111895,1178321,67696,48301,0.3,-0.3,0.0,0.0,1.15,1.07,2.22,33.39,23,34,224,56,258,11.22,,10,5,146,36,122,21,57,9,,,,,,,0.05,0.0,0.05,0.1,1.45,1.13,103,7,23,9,18,9,27,8,1.0,0.39
Morgan Rogers,Aston Villa,MID,7.7,111,8,4.8,31.3,7,5,2047,7,25,0,0,0,0,4,0,10,496.4,411.7,514.0,142.1,3.8,3,0.5,14.4,5125899,2277198,119501,88524,0.7,-0.7,0.0,0.0,4.33,2.46,6.79,32.84,23,25,30,84,139,6.11,,36,9,29,28,12,6,12,10,,,,,,,0.19,0.0,0.11,0.3,1.44,1.1,19,14,77,33,27,12,9,3,1.01,0.31
Marc Guéhi,Man City,DEF,5.2,111,6,5.3,37.5,2,4,1890,8,23,0,0,0,0,4,0,8,515.8,153.5,233.0,90.3,3.2,3,0.6,21.3,5439556,2431822,97689,92550,0.7,-0.7,0.0,0.0,2.01,1.7,3.71,28.23,21,30,139,93,169,8.05,,29,12,160,40,77,6,63,11,,,,,,,0.1,0.0,0.08,0.18,1.34,1.1,209,28,116,43,10,3,4,2,1.0,0.38
Jurriën J.Timber,Arsenal,DEF,6.3,110,1,5.0,27.8,2,4,1819,10,15,0,0,0,0,3,0,7,380.8,281.7,323.0,98.9,4.8,2,0.8,17.5,5754717,2976664,69416,110470,0.8,-0.8,0.0,0.0,4.16,0.88,5.04,12.27,20,48,60,68,108,5.34,Knock - 75% chance of playing,85,38,77,17,47,1,52,7,,,,,,,0.21,0.0,0.04,0.25,0.61,0.74,69,2,35,14,16,7,11,3,0.99,0.49
Enzo Enzo,Chelsea,MID,6.7,106,8,4.8,16.8,7,3,1874,8,22,0,0,0,0,5,0,12,538.6,558.9,528.0,162.7,7.0,2,1.0,15.8,4143738,2742657,389666,25073,0.2,-0.2,0.1,-0.1,8.73,3.95,12.68,27.66,21,41,33,84,158,7.59,,19,5,9,9,11,5,5,3,3.0,,3.0,,2.0,,0.42,0.0,0.19,0.61,1.33,1.06,48,30,2,1,26,11,20,8,1.01,0.38
Matheus Matheus N.,Man City,DEF,5.4,105,11,5.2,3.3,1,5,1665,8,16,0,0,0,0,4,0,14,443.0,257.4,54.0,75.7,5.0,5,0.9,19.4,775051,438724,28693,24499,-0.1,0.1,-0.1,0.1,0.25,1.32,1.57,19.42,18,42,92,103,134,7.24,,53,25,86,21,290,90,95,26,,,,,4.0,,0.01,0.0,0.07,0.08,1.05,0.86,174,21,28,11,11,4,98,37,0.97,0.43
Jarrod Bowen,West Ham,FWD,7.6,105,12,4.6,8.3,7,3,2070,1,45,0,0,0,0,3,0,19,474.0,289.8,598.0,136.0,5.6,2,0.7,13.8,1906312,2720604,79292,40154,-0.4,0.4,0.0,0.0,5.44,1.78,7.22,38.04,23,29,34,90,153,6.65,,42,3,72,2,9,6,14,3,,,1.0,,2.0,,0.24,0.0,0.08,0.32,1.65,1.96,20,6,19,4,30,3,48,10,1.0,0.04
João Pedro João Pedro,Chelsea,FWD,7.2,104,12,4.5,31.0,8,4,1678,9,17,0,0,0,0,2,0,20,464.2,344.9,509.0,131.4,4.8,4,0.7,14.4,5066757,7875246,505327,24199,-0.3,0.3,0.1,-0.1,7.19,1.38,8.57,23.57,20,16,30,52,98,5.26,,45,4,44,1,15,9,17,4,,,,,,,0.39,0.0,0.07,0.46,1.26,0.91,32,12,36,7,34,4,10,3,1.07,0.48
Jordan Pickford,Everton,GKP,5.6,103,3,4.5,14.0,0,0,2070,9,26,0,1,0,65,0,0,11,562.2,0.1,0.0,56.2,5.4,3,1.0,18.4,1381040,1048434,75709,25335,0.1,-0.1,0.0,0.0,0.0,0.13,0.13,33.39,23,1,34,199,0,0.0,,15,4,473,16,792,91,171,5,,,,,,,0.0,2.83,0.01,0.01,1.45,1.13,127,3,22,1,33,1,26,4,1.0,0.39
Phil Foden,Man City,MID,8.4,102,1,4.9,18.6,7,2,1641,9,14,0,0,0,0,3,0,10,450.2,686.8,366.0,150.0,1.8,3,0.2,12.1,6143343,4131280,3197,666466,0.4,-0.4,-0.2,0.2,4.95,3.52,8.47,19.98,19,24,20,75,119,6.53,,51,13,3,3,35,20,9,7,1.0,,3.0,,,,0.27,0.0,0.19,0.46,1.1,0.77,11,6,229,100,19,8,18,6,1.04,0.49
Nordi Mukiele,Sunderland,DEF,4.5,102,4,4.9,12.8,1,4,1882,6,24,1,0,0,0,4,0,8,516.4,221.4,111.0,84.9,5.6,3,1.2,22.7,2077917,532015,91267,31622,0.5,-0.5,0.0,0.0,0.6,1.68,2.28,31.64,21,50,157,86,207,9.9,,28,11,106,26,196,48,74,16,,,,,,,0.03,0.0,0.08,0.11,1.51,1.15,412,77,16,8,17,8,33,10,1.0,0.29
Bukayo Saka,Arsenal,MID,10.0,101,2,4.8,16.5,4,7,1543,8,12,0,0,0,0,1,0,10,421.2,628.1,564.0,161.4,3.2,1,0.3,10.1,3942448,3804290,25820,176990,0.0,0.0,-0.1,0.1,5.58,5.11,10.69,9.95,17,26,11,81,118,6.88,,62,18,6,6,10,4,6,4,2.0,,,,1.0,,0.33,0.0,0.3,0.63,0.58,0.7,5,3,122,55,28,13,21,9,0.99,0.47
James Garner,Everton,MID,5.2,101,2,4.4,4.6,2,3,2063,9,26,0,0,0,0,5,0,10,529.2,469.5,177.0,117.7,6.4,1,1.2,19.4,852938,297580,47918,37061,0.2,-0.2,0.0,0.0,1.65,3.14,4.79,33.33,23,67,94,118,279,12.17,,21,6,20,19,118,69,31,25,3.0,,3.0,,,,0.07,0.0,0.14,0.21,1.45,1.13,212,132,8,4,39,16,79,27,1.0,0.39
Maxence Lacroix,Crystal Palace,DEF,5.1,100,1,4.3,5.8,0,2,2070,8,28,0,0,0,0,3,0,4,526.8,72.6,140.0,73.9,3.0,1,0.6,19.6,1392189,881623,15169,35353,0.1,-0.1,0.0,0.0,1.32,0.61,1.93,31.91,23,44,198,66,242,10.52,,23,9,269,83,155,31,100,29,,,,,,,0.06,0.0,0.03,0.09,1.39,1.22,233,33,131,48,50,22,70,24,1.0,0.35
Robin Roefs,Sunderland,GKP,5.0,98,1,4.3,13.0,0,0,2070,7,26,0,1,0,76,2,0,9,624.8,40.0,0.0,66.4,3.0,3,0.6,19.6,2052164,597708,20402,46133,0.5,-0.5,0.0,0.0,0.0,0.05,0.05,33.33,23,0,23,233,0,0.0,,9,2,335,2,763,87,124,2,,,,,,,0.0,3.3,0.0,0.0,1.45,1.13,270,10,129,13,48,3,31,5,1.0,0.3
Elliot Anderson,Nott'm Forest,MID,5.3,97,5,4.2,4.7,1,3,2070,5,34,0,0,0,0,4,0,4,499.8,567.7,150.0,122.1,5.0,0,0.9,18.3,959766,1103419,35973,17921,-0.2,0.2,0.0,0.0,1.82,2.06,3.88,32.73,23,60,62,194,316,13.74,,34,8,8,8,140,81,25,20,2.0,,,,4.0,,0.08,0.0,0.09,0.17,1.42,1.48,192,119,27,11,56,22,78,26,1.0,0.22
Ryan Gravenberch,Liverpool,MID,5.7,97,1,4.6,5.6,4,3,1848,7,26,0,0,0,0,4,0,13,463.6,319.7,125.0,90.8,2.6,3,0.5,17.0,1824146,1245042,9477,61391,0.2,-0.2,0.0,0.0,1.22,1.49,2.71,21.36,21,35,66,90,191,9.3,,46,12,54,45,177,103,61,41,,,,,,,0.06,0.0,0.07,0.13,1.04,1.27,121,76,162,69,29,14,72,25,1.02,0.34
Reece James,Chelsea,DEF,5.7,96,6,4.4,11.1,2,5,1525,7,16,0,0,0,0,4,0,9,404.6,394.0,87.0,88.7,3.2,1,0.6,16.8,1941656,1335716,62698,20234,0.2,-0.2,0.0,0.0,0.86,2.29,3.15,24.16,16,40,65,80,105,6.2,,71,32,34,2,235,64,66,12,2.0,,2.0,,,,0.05,0.0,0.14,0.19,1.43,0.94,119,11,117,44,41,18,41,14,0.94,0.41
Michael Keane,Everton,DEF,4.7,96,0,5.1,4.1,3,0,1676,6,25,0,0,0,0,0,1,8,515.4,26.0,178.0,71.8,1.0,2,0.2,20.4,1316938,865928,12331,27073,0.2,-0.2,0.0,0.0,1.67,0.17,1.84,28.08,19,21,173,55,194,10.42,,30,13,363,130,116,20,109,34,,,,,,,0.09,0.0,0.01,0.1,1.51,1.34,377,63,288,105,15,6,85,28,1.02,0.32
Micky Van de Ven,Spurs,DEF,4.6,96,7,4.4,27.4,4,1,1969,7,29,0,0,0,0,6,0,10,498.4,75.9,191.0,76.5,4.0,3,0.9,20.9,3368033,3211427,31974,103250,0.1,-0.1,0.0,0.0,2.48,0.33,2.81,28.66,22,25,117,78,142,6.49,Knock - 75% chance of playing,35,15,262,79,108,17,93,24,,,,,,,0.11,0.0,0.02,0.13,1.31,1.33,397,70,53,20,37,17,12,4,1.01,0.32
Rúben Rúben,Man City,DEF,5.6,95,0,4.8,3.5,2,0,1705,10,16,0,0,0,0,2,0,3,458.0,91.8,94.0,64.5,2.2,1,0.4,17.0,911080,1001165,68,25639,0.1,-0.1,0.0,0.0,0.5,0.48,0.98,19.73,19,7,125,59,132,6.97,Hamstring injury - Expected back 11 Feb,49,22,232,66,225,60,136,43,,,,,,,0.03,0.0,0.03,0.06,1.04,0.84,128,13,197,72,23,11,93,34,1.0,0.53
Anton Stach,Leeds,MID,4.9,95,8,4.8,2.6,3,6,1613,3,29,0,0,0,0,3,0,8,437.4,632.0,230.0,130.1,3.8,2,0.8,19.4,928940,655372,5941,23807,-0.1,0.1,0.0,0.0,2.13,3.22,5.35,23.49,19,41,55,83,179,9.99,,56,15,5,5,78,49,18,14,3.0,,1.0,,,,0.12,0.0,0.18,0.3,1.31,1.62,332,205,68,27,21,10,112,35,1.06,0.17
Matty Cash,Aston Villa,DEF,4.8,95,6,4.3,11.3,3,2,1951,7,20,0,0,0,0,5,0,6,452.8,317.8,132.0,90.3,3.8,2,0.8,19.8,2500025,1462543,55131,31053,0.3,-0.3,0.0,0.0,0.75,1.92,2.67,29.43,22,36,87,55,123,5.67,,50,23,57,10,169,35,62,10,1.0,,,,,,0.03,0.0,0.09,0.12,1.36,0.92,356,58,67,27,46,19,40,13,1.01,0.32
Marcos Senesi,Bournemouth,DEF,4.8,94,3,4.3,14.0,0,4,1938,5,42,0,0,0,0,7,0,6,735.4,274.7,115.0,112.6,3.2,1,0.7,19.6,4239887,2799018,65060,38840,0.3,-0.3,0.0,0.0,0.88,3.69,4.57,31.39,22,41,240,92,281,13.05,,2,1,80,20,193,45,34,1,,,,,,,0.04,0.0,0.17,0.21,1.46,1.95,361,61,111,42,47,20,28,9,1.02,0.23
Marcus Tavernier,Bournemouth,MID,5.4,94,0,4.3,1.8,5,3,1762,7,36,0,0,0,0,3,0,8,421.0,439.9,330.0,119.3,3.6,2,0.7,17.4,838624,697247,408,41068,-0.1,0.1,-0.1,0.1,5.12,2.43,7.55,27.43,20,27,44,93,164,8.38,Hamstring injury - Unknown return date,63,19,22,21,46,28,28,22,2.0,,1.0,,4.0,,0.26,0.0,0.12,0.38,1.4,1.84,165,103,88,39,51,21,140,47,1.02,0.36
Pedro Neto,Chelsea,MID,7.1,94,3,4.1,6.2,5,4,1802,10,15,0,0,0,0,2,0,6,392.8,558.0,382.0,133.5,2.8,1,0.4,13.2,1847082,1628902,23478,37752,0.1,-0.1,0.0,0.0,3.59,4.25,7.84,23.78,21,14,15,59,88,4.4,,78,24,10,10,30,16,15,12,1.0,,4.0,,,,0.18,0.0,0.21,0.39,1.19,0.75,36,22,151,63,63,28,60,21,1.05,0.5
David Raya,Arsenal,GKP,5.9,93,1,4.0,33.2,0,0,2070,11,17,0,0,0,32,1,0,4,331.2,20.3,0.0,35.2,3.2,1,0.5,15.8,3474858,1957849,50887,59072,0.4,-0.4,0.0,0.0,0.0,0.05,0.05,16.48,23,1,19,185,0,0.0,,112,16,376,3,796,93,268,16,,,,,,,0.0,1.39,0.0,0.0,0.72,0.74,93,1,118,11,71,7,6,1,1.0,0.48
Bryan Mbeumo,Man Utd,MID,8.3,93,10,5.2,15.8,8,1,1543,3,26,0,0,0,0,3,0,14,438.2,499.0,605.0,154.2,3.8,1,0.5,11.2,5600046,5441949,566551,14638,0.3,-0.3,0.1,-0.1,6.3,3.42,9.72,21.84,18,14,10,58,82,4.78,,55,14,16,15,8,3,7,5,2.0,,2.0,,,,0.37,0.0,0.2,0.57,1.27,1.52,13,8,78,34,14,7,23,10,1.05,0.17
Dominic Calvert-Lewin,Leeds,FWD,6.0,93,2,4.4,13.3,9,2,1489,4,21,0,0,0,0,1,0,15,367.2,191.8,614.0,116.6,3.0,2,0.5,15.5,2495080,830581,45999,121450,0.5,-0.5,0.0,0.0,8.7,0.91,9.6,17.31,16,9,13,26,48,2.9,,90,8,133,8,6,5,33,7,,,,,,,0.53,0.0,0.06,0.59,1.05,1.27,85,28,137,15,42,5,30,6,0.97,0.24
Cristian Romero,Spurs,DEF,5.0,92,11,4.8,4.2,4,1,1637,5,25,0,0,0,0,8,1,10,538.2,110.1,202.0,85.1,6.6,3,1.3,18.4,960982,1000389,29311,10529,0.0,0.0,0.0,0.0,1.33,1.18,2.51,24.48,18,52,125,77,177,9.73,,20,8,206,52,98,12,73,15,,,,,,,0.07,0.0,0.06,0.13,1.35,1.37,253,38,6,3,22,10,82,27,0.99,0.27
Carlos Henrique Casemiro,Man Utd,MID,5.5,92,2,4.4,1.3,4,3,1474,5,19,0,0,0,0,5,1,11,426.6,290.6,287.0,100.6,4.4,2,0.8,16.7,393019,283862,11546,10595,0.0,0.0,0.0,0.0,3.69,1.84,5.53,16.45,20,48,67,80,195,11.91,,59,17,71,57,58,36,48,34,,,,,,,0.23,0.0,0.11,0.34,1.0,1.16,136,83,44,17,40,17,166,58,1.22,0.31
Ollie Watkins,Aston Villa,FWD,8.8,91,8,4.0,13.5,8,2,1741,7,22,0,0,0,0,1,0,11,376.0,194.3,687.0,125.6,4.8,2,0.5,10.3,2061316,3410501,116759,47698,-0.2,0.2,0.0,0.0,9.4,0.91,10.31,27.78,20,15,14,34,63,3.26,,87,7,129,7,3,3,23,5,,,,,3.0,,0.49,0.0,0.05,0.54,1.44,1.14,7,3,38,8,76,8,29,5,1.03,0.36
Nathan Collins,Brentford,DEF,5.0,91,1,4.0,3.9,1,2,1996,5,31,1,0,0,0,4,0,7,636.2,103.9,235.0,97.7,6.8,2,1.4,18.2,575706,281757,14432,36353,0.0,0.0,0.0,0.0,1.42,0.88,2.3,30.02,22,23,207,92,230,10.37,,8,4,218,59,76,5,53,8,,,,,,,0.06,0.0,0.04,0.1,1.35,1.4,259,40,4,2,69,29,90,32,0.99,0.23
Brenden Aaronson,Leeds,MID,5.4,91,4,4.1,0.8,4,6,1416,5,20,0,0,0,0,1,0,5,364.2,318.3,353.0,103.5,6.2,2,1.1,16.9,157507,63614,9550,9541,-0.1,0.1,0.0,0.0,3.15,2.77,5.92,19.98,16,36,21,79,136,8.64,,93,29,56,46,39,23,39,29,,,,,,,0.2,0.0,0.18,0.38,1.27,1.27,171,106,10,5,62,27,196,66,1.02,0.32
Daniel Muñoz,Crystal Palace,DEF,5.8,90,1,6.0,6.1,3,3,1335,7,14,0,0,0,0,4,0,7,346.8,132.7,240.0,71.7,0.2,2,0.0,15.5,3232955,3606192,43627,16892,0.3,-0.3,0.0,0.0,1.78,2.01,3.79,19.01,15,33,74,56,107,7.21,,100,44,179,46,73,4,110,35,,,,,,,0.12,0.0,0.14,0.26,1.28,0.94,108,9,408,149,4,2,63,22,1.01,0.47
Morgan Gibbs-White,Nott'm Forest,MID,7.3,90,6,3.9,3.1,5,2,1962,5,31,0,0,0,0,0,0,7,363.0,412.3,416.0,118.9,5.6,0,0.8,12.3,718884,981142,22432,7289,-0.2,0.2,0.0,0.0,5.81,1.77,7.58,31.64,22,12,35,65,112,5.14,,96,31,28,27,26,13,29,23,,,2.0,,2.0,,0.27,0.0,0.08,0.35,1.45,1.42,25,16,18,7,86,39,104,31,1.01,0.23
Granit Xhaka,Sunderland,MID,5.2,90,0,4.1,6.1,1,5,1962,7,23,0,0,0,0,4,0,5,521.2,420.4,77.0,101.8,2.6,0,0.5,17.3,1345771,974635,1614,122436,0.2,-0.2,0.0,0.0,0.59,2.19,2.78,31.25,22,35,101,101,237,10.87,Ankle injury - 25% chance of playing,26,7,26,25,251,136,46,33,1.0,,1.0,,,,0.03,0.0,0.1,0.13,1.43,1.06,207,129,158,65,60,25,64,22,1.01,0.32
Virgil Virgil,Liverpool,DEF,5.9,90,9,3.9,22.0,1,0,2070,7,32,0,0,0,0,3,0,4,656.0,135.0,212.0,100.2,4.8,0,0.8,15.3,2655799,3154183,23398,47163,-0.1,0.1,0.0,0.0,1.05,0.72,1.77,26.55,23,16,201,51,217,9.43,,7,3,177,45,91,10,50,6,,,,,,,0.05,0.0,0.03,0.08,1.15,1.39,91,5,33,13,84,32,16,5,1.0,0.3
Kevin Schade,Brentford,MID,7.2,88,2,4.0,3.0,6,4,1816,7,22,0,0,1,0,6,0,5,432.0,293.8,607.0,133.4,3.6,1,0.5,12.2,736189,413601,12566,50858,0.2,-0.2,0.1,-0.1,8.45,1.71,10.16,24.69,21,30,43,65,138,6.84,,57,16,69,55,7,2,16,13,,,,,3.0,,0.42,0.0,0.08,0.5,1.22,1.09,35,21,92,41,74,31,106,32,1.04,0.35
Robert Sánchez,Chelsea,GKP,4.9,88,3,4.0,14.3,0,1,1894,9,24,0,0,0,59,2,1,7,526.2,50.0,0.0,57.3,3.6,2,0.7,18.0,1401751,2490738,96204,28139,-0.1,0.1,0.0,0.0,0.0,0.02,0.02,30.12,22,0,19,187,0,0.0,,24,7,314,1,739,84,168,4,,,,,,,0.0,2.8,0.0,0.0,1.43,1.14,310,13,85,8,67,4,24,3,1.05,0.43
Hugo Ekitiké,Liverpool,FWD,8.8,87,1,4.3,24.7,8,2,1249,5,17,0,0,0,0,0,0,16,367.2,207.0,514.0,107.8,1.0,2,0.1,9.9,6778665,5978978,37792,273338,0.3,-0.3,-0.1,0.1,6.45,1.69,8.14,18.37,14,7,23,26,56,4.04,,91,9,117,5,13,7,35,8,,,,,,,0.46,0.0,0.12,0.58,1.32,1.22,8,4,301,37,52,6,13,4,1.01,0.36
Joachim Andersen,Fulham,DEF,4.6,86,8,3.9,5.3,0,1,1931,5,29,0,0,0,0,4,0,5,562.0,87.7,81.0,73.2,3.6,1,0.8,18.7,1128759,805828,14368,29554,0.1,-0.1,0.0,0.0,0.73,1.42,2.15,28.51,22,29,204,83,233,10.86,,16,6,240,70,242,67,102,30,,,,,,,0.03,0.0,0.07,0.1,1.33,1.35,393,67,83,32,78,31,74,25,1.03,0.23
Jan Paul Van Hecke,Brighton,DEF,4.5,85,1,3.9,4.3,3,2,1980,4,31,1,0,0,0,6,0,6,656.2,132.1,224.0,101.5,3.2,1,0.7,18.9,848503,451573,17583,24125,0.0,0.0,0.0,0.0,2.05,0.7,2.74,31.63,22,32,151,69,183,8.32,,6,2,180,47,83,7,47,5,,,,,,,0.09,0.0,0.03,0.12,1.44,1.41,436,87,109,41,77,30,80,26,1.0,0.18
Malick Thiaw,Newcastle,DEF,5.1,85,1,4.2,5.8,3,0,1667,4,26,0,0,0,0,3,0,10,522.4,62.0,198.0,78.0,6.0,3,1.2,16.7,1117448,406622,14098,73865,0.1,-0.1,0.0,0.0,1.91,0.46,2.37,23.25,19,23,152,77,175,9.45,,25,10,285,92,100,14,89,22,,,,,,,0.1,0.0,0.02,0.12,1.26,1.4,237,35,12,5,55,25,69,23,1.03,0.22
Tyrick Mitchell,Crystal Palace,DEF,5.0,85,1,3.7,2.1,1,0,2038,8,28,0,0,0,0,5,0,5,415.0,285.0,142.0,84.3,2.4,1,0.5,17.0,401499,334208,2079,7782,0.0,0.0,0.0,0.0,0.86,1.32,2.18,31.91,23,65,99,113,164,7.24,,66,29,74,15,153,30,76,18,,,,,,,0.04,0.0,0.06,0.1,1.41,1.24,256,39,175,63,102,36,127,48,1.02,0.35
Jean-Philippe Mateta,Crystal Palace,FWD,7.5,84,2,3.7,9.8,8,0,1904,8,23,0,0,0,0,2,0,9,411.8,119.7,664.0,119.4,3.4,2,0.5,11.2,4717950,4705294,15475,48817,0.0,0.0,0.0,0.0,11.88,1.26,13.14,26.67,23,8,51,51,110,5.2,,69,5,197,19,4,4,27,6,,,,,2.0,,0.56,0.0,0.06,0.62,1.26,1.09,21,7,104,11,107,9,44,8,1.09,0.38
Dominik Szoboszlai,Liverpool,MID,6.6,84,13,3.8,5.9,3,2,1972,7,31,0,0,1,0,5,0,11,467.0,719.3,251.0,143.6,4.2,2,0.6,12.7,1527408,1169143,122055,16140,0.1,-0.1,0.0,0.0,3.4,3.41,6.81,25.26,22,30,54,111,195,8.9,,44,11,2,2,70,45,11,9,2.0,,2.0,,,,0.16,0.0,0.16,0.32,1.15,1.41,49,31,50,22,93,43,68,23,1.0,0.32
Chris Richards,Crystal Palace,DEF,4.4,84,7,4.4,1.9,1,0,1702,7,24,0,0,0,0,1,0,1,461.8,74.3,99.0,63.8,1.8,0,0.4,19.1,775287,720903,15878,9476,-0.1,0.1,0.0,0.0,0.82,1.19,2.01,25.34,19,42,160,36,202,10.68,,47,20,264,80,217,55,140,44,,,,,,,0.04,0.0,0.06,0.1,1.34,1.27,530,114,216,80,35,15,136,55,1.0,0.37
Nico O'Reilly,Man City,DEF,5.0,84,6,3.8,6.2,1,3,1611,9,15,0,0,0,0,4,0,2,364.8,276.4,203.0,84.5,1.8,0,0.4,16.8,1893235,1158957,4451,92814,0.0,0.0,-0.1,0.1,2.11,1.49,3.6,21.26,17,49,73,68,122,6.82,,92,40,79,19,97,11,75,17,,,,,,,0.12,0.0,0.08,0.2,1.19,0.84,262,41,223,84,89,34,61,20,0.95,0.5
Caoimhín Kelleher,Brentford,GKP,4.6,83,1,3.6,10.1,0,0,2070,5,32,0,3,0,61,1,0,3,528.0,20.0,0.0,54.9,4.6,2,1.0,18.0,886171,866299,21397,28410,0.1,-0.1,0.0,0.0,0.0,0.04,0.04,31.09,23,1,28,177,0,0.0,,22,6,378,4,719,77,175,7,,,,,,,0.0,2.65,0.0,0.0,1.35,1.39,394,19,40,2,110,10,43,6,1.0,0.22
Leandro Trossard,Arsenal,MID,6.8,83,2,4.4,1.4,5,4,1247,6,11,0,0,0,0,1,0,9,337.0,337.4,355.0,103.1,3.8,2,0.6,12.2,454466,330951,8095,14980,-0.2,0.2,-0.1,0.1,4.24,2.06,6.3,8.82,13,14,14,48,76,5.49,,109,36,49,42,36,21,40,30,,,,,4.0,,0.31,0.0,0.15,0.46,0.64,0.79,44,26,76,32,45,20,155,52,0.94,0.43
Daniel Ballard,Sunderland,DEF,4.6,83,2,4.4,3.1,2,1,1401,4,19,0,0,0,0,3,0,7,458.4,98.6,313.0,87.0,1.6,1,0.3,18.0,1038796,905183,6787,10863,0.1,-0.1,0.0,0.0,2.0,0.49,2.49,21.0,15,24,146,34,170,10.92,,48,21,224,63,48,2,69,14,,,,,,,0.13,0.0,0.03,0.16,1.35,1.22,395,68,237,90,36,16,103,41,0.96,0.26
Florian Wirtz,Liverpool,MID,8.3,83,2,3.8,12.8,3,2,1584,7,20,0,0,0,0,1,0,14,324.4,604.3,446.0,137.5,5.6,2,0.7,10.0,1687079,3776694,38699,105456,-0.2,0.2,0.0,0.0,4.64,3.52,8.15,19.87,18,24,14,74,112,6.36,,115,40,7,7,23,11,13,11,4.0,,,,,,0.26,0.0,0.2,0.46,1.13,1.14,14,9,20,8,96,46,32,12,1.02,0.4
Dean Henderson,Crystal Palace,GKP,5.0,82,1,3.6,7.5,0,0,2070,8,28,0,0,0,64,2,0,2,514.6,10.0,0.0,52.4,3.0,1,0.6,16.4,839554,799557,4287,21634,0.0,0.0,0.0,0.0,0.0,0.08,0.08,31.91,23,0,32,178,0,0.0,,32,9,410,11,754,86,186,8,,,,,,,0.0,2.78,0.0,0.0,1.39,1.22,247,8,128,12,114,11,54,8,1.0,0.35
Tijjani Reijnders,Man City,MID,5.2,82,3,3.7,11.3,5,2,1402,7,15,0,0,0,0,2,0,6,320.2,301.2,377.0,99.1,3.4,1,0.7,15.8,3508153,4686644,6023,49702,-0.3,0.3,0.0,0.0,3.65,1.8,5.45,16.1,17,8,26,49,83,5.33,,119,41,62,50,33,19,51,35,3.0,,,,,,0.23,0.0,0.12,0.35,1.03,0.96,213,133,98,44,103,50,39,15,1.09,0.45
Martín Zubimendi,Arsenal,MID,5.2,81,1,3.5,2.2,3,1,1905,11,15,0,0,0,0,4,0,5,397.6,294.5,186.0,88.0,4.0,1,0.8,15.6,746804,782196,6628,7265,-0.3,0.3,0.0,0.0,2.18,1.47,3.65,15.31,22,40,80,74,194,9.17,,75,22,68,54,111,66,68,44,,,,,,,0.1,0.0,0.07,0.17,0.72,0.71,217,134,57,23,123,56,121,41,1.04,0.52
Nick Woltemade,Newcastle,FWD,7.1,81,1,4.0,12.3,7,3,1352,6,19,1,0,0,0,0,0,10,341.6,164.9,372.0,86.8,2.0,1,0.3,11.4,5373986,3978908,6362,178005,0.1,-0.1,-0.1,0.1,6.19,0.75,6.94,17.27,17,15,22,30,67,4.46,,107,10,151,10,34,15,70,12,,,,,3.0,,0.41,0.0,0.05,0.46,1.15,1.26,37,15,210,24,73,7,34,7,1.13,0.4
Yankuba Minteh,Brighton,MID,5.8,81,1,3.9,2.7,1,8,1576,6,24,0,0,0,0,0,0,6,304.2,437.6,450.0,119.5,1.2,0,0.2,14.0,1901879,1743148,4803,21351,-0.2,0.2,0.0,0.0,2.86,2.78,5.64,23.62,18,33,20,64,117,6.68,,137,47,24,23,22,10,26,21,1.0,,,,,,0.16,0.0,0.16,0.32,1.35,1.37,114,72,277,121,83,37,111,34,1.03,0.34
Ibrahima Konaté,Liverpool,DEF,5.4,81,0,3.7,2.9,0,0,1876,7,26,0,0,0,0,5,0,6,478.2,107.5,73.0,66.1,3.4,0,0.6,15.0,551398,623768,270,30093,-0.1,0.1,0.0,0.0,0.81,0.81,1.62,21.63,22,31,156,61,187,8.97,Personal Reasons - 75% chance of playing,38,16,211,54,256,73,127,41,,,,,,,0.04,0.0,0.04,0.08,1.04,1.25,166,18,100,37,104,37,109,44,1.06,0.34
Enzo E.Le Fée,Sunderland,MID,4.9,81,2,3.7,1.4,3,4,1755,6,23,0,0,1,0,5,0,7,404.2,483.6,165.0,105.4,3.8,2,0.8,16.5,287579,157891,12957,11346,-0.1,0.1,0.0,0.0,3.71,2.43,6.14,28.56,20,49,43,81,173,8.87,,72,21,18,17,125,73,37,27,3.0,,2.0,,2.0,,0.19,0.0,0.12,0.31,1.46,1.18,336,208,69,28,101,49,158,55,1.03,0.31
Mateus Gonçalo M.Fernandes,West Ham,MID,5.5,80,8,3.8,0.2,3,2,1673,2,30,0,0,0,0,3,0,6,420.2,387.1,78.0,88.7,4.8,1,0.9,14.5,53934,31195,6110,1819,0.0,0.0,0.0,0.0,1.05,1.42,2.47,27.19,20,58,52,98,208,11.19,,64,20,36,34,250,135,65,43,4.0,,,,,,0.06,0.0,0.08,0.14,1.46,1.61,155,97,32,13,91,41,357,119,1.08,0.11
Cody Gakpo,Liverpool,MID,7.3,80,2,3.8,5.7,5,3,1494,5,23,0,0,0,0,1,0,5,325.0,433.0,504.0,126.1,2.8,1,0.4,11.0,3271576,3649651,4344,22047,-0.2,0.2,0.0,0.0,5.09,3.41,8.5,16.31,17,11,21,45,77,4.64,,114,39,25,24,16,7,22,18,3.0,,,,3.0,,0.31,0.0,0.21,0.52,0.98,1.39,28,19,152,64,95,45,71,24,1.02,0.3
Jake O'Brien,Everton,DEF,4.9,80,4,3.5,0.8,0,1,1938,8,25,0,0,0,0,1,0,2,362.2,173.4,94.0,63.3,4.6,0,0.9,16.3,131859,103891,4860,4450,-0.1,0.1,0.0,0.0,0.6,0.55,1.15,32.57,21,33,117,74,150,6.97,,97,42,145,35,224,59,142,46,,,,,,,0.03,0.0,0.03,0.06,1.51,1.16,338,56,41,16,122,45,199,76,0.98,0.37
Rayan Cherki,Man City,MID,6.6,80,3,4.4,11.5,2,8,951,5,9,0,0,0,0,1,0,11,346.8,538.1,290.0,117.7,2.8,2,0.4,12.1,2519062,2052309,13994,213428,0.1,-0.1,-0.1,0.1,1.86,5.63,7.49,12.89,11,17,13,61,91,8.61,,101,33,13,13,57,35,32,26,2.0,,4.0,,,,0.18,0.0,0.53,0.71,1.22,0.85,50,32,150,62,44,19,38,14,1.04,0.47
Omar Alderete,Sunderland,DEF,4.1,79,1,4.2,6.5,1,1,1649,6,21,0,0,0,0,4,0,5,471.0,83.6,195.0,75.3,2.4,1,0.6,19.3,1426997,766387,25303,33375,0.1,-0.1,0.0,0.0,1.23,0.74,1.96,26.73,18,19,160,57,179,9.77,,43,19,248,72,103,15,98,28,,,,,,,0.07,0.0,0.04,0.11,1.46,1.15,647,157,169,60,53,23,57,18,0.98,0.33
Matheus Cunha,Man Utd,MID,8.0,79,9,4.0,7.8,5,2,1412,3,22,0,0,0,0,1,0,9,388.6,322.2,474.0,118.6,5.2,0,0.6,9.9,2658354,2710396,59278,56883,0.0,0.0,0.0,0.0,4.91,2.16,7.07,20.07,16,21,25,74,120,7.65,,79,25,52,44,20,9,30,24,,,,,,,0.31,0.0,0.14,0.45,1.28,1.4,16,11,25,10,75,32,52,19,1.02,0.19
Pedro Pedro Porro,Spurs,DEF,5.2,79,1,3.4,12.2,0,3,1820,7,24,0,0,0,0,5,0,4,414.6,517.6,89.0,102.3,3.8,2,0.7,15.2,1464677,2633350,4896,63573,-0.3,0.3,0.0,0.0,0.48,2.81,3.29,25.39,21,43,93,94,136,6.73,Hamstring injury - Expected back 22 Feb,68,30,15,1,230,61,44,3,3.0,,2.0,,,,0.02,0.0,0.14,0.16,1.26,1.19,216,29,72,28,134,54,35,11,1.04,0.35
Gianluigi Donnarumma,Man City,GKP,5.7,79,8,4.0,9.5,0,0,1800,9,17,0,1,0,44,5,0,2,387.8,0.0,0.0,38.9,4.0,0,0.7,13.9,1895878,1055847,16065,48247,0.2,-0.2,0.0,0.0,0.0,0.0,0.0,22.15,20,0,27,132,0,0.0,,80,15,795,93,793,92,255,15,,,,,,,0.0,2.2,0.0,0.0,1.11,0.85,116,2,61,5,70,6,45,7,1.0,0.45
Jack Grealish,Everton,MID,6.4,79,0,4.0,7.5,2,6,1627,7,23,0,0,0,0,3,1,12,374.2,520.5,397.0,129.2,2.6,2,0.4,12.3,3789893,3555689,106,83688,-0.1,0.1,0.0,0.0,2.05,3.37,5.41,25.81,18,20,27,88,135,7.47,Foot injury - Unknown return date,89,28,14,14,28,15,21,17,,,,,,,0.11,0.0,0.19,0.3,1.43,1.27,56,36,165,71,72,30,53,20,1.0,0.39
João Maria J.Palhinha,Spurs,MID,5.5,78,0,3.9,0.9,3,3,1299,4,20,0,0,0,0,5,0,11,385.8,85.3,138.0,61.1,2.2,0,0.4,14.2,360733,340285,131,6460,0.0,0.0,0.0,0.0,1.0,0.47,1.47,19.28,14,74,48,52,174,12.06,,82,26,242,147,157,90,150,83,,,,,,,0.07,0.0,0.03,0.1,1.34,1.39,138,85,195,83,81,35,193,64,0.97,0.28
Marc Cucurella,Chelsea,DEF,6.0,78,4,3.7,16.1,0,2,1705,9,20,0,0,0,0,4,1,5,344.4,319.7,134.0,79.7,1.2,0,0.2,13.0,2469137,3129528,32457,18642,0.0,0.0,0.0,0.0,0.72,2.27,2.99,25.95,20,39,87,79,126,6.65,,102,45,55,9,165,34,87,21,,,,,,,0.04,0.0,0.12,0.16,1.37,1.06,86,3,279,102,105,38,22,7,1.06,0.48
Riccardo Calafiori,Arsenal,DEF,5.6,77,0,4.8,6.1,1,2,1256,9,7,0,0,0,0,5,0,4,222.0,104.8,219.0,54.5,0.0,2,0.0,13.8,2535373,2356804,4179,12551,0.1,-0.1,0.0,0.0,2.49,0.36,2.85,7.09,16,28,57,57,85,6.09,,199,80,216,57,85,8,177,57,,,,,,,0.18,0.0,0.03,0.21,0.51,0.5,133,15,791,263,24,12,62,21,1.15,0.64
Joško Gvardiol,Man City,DEF,5.9,77,0,4.8,4.0,2,2,1301,6,13,0,0,0,0,2,0,5,354.6,104.7,193.0,65.3,0.4,2,0.1,13.1,1373749,2098694,82,29293,-0.1,0.1,-0.1,0.1,2.19,0.64,2.83,15.29,15,17,82,48,99,6.85,Leg injury - Unknown return date,98,43,217,58,106,16,130,42,,,,,,,0.15,0.0,0.04,0.19,1.06,0.9,102,6,357,132,25,13,87,29,1.04,0.42
Yasin Ayari,Brighton,MID,4.8,77,11,3.9,0.6,3,2,1609,5,20,0,0,0,0,0,0,6,288.2,200.9,204.0,69.4,6.4,2,1.3,16.0,121573,72354,30083,3433,-0.2,0.2,0.0,0.0,2.54,0.95,3.49,23.37,17,41,45,105,191,10.68,,153,58,126,90,96,59,116,64,4.0,,5.0,,,,0.14,0.0,0.05,0.19,1.31,1.12,371,232,7,3,79,33,225,77,0.95,0.28
Guglielmo Vicario,Spurs,GKP,4.8,77,1,3.3,6.5,0,0,2070,7,31,0,0,0,59,1,0,6,511.6,0.1,0.0,51.3,2.0,0,0.4,16.0,1332351,1272605,1382,25073,-0.2,0.2,0.0,0.0,0.0,0.02,0.02,30.7,23,0,28,189,0,0.0,,33,10,470,14,725,80,194,10,,,,,,,0.0,2.57,0.0,0.0,1.33,1.35,354,14,204,19,140,13,56,9,1.0,0.3
Emiliano Martinez,Aston Villa,GKP,5.0,76,10,4.0,3.2,0,0,1665,5,17,0,1,0,55,1,0,6,424.8,3.0,0.0,42.8,3.4,3,0.7,15.2,665063,514366,20055,9476,0.0,0.0,0.0,0.0,0.0,0.04,0.04,25.01,19,0,15,156,0,0.0,,60,12,434,12,753,85,232,12,,,,,,,0.0,2.97,0.0,0.0,1.35,0.92,244,7,96,9,68,5,99,15,1.03,0.27
Kiernan Dewsbury-Hall,Everton,MID,4.9,76,1,4.8,2.1,4,3,1302,6,16,0,0,0,0,5,0,10,293.6,323.9,189.0,80.6,0.2,3,0.0,15.5,1517208,1793019,10585,12471,-0.1,0.1,0.0,0.0,1.59,2.8,4.39,17.72,15,28,28,57,113,7.81,,148,55,51,43,109,64,83,51,2.0,,,,,,0.11,0.0,0.19,0.3,1.22,1.11,311,193,397,185,20,9,123,42,1.04,0.41
Moisés Caicedo,Chelsea,MID,5.7,76,2,4.2,8.0,3,1,1504,6,20,0,0,0,0,6,1,9,396.0,202.6,86.0,68.2,2.4,1,0.4,13.3,3144460,3053231,17291,16189,0.2,-0.2,0.0,0.0,0.94,1.01,1.95,23.48,17,52,65,101,218,13.05,,77,23,122,87,236,128,121,67,,,,,,,0.06,0.0,0.06,0.12,1.41,1.2,123,77,181,78,57,23,51,18,1.02,0.36
Iliman Ndiaye,Everton,MID,6.2,75,2,4.4,4.0,4,2,1433,6,20,0,0,0,0,2,0,3,351.6,260.2,307.0,92.0,0.4,0,0.1,12.1,1594206,2403143,27295,14110,-0.3,0.3,0.0,0.0,3.34,3.04,6.38,20.5,17,37,18,99,154,9.67,,99,32,85,63,51,30,60,40,,,,,1.0,,0.21,0.0,0.19,0.4,1.29,1.26,75,49,359,161,43,18,86,29,1.07,0.38
Mohammed Kudus,Spurs,MID,6.4,75,0,3.9,10.4,2,6,1535,7,20,0,0,0,0,3,0,7,333.4,413.8,302.0,104.7,0.8,2,0.1,11.7,3262956,5087657,47,30346,-0.1,0.1,0.0,0.0,1.92,2.41,4.33,22.74,19,29,9,95,133,7.8,Thigh injury - Expected back 11 Apr,111,37,27,26,52,31,38,28,2.0,,1.0,,,,0.11,0.0,0.14,0.25,1.33,1.17,60,39,315,143,85,38,42,16,1.11,0.41
Richarlison Richarlison,Spurs,FWD,6.3,75,0,3.6,6.0,7,3,1276,5,19,0,0,0,0,4,0,9,381.8,159.3,464.0,100.4,1.0,1,0.2,11.9,2945576,2961906,116,31117,-0.2,0.2,-0.1,0.1,4.8,1.22,6.02,17.99,13,15,46,37,98,6.91,Hamstring injury - Expected back 01 Mar,83,6,155,11,21,12,49,10,,,,,3.0,,0.34,0.0,0.09,0.43,1.27,1.34,65,21,299,36,119,10,66,12,0.92,0.35
Patrick Dorgu,Man Utd,DEF,4.4,74,8,3.4,9.4,3,3,1329,3,20,0,0,0,0,5,0,8,402.4,354.1,262.0,101.9,6.2,2,1.4,16.8,1755388,1302578,258280,153825,-0.1,0.1,0.1,-0.1,1.86,1.42,3.28,18.78,14,47,48,72,95,6.43,Hamstring injury - 50% chance of playing,73,33,43,4,69,3,45,4,,,,,,,0.13,0.0,0.1,0.23,1.27,1.35,559,118,9,4,128,50,46,15,0.95,0.2
Nick Pope,Newcastle,GKP,5.1,74,3,4.4,5.0,0,1,1516,7,19,0,0,0,53,1,0,3,414.6,0.0,0.0,41.5,3.8,1,0.7,14.5,1472921,1450943,3047,12264,0.1,-0.1,0.0,0.0,0.0,0.0,0.0,17.61,17,1,27,152,0,0.0,,67,14,779,91,773,88,239,14,,,,,,,0.0,3.15,0.0,0.0,1.05,1.13,225,6,71,7,38,2,76,13,1.01,0.42
Adrien Truffert,Bournemouth,DEF,4.5,74,3,3.2,1.7,0,1,2028,5,40,0,0,0,0,3,0,7,476.8,320.5,87.0,88.4,2.4,0,0.5,16.4,486542,375937,5854,6354,0.0,0.0,0.0,0.0,0.33,1.2,1.53,31.04,23,66,122,110,188,8.34,,40,17,53,8,232,63,67,13,,,,,,,0.01,0.0,0.05,0.06,1.38,1.78,445,90,170,61,148,61,143,56,1.02,0.22
Malo Gusto,Chelsea,DEF,4.9,74,1,3.7,2.0,2,2,1232,6,15,0,0,0,0,1,1,7,281.2,203.5,118.0,60.2,1.2,2,0.2,15.1,413212,402974,4952,10249,-0.1,0.1,0.0,0.0,1.23,0.83,2.06,22.24,13,31,45,77,76,5.55,,157,65,120,30,191,43,155,49,,,,,,,0.09,0.0,0.06,0.15,1.62,1.1,335,55,272,101,100,35,132,51,0.95,0.44
Martin Dúbravka,Burnley,GKP,4.0,73,5,3.2,32.9,0,0,2070,3,44,0,0,0,94,0,0,7,709.4,0.0,0.0,71.1,3.2,2,0.8,18.2,1534038,1212589,35448,27456,0.0,0.0,0.0,0.0,0.0,0.03,0.03,47.43,23,0,47,187,0,0.0,,3,1,538,48,502,33,112,1,,,,,,,0.0,4.09,0.0,0.0,2.06,1.91,651,41,106,10,145,14,7,2,1.0,0.13
Neco N.Williams,Nott'm Forest,DEF,4.7,73,8,3.2,3.2,1,1,2070,5,34,0,0,0,0,4,0,7,514.6,343.2,216.0,107.6,4.0,2,0.9,15.5,363828,1092180,8658,4405,-0.3,0.3,0.0,0.0,1.35,2.19,3.54,32.73,23,69,91,104,160,6.96,,31,14,45,5,90,9,36,2,4.0,,,,,,0.06,0.0,0.1,0.16,1.42,1.48,382,65,54,21,152,62,101,39,1.0,0.22
Jaidon Anthony,Burnley,MID,5.1,73,2,3.3,1.9,5,2,1431,3,29,0,0,0,0,3,0,5,342.6,271.8,308.0,92.2,2.4,2,0.5,14.3,1197231,1056158,2442,5453,-0.4,0.4,0.0,0.0,2.86,1.51,4.37,32.45,17,26,29,79,134,8.43,,103,34,81,59,50,29,59,39,2.0,,,,,,0.18,0.0,0.09,0.27,2.04,1.82,234,144,176,76,143,62,137,45,1.07,0.19
Ethan Ampadu,Leeds,MID,4.9,72,4,3.6,0.1,1,1,1769,4,31,0,0,0,0,7,0,5,363.4,206.1,80.0,65.2,3.6,1,0.7,14.7,30254,24050,841,816,-0.1,0.1,0.0,0.0,1.6,1.28,2.88,25.72,20,48,85,109,242,12.31,,95,30,118,84,244,132,131,71,,,,,,,0.08,0.0,0.07,0.15,1.31,1.58,299,185,84,37,112,51,408,137,1.02,0.2
Francisco Evanilson Evanilson,Bournemouth,FWD,7.0,72,8,3.4,2.6,5,3,1586,5,31,0,0,0,0,1,0,5,226.2,232.1,512.0,96.7,5.0,0,0.7,10.3,849880,807033,128476,14042,0.0,0.0,0.0,0.0,6.66,0.79,7.45,21.28,18,6,18,44,68,3.86,,197,15,100,4,14,8,55,11,,,,,,,0.38,0.0,0.04,0.42,1.21,1.76,40,16,30,6,137,11,114,18,1.02,0.28
Jérémy Doku,Man City,MID,6.4,72,1,3.6,2.9,1,7,1179,5,13,0,0,0,0,0,0,9,302.0,557.2,380.0,123.8,2.6,1,0.4,11.2,2119071,2005319,3108,18178,-0.1,0.1,0.0,0.0,1.81,4.25,6.06,15.61,13,15,10,54,79,6.03,Calf injury - 25% chance of playing,141,51,11,11,31,17,24,19,,,,,3.0,,0.14,0.0,0.32,0.46,1.19,0.99,58,37,166,72,120,55,108,33,0.99,0.38
Diogo Dalot,Man Utd,DEF,4.5,71,1,3.4,3.5,1,5,1584,4,28,0,0,0,0,3,0,5,317.2,278.8,113.0,70.9,2.2,2,0.5,15.8,700846,512399,17889,27740,0.0,0.0,0.0,0.0,1.23,1.53,2.76,22.55,18,29,77,75,106,6.02,,123,53,78,18,195,47,113,36,,,,,,,0.07,0.0,0.09,0.16,1.28,1.59,416,80,189,71,129,51,95,35,1.02,0.23
Bart Verbruggen,Brighton,GKP,4.5,71,1,3.1,5.9,0,0,2070,5,31,1,1,0,64,3,0,4,569.4,10.0,0.0,57.9,2.8,2,0.6,15.8,620203,730487,14871,18409,0.0,0.0,0.0,0.0,0.0,0.01,0.01,33.01,23,1,20,209,0,0.0,,14,3,406,7,663,75,163,3,,,,,,,0.0,2.78,0.0,0.0,1.44,1.35,440,25,142,14,167,16,67,11,1.0,0.22
Alex Scott,Bournemouth,MID,5.0,71,5,3.1,0.3,1,2,1588,5,31,0,0,0,0,2,0,3,287.8,211.8,144.0,63.9,3.4,0,0.7,14.2,77608,60781,6811,1131,0.0,0.0,0.0,0.0,1.47,1.19,2.66,25.71,20,31,76,95,202,11.45,,154,59,114,81,149,87,139,77,1.0,,,,,,0.08,0.0,0.07,0.15,1.46,1.76,273,166,97,43,172,73,317,105,1.13,0.28
John McGinn,Aston Villa,MID,5.4,71,0,3.2,0.8,3,2,1591,7,21,0,0,0,0,3,0,4,308.2,385.2,193.0,88.8,4.0,1,0.7,13.1,207878,202180,90,18830,-0.1,0.1,0.0,0.0,2.52,1.96,4.48,26.58,21,27,29,70,126,7.13,Knee injury - Expected back 21 Mar,130,45,37,35,105,63,64,42,4.0,,,,,,0.14,0.0,0.11,0.25,1.5,1.19,160,99,59,24,161,67,203,68,1.19,0.4
Raúl Raúl,Fulham,FWD,6.2,71,2,3.2,2.0,5,4,1485,5,18,0,0,0,0,4,0,5,296.6,240.3,494.0,102.7,3.2,0,0.5,11.5,503509,512214,5939,24286,-0.3,0.3,0.0,0.0,6.33,0.69,7.02,22.38,18,18,30,38,86,5.21,,146,12,96,3,18,10,41,9,,,1.0,,1.0,,0.38,0.0,0.04,0.42,1.36,1.09,72,24,120,12,163,14,129,20,1.09,0.3
Emiliano Buendía,Aston Villa,MID,5.3,71,11,3.4,0.4,5,2,936,3,9,0,0,0,0,2,0,8,300.8,227.6,226.0,75.5,3.6,3,0.7,13.4,174407,147096,12780,2023,-0.2,0.2,0.0,0.0,2.16,1.18,3.34,15.58,11,29,19,63,111,10.67,,143,52,103,76,80,51,97,55,,,6.0,,2.0,,0.21,0.0,0.11,0.32,1.5,0.87,190,117,87,38,135,59,264,89,1.06,0.29
Yehor Yarmoliuk,Brentford,MID,5.0,70,3,3.0,0.1,1,2,1734,5,28,0,0,0,0,5,0,0,291.8,195.3,108.0,59.5,4.2,0,0.8,14.0,21433,16014,898,573,0.0,0.0,0.0,0.0,1.19,1.08,2.27,26.47,21,47,47,125,219,11.37,,150,56,128,92,203,111,158,88,,,,,,,0.06,0.0,0.06,0.12,1.37,1.45,275,168,49,21,190,81,446,153,1.09,0.26
Bernd Leno,Fulham,GKP,4.9,70,3,3.0,1.6,0,0,2070,5,32,0,0,0,60,3,0,3,516.6,0.0,0.0,51.5,2.4,1,0.5,14.3,197656,210829,1032,5756,-0.1,0.1,0.0,0.0,0.0,0.0,0.0,31.97,23,2,30,188,0,0.0,,27,8,742,88,731,82,192,9,,,,,,,0.0,2.61,0.0,0.0,1.39,1.39,288,11,173,17,188,17,147,20,1.0,0.22
Harvey Barnes,Newcastle,MID,6.1,70,2,3.2,1.6,5,0,1122,4,14,0,0,0,0,0,0,8,277.8,256.9,441.0,97.4,4.6,2,0.8,11.5,672528,545188,7688,15932,-0.4,0.4,0.0,0.0,4.88,1.89,6.77,12.78,11,7,13,41,61,4.89,,160,62,87,64,24,12,54,36,,,,,,,0.39,0.0,0.15,0.54,1.03,1.12,80,53,42,16,162,68,146,48,0.88,0.32
Josh Cullen,Burnley,MID,5.0,70,0,3.9,1.0,2,2,1513,3,29,1,0,0,0,2,0,8,342.0,218.1,98.0,66.0,0.0,1,0.0,14.0,567986,520898,11,3973,0.0,0.0,0.0,0.0,0.94,1.36,2.3,32.5,18,32,68,73,173,10.29,Knee injury - Expected back 30 Sep,106,35,108,77,219,120,128,70,,,,,,,0.06,0.0,0.08,0.14,1.93,1.73,246,151,734,313,80,34,187,63,1.07,0.18
Ezri Konsa,Aston Villa,DEF,4.4,70,6,3.2,7.4,0,0,1955,7,24,0,0,0,0,0,1,3,396.6,73.8,79.0,55.3,3.4,0,0.8,15.9,522741,1890793,19431,11801,-0.1,0.1,0.0,0.0,0.38,0.41,0.79,32.01,22,14,116,67,130,5.98,,76,35,268,82,245,68,173,54,,,,,,,0.02,0.0,0.02,0.04,1.47,1.1,519,104,94,36,147,60,55,17,1.01,0.32
William Saliba,Arsenal,DEF,6.0,70,1,3.7,12.2,0,0,1534,8,12,0,0,0,0,0,0,4,301.2,109.8,32.0,44.3,3.8,0,0.6,11.7,1483666,1953451,26665,26987,0.0,0.0,0.0,0.0,0.38,0.55,0.93,11.66,18,20,82,71,102,5.98,Knock - 75% chance of playing,142,60,207,53,330,106,222,76,,,,,,,0.02,0.0,0.03,0.05,0.68,0.7,87,4,74,29,106,39,36,12,1.06,0.47
Mohamed M.Salah,Liverpool,MID,14.0,69,5,4.6,14.3,4,4,1273,4,24,0,0,0,0,1,0,5,308.4,485.7,501.0,129.5,1.0,0,0.1,4.9,1299536,5835569,11707,7342,-0.5,0.5,0.0,0.0,5.0,2.94,7.94,18.91,13,3,7,41,51,3.61,,129,44,17,16,17,8,19,15,,,4.0,,1.0,,0.35,0.0,0.21,0.56,1.34,1.7,2,1,302,139,31,15,25,11,0.92,0.28
Lucas L.Paquetá,West Ham,MID,5.9,69,0,3.8,1.4,4,2,1513,3,33,0,0,0,0,5,1,8,374.6,397.2,186.0,95.7,3.0,1,0.5,11.7,897071,933183,48,16573,-0.1,0.1,0.0,0.0,2.85,2.0,4.85,24.22,18,40,30,76,146,8.68,Back injury - Unknown return date,88,27,31,30,112,67,56,37,3.0,,2.0,,1.0,,0.17,0.0,0.12,0.29,1.44,1.96,98,63,136,60,92,42,157,54,1.07,0.18
Eberechi Eze,Arsenal,MID,7.3,68,0,3.8,8.2,4,3,1046,6,7,0,0,0,0,1,0,6,256.8,176.9,287.0,72.0,0.4,2,0.1,9.3,3228267,3590673,2504,26594,-0.2,0.2,0.0,0.0,2.54,1.67,4.21,6.4,12,12,14,42,68,5.85,,178,73,141,99,59,37,107,60,,,,,,,0.22,0.0,0.14,0.36,0.55,0.6,26,17,364,166,94,44,49,17,1.03,0.52
Lucas Digne,Aston Villa,DEF,4.5,68,3,3.1,1.6,0,4,1224,6,12,0,0,0,0,3,0,4,260.6,296.5,108.0,66.3,2.8,1,0.6,15.1,282772,320100,3001,3947,0.0,0.0,0.0,0.0,0.54,2.19,2.73,18.54,14,21,46,43,67,4.93,,176,72,66,13,202,51,125,39,2.0,,2.0,,,,0.04,0.0,0.16,0.2,1.36,0.88,405,73,141,53,166,69,149,58,1.03,0.44
Joe Rodon,Leeds,DEF,3.9,68,4,3.2,3.5,2,0,1830,3,36,0,0,0,0,1,0,5,444.4,60.8,156.0,66.2,2.2,1,0.6,17.4,988133,840135,14891,12882,-0.1,0.1,0.0,0.0,0.93,0.16,1.09,27.83,21,22,141,55,163,8.02,,52,24,292,95,134,23,126,40,,,,,,,0.05,0.0,0.01,0.06,1.37,1.77,740,212,185,68,144,58,96,36,1.03,0.15
Danny Welbeck,Brighton,FWD,6.2,68,2,3.1,4.1,8,0,1276,3,20,0,0,2,0,4,0,8,308.8,174.3,354.0,83.1,1.6,2,0.3,11.0,1921726,1991912,20045,18637,-0.3,0.3,0.0,0.0,7.76,0.7,8.46,19.81,14,12,18,27,57,4.02,,128,11,144,9,38,16,78,13,,,2.0,,2.0,,0.55,0.0,0.05,0.6,1.4,1.41,71,23,247,28,179,17,84,15,0.99,0.21
Pascal Struijk,Leeds,DEF,4.3,68,4,3.2,0.4,0,1,1808,4,32,0,0,0,0,3,0,3,438.2,105.9,182.0,72.6,5.6,0,1.3,15.8,72746,66874,5446,2443,-0.2,0.2,0.0,0.0,2.25,0.47,2.72,26.67,20,23,161,81,184,9.16,,54,26,212,55,113,18,103,31,,,,,3.0,,0.11,0.0,0.02,0.13,1.33,1.59,575,129,15,7,146,59,262,99,1.0,0.2
Keane Lewis-Potter,Brentford,DEF,4.9,67,1,3.2,2.1,2,1,921,6,15,0,0,0,0,1,0,3,172.8,150.7,152.0,47.6,2.8,1,0.6,13.7,402582,191862,1250,25360,-0.1,0.1,0.0,0.0,1.32,0.95,2.27,16.19,10,12,22,37,34,3.32,,246,101,163,41,136,24,208,68,,,,,,,0.13,0.0,0.09,0.22,1.58,1.47,320,53,145,56,155,64,124,47,0.98,0.59
Lesley Ugochukwu,Burnley,MID,5.0,67,2,3.0,0.1,3,1,1456,3,30,0,0,0,0,0,1,5,302.6,111.7,166.0,57.8,3.0,0,0.6,13.4,37155,30874,431,903,0.0,0.0,0.0,0.0,2.08,0.22,2.3,34.62,17,37,43,69,149,9.21,,140,50,204,132,123,72,166,91,,,,,,,0.13,0.0,0.01,0.14,2.14,1.85,274,167,130,57,189,80,433,146,1.05,0.19
Dan Burn,Newcastle,DEF,5.0,67,0,4.5,3.2,0,3,1255,6,17,0,0,0,0,3,1,5,270.2,72.4,60.0,40.3,0.0,1,0.0,13.4,1464654,1633172,1890,4384,0.0,0.0,0.0,0.0,0.12,0.3,0.42,12.38,15,19,102,46,121,8.68,,166,69,270,84,277,83,245,83,,,,,,,0.01,0.0,0.02,0.03,0.89,1.22,243,37,733,256,32,14,100,38,1.08,0.43
Trai Hume,Sunderland,DEF,4.5,66,0,2.9,0.3,0,1,1876,6,24,0,0,0,0,6,0,4,306.8,234.6,150.0,68.2,1.8,1,0.4,14.7,71760,61986,242,1563,0.0,0.0,0.0,0.0,1.14,0.92,2.06,30.82,21,44,88,64,132,6.33,,134,58,97,22,139,25,120,38,2.0,,,,,,0.05,0.0,0.04,0.09,1.48,1.15,439,88,219,83,196,77,293,111,1.01,0.29
Nikola Milenković,Nott'm Forest,DEF,5.1,66,8,2.9,3.2,0,0,2070,5,34,1,0,0,0,4,0,1,424.2,36.0,88.0,55.1,4.0,0,0.8,12.9,305419,1014949,7026,2949,-0.4,0.4,0.0,0.0,0.72,0.41,1.13,32.73,23,16,173,69,189,8.22,,61,28,342,119,231,62,174,55,,,,,,,0.03,0.0,0.02,0.05,1.42,1.48,231,32,56,23,200,79,102,40,1.0,0.22
Adam Wharton,Crystal Palace,MID,5.0,66,-1,3.1,0.7,0,3,1726,6,27,0,0,0,0,3,1,4,290.4,439.7,105.0,83.6,1.8,0,0.4,13.2,151771,144432,866,9206,0.0,0.0,0.0,0.0,0.96,4.72,5.67,27.69,21,51,47,108,206,10.74,Suspended until 08 Feb,152,57,23,22,211,117,77,47,3.0,,,,,,0.05,0.0,0.25,0.3,1.44,1.41,269,163,225,97,171,72,218,74,1.1,0.31
Mikel Merino,Arsenal,MID,5.5,66,7,3.1,1.4,4,3,996,4,9,0,0,0,0,1,0,5,304.4,187.0,237.0,72.6,2.2,1,0.4,12.0,829938,753596,4659,7541,-0.5,0.5,0.0,0.0,2.99,1.45,4.44,6.59,10,26,30,55,111,10.03,,136,46,135,96,75,48,104,58,,,,,,,0.27,0.0,0.13,0.4,0.6,0.81,140,87,196,84,173,74,156,53,0.9,0.36
Dango O.Dango,Brentford,MID,5.8,66,1,3.9,0.3,3,4,1127,3,16,0,0,0,0,3,0,6,200.6,134.8,354.0,68.4,0.4,2,0.1,11.4,453006,444302,622,1315,-0.2,0.2,0.0,0.0,4.5,1.07,5.57,14.83,12,13,45,50,108,8.62,,222,94,178,119,37,22,119,66,2.0,,,,,,0.36,0.0,0.09,0.45,1.18,1.28,112,70,355,158,82,36,299,100,0.96,0.24
Alisson A.Becker,Liverpool,GKP,5.4,65,1,3.6,6.0,0,0,1620,6,22,0,0,0,36,0,0,6,307.4,0.1,0.0,30.7,4.0,1,0.7,12.0,529441,1229555,3548,15223,-0.1,0.1,0.0,0.0,0.0,0.02,0.02,19.45,18,0,26,155,0,0.0,,132,20,472,15,777,90,291,20,,,,,,,0.0,2.0,0.0,0.0,1.08,1.22,159,4,58,4,117,12,65,10,1.0,0.33
Michael Kayode,Brentford,DEF,4.5,65,1,2.8,0.7,0,1,1998,5,31,0,0,0,0,5,0,6,386.6,339.9,71.0,79.9,2.8,0,0.6,14.4,159848,105055,765,4877,0.0,0.0,0.0,0.0,0.19,2.21,2.4,30.38,23,45,98,103,143,6.44,,81,36,47,6,257,74,85,19,,,,,,,0.01,0.0,0.1,0.11,1.37,1.4,491,95,143,54,213,83,219,83,1.04,0.23
Kenny Tete,Fulham,DEF,4.5,65,0,4.1,0.3,1,0,1346,5,18,0,0,0,0,2,0,5,322.4,137.2,79.0,53.9,0.2,1,0.0,14.4,154612,142942,14,2628,0.0,0.0,0.0,0.0,0.38,0.92,1.3,19.78,16,51,75,56,126,8.42,Lack of match fitness - 75% chance of playing,116,50,175,43,246,69,181,59,,,,,,,0.03,0.0,0.06,0.09,1.32,1.2,409,75,379,140,59,26,311,115,1.07,0.33
Vitalii Mykolenko,Everton,DEF,4.9,64,2,3.2,0.8,0,0,1795,7,25,0,0,0,0,4,0,1,319.2,217.1,57.0,59.3,3.6,0,0.7,13.1,130097,134019,2143,4145,-0.1,0.1,0.0,0.0,0.28,1.35,1.63,28.35,20,27,113,66,140,7.02,,121,51,109,28,284,87,159,51,,,,,,,0.01,0.0,0.07,0.08,1.42,1.25,313,51,86,33,154,63,206,79,1.0,0.35
Rodrigo Bentancur,Spurs,MID,5.3,64,0,3.2,0.2,1,1,1407,5,21,0,0,0,0,5,0,3,268.6,159.7,85.0,51.6,2.0,1,0.4,12.1,56807,63137,9,940,-0.2,0.2,0.0,0.0,0.45,0.68,1.13,20.56,17,37,69,101,207,13.24,Hamstring injury - Unknown return date,168,66,154,106,238,129,190,101,,,,,,,0.03,0.0,0.04,0.07,1.32,1.34,191,118,206,89,159,66,376,127,1.09,0.32
Murillo Murillo,Nott'm Forest,DEF,5.2,62,8,3.6,1.9,1,0,1459,4,22,1,0,0,0,3,0,3,401.4,77.2,67.0,54.7,4.4,1,0.8,11.9,203407,732043,8943,4157,-0.3,0.3,0.0,0.0,0.48,0.42,0.9,22.7,17,26,137,68,163,10.05,,74,34,260,78,266,76,176,56,,,3.0,,,,0.03,0.0,0.03,0.06,1.4,1.36,223,30,43,17,115,43,134,53,1.05,0.25
Georginio Georginio,Brighton,MID,5.6,62,1,3.0,0.5,2,4,1362,6,15,1,0,0,0,2,0,2,239.2,251.3,334.0,82.4,2.6,0,0.5,11.1,125949,229590,907,3611,-0.4,0.4,0.0,0.0,1.91,2.03,3.94,18.16,16,20,30,44,94,6.21,,188,79,89,66,44,26,82,50,,,,,,,0.13,0.0,0.13,0.26,1.2,0.99,132,81,160,67,191,82,258,87,1.06,0.4
Boubacar Kamara,Aston Villa,MID,4.9,61,0,3.4,0.3,1,3,1410,5,15,0,0,0,0,5,0,7,325.0,241.3,75.0,64.2,1.4,0,0.3,12.4,111202,105533,35,3862,-0.1,0.1,0.0,0.0,0.53,0.84,1.36,20.8,17,38,46,65,149,9.51,Knee injury - Expected back 01 Jun,113,38,95,72,252,137,138,76,,,,,,,0.03,0.0,0.05,0.08,1.33,0.96,314,194,255,108,133,58,320,106,1.09,0.32
Amad Amad,Man Utd,MID,6.2,61,2,3.6,1.5,2,4,1380,3,20,0,0,0,0,1,0,6,295.8,396.1,332.0,102.5,1.0,0,0.2,9.8,312916,484763,25714,6522,-0.3,0.3,0.0,0.0,3.81,2.81,6.62,17.09,16,24,30,66,120,7.83,,147,54,32,31,45,27,42,31,,,,,,,0.25,0.0,0.18,0.43,1.11,1.3,78,51,298,137,118,54,154,51,1.04,0.2
Ryan Sessegnon,Fulham,MID,5.4,61,1,3.8,0.2,2,2,1218,4,21,0,0,0,0,0,0,5,266.8,123.2,137.0,52.4,1.0,1,0.2,11.3,141511,134443,231,731,-0.1,0.1,0.0,0.0,0.92,1.29,2.21,17.36,14,27,67,46,140,10.34,,172,68,191,127,159,92,187,98,,,,,,,0.07,0.0,0.1,0.17,1.28,1.55,164,102,295,134,90,40,398,135,1.03,0.3
Florentino Ibrain Florentino,Burnley,MID,5.0,61,4,3.2,0.0,0,2,1470,2,31,0,0,0,0,3,0,0,303.0,160.4,42.0,50.8,3.8,0,0.8,12.2,12997,10495,270,320,0.0,0.0,0.0,0.0,0.55,0.35,0.9,34.19,17,70,72,78,220,13.47,,139,49,153,105,309,160,195,103,,,,,,,0.03,0.0,0.02,0.05,2.09,1.9,252,154,70,29,157,65,595,227,1.04,0.12
Mikkel Damsgaard,Brentford,MID,5.7,61,1,3.0,0.5,1,3,1272,2,22,0,0,0,0,0,0,3,298.4,454.8,172.0,92.6,2.0,0,0.4,10.7,97844,159993,250,2967,-0.3,0.3,0.0,0.0,1.13,3.63,4.76,19.46,15,35,27,80,142,10.05,Knee injury - 75% chance of playing,145,53,21,20,121,71,58,38,1.0,,3.0,,,,0.08,0.0,0.26,0.34,1.38,1.56,120,75,209,92,192,83,252,85,1.06,0.14
Đorđe Petrović,Bournemouth,GKP,4.5,60,1,2.6,4.3,0,0,2070,5,43,1,0,0,65,2,0,1,477.6,0.0,0.0,48.0,1.2,0,0.3,13.3,796438,671750,7424,12461,0.0,0.0,0.0,0.0,0.0,0.0,0.0,33.34,23,0,45,182,0,0.0,,39,11,679,86,657,74,207,11,,,,,,,0.0,2.83,0.0,0.0,1.45,1.87,431,24,267,21,242,22,81,14,1.0,0.22
Matz Sels,Nott'm Forest,GKP,4.6,60,6,3.2,5.6,0,0,1632,4,26,0,0,0,54,1,0,3,416.2,10.0,0.0,42.6,4.0,0,0.9,13.0,380127,1909729,11848,5387,-0.4,0.4,0.0,0.0,0.0,0.06,0.06,26.6,18,1,21,124,0,0.0,,65,13,407,8,718,76,233,13,,,,,,,0.0,2.98,0.0,0.0,1.47,1.43,392,18,52,3,150,15,73,12,0.99,0.22
Callum Wilson,West Ham,FWD,5.8,59,1,3.1,0.7,5,2,824,1,16,0,0,0,0,0,0,7,211.2,70.5,312.0,58.5,2.8,1,0.5,10.2,195076,190277,2227,4055,-0.2,0.2,0.0,0.0,4.45,0.15,4.6,15.04,8,2,6,19,27,2.95,,212,18,273,28,49,19,161,19,,,,,,,0.49,0.0,0.02,0.51,1.64,1.75,104,30,147,16,176,16,222,35,0.87,0.11
Callum Hudson-Odoi,Nott'm Forest,MID,5.7,59,3,2.8,0.8,3,1,1294,3,19,0,0,0,0,0,0,6,245.2,380.9,206.0,83.0,2.0,1,0.4,10.4,252990,313047,2053,2732,-0.3,0.3,0.0,0.0,1.84,1.62,3.46,21.05,13,12,17,47,76,5.29,,183,77,39,37,95,58,81,49,,,,,,,0.13,0.0,0.11,0.24,1.46,1.32,117,73,208,91,219,96,207,69,0.9,0.21
Ferdi F.Kadıoğlu,Brighton,DEF,4.4,59,1,2.7,0.4,0,1,1780,5,26,0,0,0,0,4,0,4,293.2,284.7,144.0,72.5,3.6,0,0.8,13.4,66730,48967,2481,2210,-0.1,0.1,0.0,0.0,1.35,2.09,3.44,28.56,19,37,60,81,97,4.9,,149,62,75,16,148,28,105,32,2.0,,,,,,0.07,0.0,0.11,0.18,1.44,1.31,523,107,81,31,225,87,284,108,0.96,0.25
Jordan Henderson,Brentford,MID,5.0,59,1,2.8,0.4,1,3,1358,4,21,0,0,0,0,4,0,5,266.2,271.3,41.0,57.8,1.0,0,0.2,11.8,94272,92326,441,1832,0.0,0.0,0.0,0.0,0.33,2.02,2.35,18.52,15,19,38,68,125,8.28,,174,70,82,60,312,162,165,90,,,,,,,0.02,0.0,0.13,0.15,1.23,1.39,242,149,291,130,214,93,283,94,0.99,0.27
Thierno Barry,Everton,FWD,5.7,59,9,2.6,1.0,5,0,1269,7,17,0,0,0,0,2,0,5,211.4,119.8,339.0,65.6,6.2,0,1.1,10.4,174405,139022,32274,7243,-0.3,0.3,0.0,0.0,3.8,0.19,3.99,19.84,15,2,23,19,44,3.12,,211,17,196,18,43,18,129,16,,,,,,,0.27,0.0,0.01,0.28,1.41,1.21,124,33,11,2,251,25,183,28,1.06,0.5
Mats Wieffer,Brighton,MID,4.9,58,0,3.6,0.1,0,4,1179,3,17,0,0,0,0,4,0,3,303.4,229.5,131.0,66.5,0.0,0,0.0,11.8,79400,73534,16,1117,-0.1,0.1,0.0,0.0,1.2,1.47,2.67,16.4,13,47,70,67,184,14.05,Toe Injury - Unknown return date,138,48,101,75,170,99,123,69,,,,,,,0.09,0.0,0.11,0.2,1.25,1.3,333,206,725,307,113,52,409,138,0.99,0.23
Alex Iwobi,Fulham,MID,6.3,58,2,3.4,0.7,2,2,1416,3,25,0,0,0,0,2,0,5,272.2,376.3,150.0,80.0,0.4,1,0.1,9.2,283172,389062,1442,1216,-0.2,0.2,0.0,0.0,0.79,2.1,2.89,21.95,17,18,20,67,105,6.67,,165,64,40,38,141,82,84,52,5.0,,,,,,0.05,0.0,0.13,0.18,1.4,1.59,64,43,361,163,136,60,210,71,1.08,0.19
Lewis L.Miley,Newcastle,MID,4.5,58,2,3.1,3.5,1,3,1133,2,16,0,0,0,0,0,0,4,275.0,214.3,132.0,62.1,3.6,1,0.8,12.9,613197,468720,9529,20760,0.0,0.0,0.0,0.0,1.36,2.0,3.36,13.65,11,24,42,57,123,9.77,,163,63,111,79,168,98,147,81,,,,,,,0.11,0.0,0.16,0.27,1.08,1.27,459,279,82,36,168,69,94,30,0.87,0.16
Yéremy Yeremy,Crystal Palace,MID,5.8,58,1,2.8,0.2,2,1,1462,6,19,0,0,0,0,3,0,3,247.2,478.3,301.0,102.4,3.4,1,0.6,10.0,119883,95368,1522,2109,-0.2,0.2,0.0,0.0,3.58,4.52,8.1,20.82,18,27,22,69,118,7.26,,182,76,19,18,54,33,43,32,1.0,,1.0,,,,0.22,0.0,0.28,0.5,1.28,1.17,111,69,102,46,220,97,348,117,1.11,0.37
João Victor Gomes,Wolves,MID,5.3,57,3,2.6,0.1,0,0,1754,2,34,0,0,0,0,7,0,1,280.0,250.4,108.0,64.3,3.0,0,0.6,10.8,14283,19435,696,316,-0.2,0.2,0.0,0.0,0.77,1.12,1.89,25.0,20,61,62,120,243,12.47,,158,61,90,67,205,112,137,75,,,,,,,0.04,0.0,0.06,0.1,1.28,1.74,199,124,134,58,248,105,480,168,1.03,0.1
Junior Kroupi.Jr,Bournemouth,FWD,4.6,57,1,3.2,5.1,7,0,705,3,16,0,0,0,0,3,0,6,277.0,99.8,274.0,65.1,3.0,0,0.7,12.4,1319008,843393,88462,29698,0.1,-0.1,0.0,0.0,3.64,0.23,3.87,11.31,9,5,22,24,51,6.51,,161,13,222,24,63,22,132,17,,,,,,,0.46,0.0,0.03,0.49,1.44,2.04,401,64,126,13,151,13,75,13,1.15,0.38
Sander Berge,Fulham,MID,4.9,57,1,2.5,0.1,0,2,1901,5,30,1,0,0,0,4,0,3,319.6,247.6,46.0,61.5,3.2,1,0.7,11.6,9725,10652,201,326,-0.1,0.1,0.0,0.0,0.64,0.89,1.53,29.46,22,37,64,86,187,8.85,,120,42,92,69,299,156,149,82,,,,,,,0.03,0.0,0.04,0.07,1.39,1.42,304,188,113,50,261,110,510,182,1.04,0.24
Joelinton Cássio Joelinton,Newcastle,MID,5.9,56,0,2.9,0.4,2,0,1364,5,18,0,0,0,0,6,0,2,254.6,209.3,269.0,73.4,4.8,0,0.8,9.5,70631,85762,1083,5340,-0.1,0.1,0.0,0.0,1.75,0.97,2.72,17.25,17,30,55,86,171,11.28,Groin Injury - Unknown return date,179,74,115,82,66,42,101,57,,,,,,,0.12,0.0,0.06,0.18,1.14,1.19,95,60,34,14,202,86,270,92,1.12,0.33
Benjamin Šeško,Man Utd,FWD,7.2,56,1,3.1,3.3,4,2,1047,1,21,0,0,0,0,1,0,8,227.4,125.2,486.0,83.1,3.6,2,0.5,7.8,655582,1313356,7405,15297,-0.3,0.3,0.0,0.0,4.95,0.2,5.15,15.72,11,5,17,22,44,3.78,,194,14,189,16,19,11,79,14,,,,,,,0.43,0.0,0.02,0.45,1.35,1.81,33,13,91,9,181,19,97,17,0.95,0.09
Sandro Tonali,Newcastle,MID,5.3,56,4,2.4,1.0,0,1,1576,7,18,0,0,0,0,3,0,1,262.8,305.7,141.0,71.2,2.4,0,0.5,10.6,177219,289872,2071,2295,-0.2,0.2,0.0,0.0,1.31,1.56,2.87,17.99,20,24,48,99,171,9.77,,175,71,59,48,154,89,111,61,1.0,,1.0,,,,0.07,0.0,0.09,0.16,1.03,1.03,197,122,178,77,273,116,182,61,1.14,0.4
Viktor Gyökeres,Arsenal,FWD,8.7,56,1,2.7,9.3,5,0,1377,9,7,0,0,0,0,3,0,4,199.8,139.3,440.0,77.1,1.6,1,0.2,6.4,2649260,4564637,9893,12438,-0.3,0.3,0.0,0.0,6.4,0.9,7.3,9.69,17,4,14,31,49,3.2,,224,20,172,14,25,13,92,15,,,,,2.0,,0.42,0.0,0.06,0.48,0.63,0.46,9,5,249,30,233,22,47,9,1.11,0.59
Brian Brobbey,Sunderland,FWD,5.5,56,7,3.1,1.3,5,1,871,3,12,0,0,0,0,1,0,8,215.0,59.6,218.0,48.4,5.6,1,1.0,10.2,219028,67146,51677,8650,0.0,0.0,0.0,0.0,2.24,0.2,2.44,16.24,9,5,8,24,37,3.82,,207,16,298,30,88,26,204,22,,,,,,,0.23,0.0,0.02,0.25,1.68,1.24,147,36,17,3,174,15,165,26,0.93,0.31
Crysencio Summerville,West Ham,MID,5.5,56,8,3.1,0.3,2,3,1317,1,26,0,0,0,0,3,0,4,202.0,232.9,286.0,72.1,5.0,1,0.9,10.2,65613,33301,14610,2789,0.0,0.0,0.0,0.0,2.33,0.98,3.31,20.44,16,22,29,58,109,7.45,,221,93,98,73,60,38,106,59,2.0,,,,,,0.16,0.0,0.07,0.23,1.4,1.78,148,93,29,12,175,75,308,103,1.09,0.07
Diego Gomez,Brighton,MID,4.9,56,2,2.7,0.2,3,0,1413,4,22,0,0,0,0,5,0,5,285.6,243.2,301.0,83.0,2.2,1,0.4,11.4,74471,61697,694,1334,-0.1,0.1,0.0,0.0,4.45,1.18,5.63,21.84,17,51,30,64,145,9.24,,156,60,94,71,53,32,80,48,,,3.0,,,,0.28,0.0,0.08,0.36,1.39,1.4,339,209,192,81,228,100,367,123,1.08,0.25
Ibrahim Sangaré,Nott'm Forest,MID,4.9,55,5,3.7,0.1,2,2,1044,5,13,0,0,0,0,2,0,2,267.8,82.7,81.0,43.2,1.6,1,0.3,11.2,8024,10841,397,104,-0.1,0.1,0.0,0.0,0.9,1.12,2.02,16.71,13,30,53,47,130,11.21,,170,67,252,151,243,131,230,113,,,,,,,0.08,0.0,0.1,0.18,1.44,1.12,307,190,240,103,99,48,558,204,1.12,0.43
Igor Jesus Igor Jesus,Nott'm Forest,FWD,5.8,55,9,2.5,1.0,2,2,1285,5,23,0,0,0,0,0,0,6,160.0,111.7,383.0,63.1,3.4,0,0.6,9.5,316016,300461,15379,5972,-0.2,0.2,0.0,0.0,3.56,0.84,4.4,21.43,15,16,19,31,66,4.62,,260,24,205,22,29,14,143,18,,,,,3.0,,0.25,0.0,0.06,0.31,1.5,1.61,110,32,101,10,265,27,179,27,1.05,0.35
Calvin Bassey,Fulham,DEF,4.4,55,0,3.4,0.4,1,0,1358,3,25,0,0,0,0,3,0,6,335.2,74.1,54.0,46.5,0.0,0,0.0,12.5,95725,115894,1079,1045,-0.1,0.1,0.0,0.0,0.91,0.18,1.09,20.78,15,31,89,66,120,7.95,,110,49,265,81,289,89,213,71,,,,,,,0.06,0.0,0.01,0.07,1.38,1.66,526,110,595,244,127,49,282,107,0.99,0.2
Anthony Gordon,Newcastle,MID,7.3,55,2,3.1,4.2,2,3,1127,6,18,0,0,0,0,2,1,4,200.2,313.9,284.0,79.4,2.6,1,0.4,7.5,1413383,1144424,4284,95774,-0.2,0.2,-0.1,0.1,4.82,2.99,7.81,12.32,16,12,11,36,59,4.71,,223,95,58,47,61,39,88,53,,,,,2.0,,0.38,0.0,0.24,0.62,0.98,1.44,27,18,167,73,182,77,83,28,1.28,0.48
Vitaly Janelt,Brentford,MID,4.9,55,2,3.1,0.3,0,4,938,4,11,0,0,0,0,4,0,3,249.6,268.2,68.0,58.3,5.2,1,1.1,11.2,54129,15540,1610,3650,-0.1,0.1,0.0,0.0,0.57,1.77,2.34,14.0,9,21,48,58,127,12.19,,180,75,83,61,262,142,162,89,5.0,,,,,,0.05,0.0,0.17,0.22,1.34,1.06,302,187,24,9,169,70,300,101,0.86,0.38
Gabriel Gudmundsson,Leeds,DEF,3.8,55,0,2.5,3.9,0,0,1830,4,33,1,0,0,0,2,0,8,339.6,303.2,120.0,76.4,3.2,0,0.8,14.5,853262,708707,4450,31579,-0.2,0.2,0.0,0.0,0.98,1.89,2.86,27.22,21,48,83,85,131,6.44,Muscle injury - 25% chance of playing,108,48,61,11,186,40,94,25,,,,,,,0.05,0.0,0.09,0.14,1.34,1.62,781,237,105,38,252,98,88,30,1.03,0.2
Donyell Malen,Aston Villa,MID,5.1,55,0,2.6,0.5,4,2,640,1,10,0,0,0,0,0,0,3,183.4,99.7,290.0,56.3,1.2,1,0.2,10.8,172896,328258,0,3429,-0.4,0.4,0.0,0.0,4.03,0.35,4.38,10.59,5,4,2,10,16,2.25,has joined Roma on loan for the rest of the season.,242,102,223,137,56,34,170,94,,,,,,,0.57,0.0,0.05,0.62,1.49,1.41,229,141,273,118,247,104,253,86,0.7,0.14
Nico N.Gonzalez,Man City,MID,5.9,55,0,2.9,0.1,1,0,1331,7,13,0,0,0,0,4,0,1,269.0,183.5,64.0,51.6,1.0,0,0.2,9.3,26686,29420,22,421,-0.1,0.1,0.0,0.0,0.56,0.91,1.47,15.72,15,33,63,76,172,11.63,,167,65,136,97,271,144,191,102,,,,,,,0.04,0.0,0.06,0.1,1.06,0.88,99,64,297,136,203,87,468,160,1.01,0.47
Djed Spence,Spurs,DEF,4.3,55,1,2.8,1.1,0,0,1506,7,21,0,0,0,0,3,0,1,216.2,171.0,147.0,53.3,2.0,0,0.5,12.8,292756,330221,956,4087,-0.2,0.2,0.0,0.0,0.82,1.37,2.19,23.6,17,27,51,87,78,4.66,,206,84,147,37,142,26,182,60,,,,,,,0.05,0.0,0.08,0.13,1.41,1.25,578,130,202,74,210,80,176,68,1.02,0.42
Bernardo Bernardo,Man City,MID,6.2,54,6,2.3,0.5,0,3,1662,8,17,0,0,0,0,5,0,0,226.2,368.2,105.0,69.8,2.8,0,0.5,8.7,71683,117923,765,1230,-0.3,0.3,0.0,0.0,0.69,1.83,2.52,21.41,19,23,38,83,144,7.8,,196,84,42,39,212,118,115,63,5.0,,,,,,0.04,0.0,0.1,0.14,1.16,0.92,73,47,148,61,288,125,251,84,1.03,0.43
Ismaïla Sarr,Crystal Palace,MID,6.3,54,2,4.2,2.0,3,1,1099,6,12,0,0,0,0,1,0,6,212.0,178.6,239.0,63.1,0.4,1,0.1,8.6,2236092,2602568,6766,2848,-0.2,0.2,0.0,0.0,4.47,0.58,5.04,16.52,13,11,27,40,78,6.39,,210,88,139,98,74,47,144,78,,,,,,,0.37,0.0,0.05,0.42,1.35,0.98,68,46,362,164,58,24,128,44,1.06,0.49
Emile Smith Rowe,Fulham,MID,5.6,54,2,2.3,0.6,3,1,1046,3,14,0,0,0,0,1,0,1,207.6,213.9,226.0,64.8,2.6,0,0.5,9.6,151156,190632,1009,3978,-0.4,0.4,0.0,0.0,2.98,0.67,3.65,17.88,11,14,27,44,85,7.31,,218,91,113,80,81,52,134,73,,,,,,,0.26,0.0,0.06,0.32,1.54,1.2,131,80,159,66,287,124,226,78,0.95,0.26
Lewis Dunk,Brighton,DEF,4.5,53,3,2.4,0.9,0,1,1935,4,30,0,0,0,0,8,0,0,430.2,90.6,115.0,63.8,3.2,0,0.7,11.8,133078,179690,2180,1607,0.0,0.0,0.0,0.0,0.91,0.42,1.33,30.77,21,23,137,93,160,7.44,,58,27,235,67,192,44,141,45,,,1.0,,,,0.04,0.0,0.02,0.06,1.43,1.4,404,72,108,40,268,106,190,73,0.98,0.19
Luke Shaw,Man Utd,DEF,4.5,53,1,2.3,0.6,0,1,1998,4,31,0,0,0,0,4,0,0,342.2,218.4,35.0,59.6,2.2,0,0.5,11.8,131416,100592,5327,3031,0.0,0.0,0.0,0.0,0.08,1.23,1.31,26.57,23,48,81,65,129,5.81,,104,46,107,27,321,103,157,50,,,,,,,0.0,0.0,0.06,0.06,1.2,1.4,406,74,188,70,279,109,233,88,1.04,0.18
Milos Kerkez,Liverpool,DEF,5.6,53,0,2.4,2.9,1,0,1535,4,24,0,0,0,0,4,0,4,314.6,330.0,110.0,75.6,2.4,0,0.4,9.5,301991,768662,1916,6635,-0.4,0.4,0.0,0.0,0.95,0.58,1.53,19.29,19,34,72,58,106,6.21,,125,54,50,7,199,50,96,27,,,,,,,0.06,0.0,0.03,0.09,1.13,1.41,134,16,180,66,274,107,107,43,1.11,0.23
Jayden Bogle,Leeds,DEF,4.4,53,2,2.5,0.2,0,2,1750,4,31,0,0,0,0,4,0,0,224.8,165.9,122.0,51.4,1.8,0,0.4,12.0,27090,34503,381,386,-0.1,0.1,0.0,0.0,1.15,1.06,2.21,23.65,20,40,66,95,106,5.45,,198,79,150,38,182,38,193,61,,,,,,,0.06,0.0,0.05,0.11,1.22,1.59,522,106,215,79,258,102,402,147,1.03,0.21
Noah Okafor,Leeds,MID,5.5,53,1,2.6,0.1,2,2,1105,3,21,0,0,0,0,2,0,3,180.8,193.8,274.0,64.9,1.6,0,0.3,9.6,57935,49912,294,651,0.0,0.0,0.0,0.0,2.82,0.9,3.72,16.8,14,17,20,41,78,6.35,,243,103,132,94,64,40,133,72,,,,,,,0.23,0.0,0.07,0.3,1.37,1.71,146,92,245,106,249,106,464,158,1.14,0.24
Martin Ødegaard,Arsenal,MID,7.8,53,4,3.1,2.3,1,4,983,4,10,0,0,0,0,0,0,5,221.0,394.1,134.0,74.8,4.0,1,0.5,6.8,365741,536471,5600,13013,-0.2,0.2,0.0,0.0,0.97,2.61,3.58,11.35,13,16,13,46,75,6.87,,201,85,33,32,166,96,99,56,4.0,,,,3.0,,0.09,0.0,0.24,0.33,1.04,0.92,17,12,62,25,183,78,119,40,1.19,0.37
Sepp Van den Berg,Brentford,DEF,4.5,53,1,2.9,0.7,0,0,1583,3,26,0,0,0,0,1,0,0,363.8,33.4,180.0,57.8,0.2,0,0.0,11.8,206216,180188,271,4785,0.0,0.0,0.0,0.0,1.92,0.21,2.13,22.9,17,12,150,63,162,9.21,,94,41,346,121,114,19,164,53,,,,,,,0.11,0.0,0.01,0.12,1.3,1.48,428,85,380,141,195,76,212,81,0.97,0.17
Youri Tielemans,Aston Villa,MID,5.9,52,3,3.1,1.0,0,4,1295,4,17,0,0,0,0,0,0,3,317.2,401.3,147.0,86.6,3.4,0,0.6,8.8,157945,298843,2585,10204,-0.1,0.1,0.0,0.0,0.97,2.53,3.5,23.03,15,38,33,67,138,9.59,Ankle injury - Expected back 11 Apr,124,43,30,29,145,84,71,45,3.0,,,,,,0.07,0.0,0.18,0.25,1.6,1.18,94,59,103,47,178,76,184,62,1.04,0.28
Lewis Hall,Newcastle,DEF,5.3,52,1,3.2,3.1,0,2,1120,3,18,0,0,0,0,1,0,4,299.4,214.0,96.0,60.9,4.8,1,0.9,9.8,526120,377818,11424,29946,-0.2,0.2,0.0,0.0,0.58,1.7,2.28,15.69,12,31,67,67,98,7.88,,144,61,112,29,221,57,151,48,4.0,,,,,,0.05,0.0,0.14,0.19,1.26,1.45,201,26,31,12,160,66,105,42,0.96,0.24
Chemsdine Talbi,Sunderland,MID,4.9,52,1,3.1,0.1,2,2,926,5,8,0,0,0,0,0,0,5,133.2,144.6,124.0,39.7,0.2,0,0.0,10.6,56192,67994,168,168,-0.1,0.1,0.0,0.0,1.2,0.52,1.71,13.77,9,7,12,36,55,5.35,,288,130,167,113,178,104,251,123,,,,,,,0.12,0.0,0.05,0.17,1.34,0.78,342,212,401,187,170,71,418,141,0.87,0.49
Estêvão Estêvão,Chelsea,MID,6.4,52,13,2.9,2.4,2,5,675,3,8,0,0,0,0,3,0,4,172.4,202.2,274.0,64.7,3.8,1,0.6,8.1,752046,722063,70551,6585,-0.1,0.1,0.0,0.0,2.76,2.1,4.86,8.12,9,9,5,30,44,5.87,,247,104,124,89,65,41,135,74,4.0,,,,3.0,,0.37,0.0,0.28,0.65,1.08,1.07,62,41,75,31,206,90,116,38,1.2,0.4
Jacob J.Murphy,Newcastle,MID,5.9,51,0,2.8,0.6,2,1,1005,6,9,0,0,0,0,0,0,2,209.2,299.6,266.0,77.3,1.0,0,0.2,8.6,154401,338000,59,2726,-0.6,0.6,0.0,0.0,2.75,2.32,5.07,11.71,12,7,10,26,43,3.85,,215,90,63,51,67,43,90,54,,,,,,,0.25,0.0,0.21,0.46,1.05,0.81,92,58,296,135,221,98,230,80,1.07,0.54
Wilson Isidor,Sunderland,FWD,5.2,51,1,2.5,1.6,4,0,985,4,13,0,0,0,0,1,0,7,161.4,22.2,351.0,53.3,0.4,1,0.1,9.8,944603,822087,3167,6646,-0.3,0.3,0.0,0.0,3.5,0.06,3.56,15.74,11,8,14,17,39,3.56,,259,23,372,46,40,17,183,20,,,,,,,0.32,0.0,0.01,0.33,1.44,1.19,214,48,353,42,264,26,148,23,1.01,0.37
Amadou Onana,Aston Villa,MID,4.8,51,5,3.4,0.6,2,0,974,4,11,0,0,0,0,2,0,3,258.8,73.9,69.0,40.2,1.2,0,0.3,10.6,136770,261491,2101,959,-0.2,0.2,0.0,0.0,0.43,0.22,0.65,16.14,12,30,59,41,130,12.01,,177,72,267,160,260,140,247,122,,,,,,,0.04,0.0,0.02,0.06,1.49,1.02,367,229,268,115,130,57,231,81,1.11,0.37
Fabian Schär,Newcastle,DEF,5.3,51,0,3.2,1.4,0,0,1089,4,13,0,0,0,0,1,0,0,291.2,63.6,108.0,46.4,3.0,0,0.6,9.6,296528,463896,44,8770,-0.2,0.2,0.0,0.0,0.97,0.6,1.57,13.85,11,14,101,42,115,9.5,Ankle injury - Expected back 18 Apr,151,63,284,91,204,52,214,72,,,3.0,,4.0,,0.08,0.0,0.05,0.13,1.14,1.07,185,23,133,49,158,65,159,60,0.91,0.33
Xavi Xavi,Spurs,MID,6.5,50,4,2.9,1.2,1,3,1100,3,21,0,0,0,0,2,1,3,192.2,264.0,144.0,60.1,2.2,1,0.3,7.7,774184,691596,1982,8583,-0.5,0.5,0.0,0.0,1.6,2.28,3.88,17.79,12,24,14,61,99,8.1,,234,97,84,62,150,88,156,87,5.0,,,,,,0.13,0.0,0.19,0.32,1.46,1.72,54,35,198,85,207,91,173,60,0.98,0.25
Idrissa Gana Gana,Everton,MID,5.4,50,6,3.6,0.1,2,1,1141,3,14,0,0,0,0,0,1,4,227.6,146.3,125.0,49.9,1.2,0,0.2,9.3,20027,26385,669,163,-0.1,0.1,0.0,0.0,1.17,0.78,1.95,17.33,14,31,29,63,123,9.7,,193,83,164,110,176,102,200,106,,,,,,,0.09,0.0,0.06,0.15,1.37,1.1,157,98,275,120,116,53,499,177,1.1,0.24
Hugo H.Bueno,Wolves,DEF,4.3,50,1,2.5,0.1,0,2,1338,3,23,0,0,0,0,1,0,4,309.2,375.3,110.0,79.7,5.0,1,1.2,11.6,23532,20896,2235,729,-0.2,0.2,0.0,0.0,0.42,1.71,2.13,18.63,14,35,64,66,99,6.66,,127,56,41,3,197,49,86,20,2.0,,,,,,0.03,0.0,0.12,0.15,1.25,1.55,589,137,26,10,256,100,438,162,0.94,0.2
André André,Wolves,MID,5.3,50,1,2.3,0.1,0,0,1603,1,32,0,0,0,0,7,0,1,235.0,193.9,15.0,44.4,1.0,0,0.2,9.4,11330,15408,147,146,-0.2,0.2,0.0,0.0,0.17,0.66,0.83,26.83,17,46,58,117,221,12.41,,190,80,131,93,370,187,221,110,,,,,,,0.01,0.0,0.04,0.05,1.51,1.8,204,126,294,133,284,122,524,187,0.95,0.06
Tyler Adams,Bournemouth,MID,4.9,50,0,3.3,0.3,2,1,1196,4,23,0,0,0,0,5,0,3,266.2,74.0,105.0,44.7,0.0,0,0.0,10.2,76792,90926,30,404,-0.1,0.1,0.0,0.0,0.56,0.32,0.88,17.78,15,35,50,61,146,10.99,Knee injury - Expected back 21 Feb,173,69,266,159,210,116,220,109,,,,,,,0.04,0.0,0.02,0.06,1.34,1.73,300,186,712,298,141,61,331,112,1.13,0.3
Maxime Estève,Burnley,DEF,3.9,50,3,2.5,8.2,0,0,1699,2,40,2,0,0,0,0,0,0,408.2,68.4,64.0,54.3,1.6,0,0.4,12.8,707493,1837498,7000,17813,-0.1,0.1,0.0,0.0,0.41,0.46,0.87,41.4,20,23,166,60,189,10.01,,70,31,275,86,269,78,180,58,,,,,,,0.02,0.0,0.02,0.04,2.19,2.12,753,220,234,88,253,99,50,16,1.06,0.11
Maxim De Cuyper,Brighton,DEF,4.3,50,1,2.6,2.0,2,0,977,3,17,0,0,0,0,2,0,6,199.4,299.0,118.0,61.7,0.6,1,0.1,11.6,243954,675100,940,8367,-0.2,0.2,0.0,0.0,1.34,1.98,3.32,18.77,12,16,28,46,44,4.05,,225,90,64,12,190,42,148,47,3.0,,6.0,,,,0.12,0.0,0.18,0.3,1.73,1.57,582,134,319,117,240,95,133,52,1.11,0.28
Saša Lukić,Fulham,MID,4.9,50,0,2.6,0.1,1,3,1208,4,17,0,0,0,0,6,0,3,232.0,338.7,119.0,68.9,2.2,0,0.4,10.2,14529,18140,4,205,-0.1,0.1,0.0,0.0,1.74,1.35,3.09,18.45,15,35,43,49,127,9.46,Hamstring injury - Expected back 22 Feb,191,81,48,41,188,107,118,65,1.0,,,,,,0.13,0.0,0.1,0.23,1.37,1.27,308,191,191,80,244,103,543,195,1.12,0.3
Santiago S.Bueno,Wolves,DEF,4.4,50,1,3.6,0.1,2,1,1204,2,23,0,0,0,0,2,0,2,307.2,60.9,113.0,48.0,3.0,1,0.7,11.4,17714,17236,624,260,-0.1,0.1,0.0,0.0,1.55,0.5,2.05,16.95,13,32,76,28,108,8.07,,133,57,291,94,194,46,206,67,,,,,,,0.12,0.0,0.04,0.16,1.27,1.72,524,108,125,47,109,41,500,179,0.97,0.15
Kyle Walker,Burnley,DEF,4.4,49,4,2.2,1.1,0,2,1966,3,41,0,0,0,0,7,0,3,342.0,135.1,22.0,50.1,1.4,1,0.3,11.1,136727,244851,1532,1752,-0.1,0.1,0.0,0.0,0.12,0.89,1.01,44.86,22,34,107,102,141,6.45,,105,47,176,44,352,119,198,63,,,,,,,0.01,0.0,0.04,0.05,2.05,1.88,512,98,252,96,295,113,174,66,1.01,0.14
Lukas Nmecha,Leeds,FWD,5.0,49,0,2.6,0.6,5,0,602,2,14,0,0,1,0,0,0,6,196.2,44.9,283.0,52.5,2.2,0,0.4,9.8,186360,197824,1675,1749,0.0,0.0,0.0,0.0,4.89,0.35,5.24,12.4,6,5,11,16,32,4.78,Hamstring injury - Expected back 06 Feb,228,21,326,37,62,21,185,21,,,,,1.0,,0.73,0.0,0.05,0.78,1.85,2.09,248,52,193,23,246,24,244,39,0.9,0.3
Senne Lammens,Man Utd,GKP,5.0,49,2,2.9,1.8,0,0,1530,3,23,0,0,0,37,0,0,4,320.6,0.0,2.0,32.3,2.8,1,0.6,9.8,399469,240446,15148,8654,0.0,0.0,0.0,0.0,0.0,0.0,0.0,19.25,17,1,13,118,0,0.0,,118,18,766,90,433,1,282,17,,,,,,,0.0,2.18,0.0,0.0,1.13,1.35,261,9,146,15,199,18,139,18,1.0,0.18
Omari Hutchinson,Nott'm Forest,MID,5.4,49,1,2.7,0.1,1,4,907,2,15,0,0,0,0,0,0,3,189.6,295.5,218.0,70.0,1.4,0,0.3,9.1,30844,21712,196,1052,-0.1,0.1,0.0,0.0,1.58,2.46,4.04,14.67,8,14,9,53,76,7.54,,238,100,67,53,87,54,114,62,,,,,,,0.16,0.0,0.24,0.4,1.46,1.49,178,110,258,110,230,101,462,157,0.79,0.2
Alphonse Areola,West Ham,GKP,4.3,49,2,2.6,2.2,0,1,1710,0,34,0,0,0,74,0,0,2,551.6,10.0,0.0,56.0,2.2,0,0.5,11.4,154981,404281,3278,4188,-0.2,0.2,0.0,0.0,0.0,0.0,0.0,32.6,19,0,26,134,0,0.0,,17,5,404,6,583,65,172,6,,,,,,,0.0,3.89,0.0,0.0,1.72,1.79,564,27,187,18,239,21,122,16,1.0,0.0
Tino Livramento,Newcastle,DEF,4.9,49,0,3.8,2.0,0,1,1048,5,10,0,0,0,0,1,0,3,190.8,178.1,36.0,40.5,0.4,0,0.1,10.0,1089439,1357463,29,4894,-0.1,0.1,0.0,0.0,0.12,0.57,0.69,11.0,11,19,39,68,58,4.98,Hamstring injury - Unknown return date,237,97,140,34,320,102,244,82,,,,,,,0.01,0.0,0.05,0.06,0.94,0.86,327,54,351,130,88,33,130,49,0.94,0.43
Tim Iroegbunam,Everton,MID,4.8,49,0,2.9,0.0,0,3,923,7,9,0,0,0,0,7,0,1,162.8,79.4,46.0,28.7,3.2,0,0.7,10.2,4973,5669,10,282,-0.2,0.2,0.0,0.0,0.35,0.58,0.93,15.01,11,43,27,54,124,12.09,Knock - Unknown return date,257,111,256,155,298,155,296,143,,,,,,,0.03,0.0,0.06,0.09,1.46,0.88,368,230,112,49,197,84,611,236,1.07,0.68
Kristoffer Ajer,Brentford,DEF,4.4,48,1,2.8,0.2,0,2,1097,3,18,0,0,0,0,1,0,1,244.4,30.0,122.0,39.8,4.0,0,0.9,10.9,23369,25567,249,1167,-0.1,0.1,0.0,0.0,0.64,0.57,1.21,16.9,13,24,95,32,119,9.76,Ankle injury - 75% chance of playing,185,75,353,124,181,37,250,86,,,,,,,0.05,0.0,0.05,0.1,1.39,1.48,517,102,51,19,211,81,374,136,1.07,0.25
Tomáš Souček,West Ham,MID,5.7,47,2,2.4,0.2,2,2,896,1,24,0,0,0,0,1,1,4,242.8,92.1,229.0,56.4,2.6,1,0.5,8.2,28612,102459,316,574,-0.3,0.3,0.0,0.0,2.72,0.33,3.05,18.7,9,18,60,27,105,10.55,,187,78,231,142,79,50,169,93,,,,,,,0.27,0.0,0.03,0.3,1.88,2.41,118,74,161,68,275,117,341,114,0.9,0.1
Pau Pau,Aston Villa,DEF,4.3,47,6,3.4,0.3,0,1,1116,4,12,1,0,0,0,0,0,2,226.2,29.8,42.0,30.0,1.6,0,0.4,10.9,63713,89636,1560,535,-0.2,0.2,0.0,0.0,0.43,0.27,0.7,16.74,12,17,67,60,84,6.77,,195,78,354,125,308,99,292,97,,,,,,,0.03,0.0,0.02,0.05,1.35,0.97,579,131,235,89,125,47,313,117,0.97,0.32
Quilindschy Hartman,Burnley,DEF,4.0,46,0,3.1,0.7,0,5,1337,2,28,0,0,0,0,1,0,0,305.4,228.9,57.0,59.2,0.0,0,0.0,11.5,180223,159783,484,3420,0.0,0.0,0.0,0.0,0.19,1.51,1.7,30.28,15,31,73,49,104,7.0,,135,59,102,23,283,86,160,52,1.0,,,,,,0.01,0.0,0.1,0.11,2.04,1.88,684,175,505,199,164,67,208,80,1.01,0.13
Ladislav Krejčí,Wolves,DEF,4.5,46,1,2.6,0.1,2,1,1570,2,32,1,0,0,0,2,0,0,379.2,112.4,198.0,69.1,4.6,0,1.0,10.2,19560,14067,811,392,0.0,0.0,0.0,0.0,1.97,1.27,3.24,23.59,18,18,103,48,121,6.94,,86,39,203,51,99,13,117,37,,,,,,,0.11,0.0,0.07,0.18,1.35,1.83,423,84,39,15,241,96,520,187,1.03,0.11
Mason Mount,Man Utd,MID,5.9,46,0,2.7,0.4,3,0,812,3,14,0,0,0,0,0,0,3,162.4,198.5,158.0,51.9,0.4,0,0.1,7.8,182680,185652,675,2761,-0.1,0.1,0.0,0.0,1.54,1.4,2.94,10.3,10,14,7,41,62,6.87,,258,112,127,91,133,78,188,99,3.0,,,,,,0.17,0.0,0.16,0.33,1.14,1.55,96,61,356,159,232,102,276,93,1.11,0.33
Alexis Mac Allister,Liverpool,MID,6.2,46,1,2.1,1.2,0,2,1456,5,21,0,0,0,0,3,0,0,220.2,283.4,178.0,68.2,1.4,0,0.2,7.4,159780,261075,1132,3297,-0.3,0.3,0.0,0.0,2.05,1.07,3.12,17.3,18,24,37,61,122,7.54,,202,86,76,58,117,68,122,68,,,,,4.0,,0.13,0.0,0.07,0.2,1.07,1.3,74,48,262,113,313,138,171,59,1.11,0.31
Mathias Jensen,Brentford,MID,4.9,45,2,2.1,0.1,2,0,944,4,13,0,0,0,0,1,0,0,183.8,254.6,107.0,54.4,2.2,0,0.4,9.2,12942,15569,152,265,-0.1,0.1,0.0,0.0,1.28,2.79,4.07,14.28,11,19,21,46,86,8.2,,241,101,88,65,207,113,179,96,3.0,,,,5.0,,0.12,0.0,0.27,0.39,1.36,1.24,305,189,190,79,309,136,507,179,1.05,0.38
Daichi Kamada,Crystal Palace,MID,5.0,45,0,3.2,0.1,0,2,1166,6,11,0,0,0,0,1,0,0,141.0,164.6,110.0,41.6,0.0,0,0.0,9.0,42824,42135,8,164,0.0,0.0,0.0,0.0,0.9,1.54,2.44,14.31,14,39,23,64,126,9.73,Hamstring injury - Expected back 21 Feb,277,123,152,104,198,108,236,116,2.0,,,,,,0.07,0.0,0.12,0.19,1.1,0.85,251,153,736,314,156,64,522,186,1.08,0.46
El Hadji Malick Diouf,West Ham,DEF,4.0,45,1,2.6,1.3,0,4,1407,2,30,0,0,0,0,3,0,1,279.8,158.4,64.0,50.3,0.2,0,0.0,11.2,224970,868201,3672,2375,-0.5,0.5,0.0,0.0,0.39,0.82,1.21,24.12,15,21,94,54,115,7.36,,159,66,157,39,270,79,197,62,,,,,,,0.02,0.0,0.05,0.07,1.54,1.92,716,200,367,135,237,93,162,61,0.96,0.13
Mathys Tel,Spurs,MID,6.2,45,1,2.8,0.2,3,1,534,1,9,0,0,0,0,0,0,5,141.8,104.9,160.0,40.9,3.2,1,0.5,7.3,38074,35298,270,3743,-0.3,0.3,0.0,0.0,1.1,0.53,1.62,6.58,6,10,5,30,45,7.58,,276,122,215,136,132,77,241,119,4.0,,,,4.0,,0.19,0.0,0.09,0.28,1.11,1.52,79,52,121,54,222,99,371,125,1.01,0.17
Bafodé Diakité,Bournemouth,DEF,4.2,45,0,2.6,0.3,0,0,1274,4,27,0,0,0,0,1,0,2,267.0,54.3,22.0,34.4,0.4,1,0.1,10.7,95455,90328,420,777,-0.3,0.3,-0.1,0.1,0.02,0.19,0.21,22.29,15,20,97,48,117,8.27,,171,71,308,102,350,117,273,91,,,,,,,0.0,0.0,0.01,0.01,1.57,1.91,629,148,335,122,238,94,312,116,1.06,0.28
Cole Palmer,Chelsea,MID,10.4,45,0,3.8,11.6,4,1,753,2,10,0,0,0,0,2,0,1,197.6,117.5,219.0,53.3,3.8,0,0.4,4.3,1529938,6848788,22884,88844,-0.1,0.1,0.0,0.0,3.54,0.38,3.92,14.63,10,11,13,39,63,7.53,,226,96,199,130,86,53,184,97,,,1.0,,1.0,,0.42,0.0,0.05,0.47,1.75,1.2,3,2,79,35,97,47,37,13,1.2,0.24
Noah Sadiki,Sunderland,MID,4.9,45,3,2.5,0.1,0,1,1594,5,21,0,0,0,0,5,0,0,191.8,166.9,46.0,40.6,1.6,0,0.3,9.2,9048,10612,269,159,-0.1,0.1,0.0,0.0,0.3,0.78,1.08,22.22,18,27,57,58,142,8.02,,235,98,149,103,301,158,242,120,,,,,,,0.02,0.0,0.04,0.06,1.25,1.19,344,214,241,104,262,111,568,210,1.02,0.28
Jhon J.Arias,Wolves,MID,4.9,44,1,2.0,0.2,1,0,1107,2,20,0,0,0,0,1,0,2,170.0,203.7,146.0,51.8,3.2,0,0.7,9.0,19145,78190,233,331,-0.6,0.6,0.0,0.0,3.38,0.61,3.99,15.15,14,42,24,57,123,10.0,,251,107,119,85,147,86,189,100,1.0,,1.0,,,,0.27,0.0,0.05,0.32,1.23,1.63,317,196,114,51,321,141,404,136,1.14,0.16
Sven Botman,Newcastle,DEF,4.9,44,3,3.4,0.4,0,1,880,4,13,1,0,0,0,1,0,4,244.6,47.6,73.0,36.5,2.4,0,0.5,9.0,69252,95652,667,492,-0.1,0.1,0.0,0.0,0.3,0.27,0.57,10.93,10,8,79,53,87,8.9,,184,74,320,107,255,72,263,89,,,,,,,0.03,0.0,0.03,0.06,1.12,1.33,312,50,174,62,132,53,287,110,1.02,0.41
Hjalmar Ekdal,Burnley,DEF,3.9,44,0,2.9,0.9,0,0,1179,2,24,0,0,0,0,0,0,2,273.8,43.1,78.0,39.5,1.0,0,0.3,11.3,245272,189651,214,2673,-0.1,0.1,0.0,0.0,0.21,0.24,0.45,22.73,13,19,113,31,132,10.08,,164,68,329,112,247,70,252,87,,,,,,,0.02,0.0,0.02,0.04,1.74,1.83,754,221,283,103,194,75,194,74,0.99,0.15
Wilson Odobert,Spurs,MID,5.3,43,8,2.0,0.1,0,2,885,2,13,0,0,0,0,0,0,6,149.4,249.8,210.0,60.9,3.4,0,0.6,8.1,13569,8990,1227,1038,-0.2,0.2,0.0,0.0,1.56,1.15,2.71,11.4,8,10,13,46,69,7.02,,268,117,91,68,92,56,152,84,,,,,,,0.16,0.0,0.12,0.28,1.16,1.32,206,128,99,45,323,143,483,170,0.81,0.2
Lucas Estella Perri,Leeds,GKP,4.5,43,0,2.7,0.3,0,0,1440,3,29,0,0,0,38,2,0,3,322.4,0.0,0.0,32.2,2.6,0,0.6,9.6,37795,54420,620,860,0.0,0.0,0.0,0.0,0.0,0.0,0.0,26.68,16,0,16,100,0,0.0,,117,17,667,84,643,72,284,18,,,,,,,0.0,2.38,0.0,0.0,1.67,1.81,413,22,154,16,227,19,332,44,1.0,0.19
Matthijs De Ligt,Man Utd,DEF,4.9,43,0,3.3,1.9,1,0,1170,1,20,0,0,0,0,0,0,5,276.6,60.2,122.0,45.7,0.0,0,0.0,8.8,419223,534595,67,2959,-0.1,0.1,0.0,0.0,1.38,0.83,2.21,18.73,13,19,88,40,107,8.23,Back injury - Expected back 10 Feb,162,67,296,98,183,39,217,74,,,,,,,0.11,0.0,0.06,0.17,1.44,1.54,306,49,714,254,142,57,135,54,1.0,0.08
David Brooks,Bournemouth,MID,5.0,43,0,2.3,0.2,1,2,932,4,17,0,0,0,0,6,0,4,191.6,297.7,379.0,85.4,3.2,1,0.6,8.6,70085,74768,24,1186,0.0,0.0,0.0,0.0,4.41,2.79,7.2,13.34,11,15,14,43,72,6.95,Ankle injury - Unknown return date,236,99,65,52,32,18,72,46,5.0,,3.0,,,,0.43,0.0,0.27,0.7,1.29,1.64,245,150,115,52,282,120,380,130,1.06,0.39
Tanaka Tanaka,Leeds,MID,4.8,43,1,2.1,0.2,2,0,737,2,16,0,0,0,0,1,0,2,140.0,127.1,78.0,34.5,1.0,0,0.2,9.0,50072,52609,284,1424,-0.2,0.2,0.0,0.0,0.83,0.61,1.44,13.29,7,17,20,46,83,10.14,,280,124,187,125,248,133,272,134,,,,,,,0.1,0.0,0.07,0.17,1.62,1.95,365,227,289,128,308,135,344,116,0.85,0.24
Jaka Bijol,Leeds,DEF,3.9,43,0,3.6,0.5,1,2,982,1,18,0,0,0,0,1,0,2,268.4,37.7,129.0,43.5,2.8,0,0.7,11.0,98216,64010,63,5817,-0.1,0.1,0.0,0.0,0.48,0.5,0.98,16.9,11,14,86,38,100,9.16,Hamstring injury - Expected back 10 Feb,169,70,339,117,173,36,225,77,,,,,,,0.04,0.0,0.05,0.09,1.55,1.65,745,215,139,51,108,40,255,96,1.01,0.09
Wesley Fofana,Chelsea,DEF,4.4,42,1,3.5,0.4,0,0,806,4,9,0,0,0,0,2,0,3,247.6,15.3,22.0,28.5,0.8,0,0.2,9.5,88016,75808,994,3405,-0.1,0.1,0.0,0.0,0.25,0.07,0.32,13.31,9,13,102,44,115,12.84,,181,73,385,140,353,120,298,100,,,,,,,0.03,0.0,0.01,0.04,1.49,1.0,533,115,308,111,121,44,273,101,1.0,0.45
Pape Matar P.M.Sarr,Spurs,MID,4.5,42,0,3.0,0.8,2,2,703,3,7,0,0,0,0,0,0,0,154.6,84.7,94.0,33.4,0.0,0,0.0,9.3,329286,555377,1167,1021,-0.5,0.5,0.0,0.0,1.04,0.45,1.49,12.7,7,12,29,41,82,10.5,,265,115,246,150,222,122,277,137,,,,,,,0.13,0.0,0.06,0.19,1.63,0.9,438,263,640,242,186,79,202,67,0.9,0.38
Dan Ndoye,Nott'm Forest,MID,5.5,42,0,2.6,0.7,1,2,1011,2,16,0,0,0,0,1,0,4,144.6,153.0,136.0,43.5,0.2,0,0.0,7.6,543123,569923,218,519,-0.5,0.5,0.0,0.0,0.78,1.22,2.0,14.08,14,18,20,44,82,7.3,,274,120,161,108,161,93,227,112,,,,,,,0.07,0.0,0.11,0.18,1.25,1.42,149,94,406,191,250,107,213,72,1.25,0.18
Harry Maguire,Man Utd,DEF,4.3,42,3,4.2,0.8,1,1,521,3,6,0,0,0,0,0,0,3,124.0,17.1,47.0,18.9,1.8,1,0.4,9.8,116661,127757,34235,3734,-0.2,0.2,0.0,0.0,0.47,0.02,0.49,8.34,6,3,38,20,41,7.08,,295,112,383,139,296,94,352,122,,,,,,,0.08,0.0,0.0,0.08,1.44,1.04,565,120,212,76,54,24,205,78,1.04,0.52
Josh Laurent,Burnley,MID,4.8,42,0,2.1,0.0,1,0,1079,1,27,0,0,0,0,4,0,1,216.4,81.6,68.0,36.7,3.2,0,0.7,8.8,5289,5149,104,222,-0.2,0.2,0.0,0.0,0.43,0.24,0.67,25.22,11,29,59,36,124,10.34,,204,87,254,153,261,141,262,128,,,,,,,0.04,0.0,0.02,0.06,2.1,2.25,352,221,110,48,307,134,594,226,0.92,0.08
Lyle Foster,Burnley,FWD,4.9,42,5,2.6,0.8,3,1,917,3,20,0,0,0,0,3,0,4,171.8,107.7,161.0,43.6,1.2,0,0.2,8.6,436257,427133,2610,1298,-0.1,0.1,0.0,0.0,2.25,0.25,2.5,20.13,11,10,18,26,54,5.3,,249,22,210,23,130,33,224,26,,,,,,,0.22,0.0,0.02,0.24,1.98,1.96,324,59,270,33,245,23,204,33,1.08,0.29
Conor Bradley,Liverpool,DEF,5.0,42,0,2.8,0.2,0,2,928,4,13,0,0,0,0,5,0,2,157.4,105.2,62.0,32.3,4.0,0,0.8,8.4,62518,68638,40,1118,0.0,0.0,0.0,0.0,0.18,0.84,1.02,10.77,12,19,46,43,65,6.3,Knee injury - Expected back 01 Jun,261,104,214,56,274,80,283,94,,,,,,,0.02,0.0,0.08,0.1,1.04,1.26,268,43,55,22,215,84,388,141,1.16,0.39
Zian Flemming,Burnley,FWD,5.3,42,0,2.8,0.3,5,0,660,2,10,0,0,0,0,3,0,3,209.0,58.6,207.0,46.8,0.0,1,0.0,7.9,142219,136337,97,1687,-0.2,0.2,0.0,0.0,3.15,0.16,3.31,13.86,8,6,15,10,31,4.23,Lack of match fitness - 75% chance of playing,216,19,300,32,93,27,211,24,,,,,1.0,,0.43,0.0,0.02,0.45,1.89,1.36,196,46,765,78,217,21,327,54,1.09,0.27
Brennan Johnson,Crystal Palace,MID,6.5,41,2,2.0,2.5,2,0,928,4,11,0,0,0,0,4,0,2,155.4,127.2,162.0,44.3,1.4,0,0.2,6.3,1130034,1289000,1753,4385,-0.5,0.5,0.0,0.0,1.57,0.42,1.99,16.59,10,16,20,28,64,6.21,,264,114,186,124,128,75,223,111,,,,,,,0.15,0.0,0.04,0.19,1.61,1.07,51,33,263,114,327,147,115,37,0.97,0.39
Samuel Chukwueze,Fulham,MID,5.3,41,6,4.1,0.1,3,4,424,0,10,0,0,0,0,0,0,1,205.6,151.6,147.0,50.5,1.2,1,0.2,7.7,92993,84488,2393,548,-0.2,0.2,0.0,0.0,1.26,2.17,3.43,6.35,3,2,7,24,33,7.0,,219,92,162,109,144,83,196,104,,,,,,,0.27,0.0,0.46,0.73,1.35,2.12,193,120,274,119,61,26,479,167,0.64,0.0
Sean Longstaff,Leeds,MID,4.8,41,1,3.2,0.2,1,2,882,1,15,0,0,0,0,1,0,4,228.2,341.1,58.0,62.7,0.2,1,0.0,8.5,175667,178130,152,378,-0.2,0.2,0.0,0.0,0.8,1.29,2.09,11.28,10,35,23,36,94,9.59,,192,82,46,40,280,148,145,79,1.0,,2.0,,,,0.08,0.0,0.13,0.21,1.15,1.53,353,222,391,180,153,63,343,115,1.02,0.1
Hwang Hee Chan,Wolves,MID,5.6,41,2,2.3,0.1,2,1,1033,2,18,0,0,0,0,3,0,0,120.6,128.0,138.0,38.0,3.8,0,0.7,7.3,39978,45934,1646,812,-0.4,0.4,0.0,0.0,2.07,0.9,2.97,14.41,13,8,19,33,60,5.23,,298,133,184,122,158,91,258,126,,,,,3.0,,0.18,0.0,0.08,0.26,1.26,1.57,130,79,73,30,286,123,421,142,1.13,0.17
Álex A.Jimenez,Bournemouth,DEF,4.5,40,7,2.1,0.1,1,2,1327,2,30,0,0,0,0,5,0,0,236.8,119.4,136.0,49.2,2.6,0,0.6,8.9,23854,11349,8495,1431,0.0,0.0,0.0,0.0,0.9,0.75,1.65,24.3,15,33,48,65,81,5.49,,189,77,198,50,160,32,202,65,,,,,,,0.06,0.0,0.05,0.11,1.65,2.03,463,92,155,58,305,117,427,158,1.02,0.14
Alejandro Garnacho,Chelsea,MID,6.4,40,0,2.9,0.6,1,3,815,4,10,0,0,0,0,1,0,2,136.2,232.1,265.0,62.4,1.0,1,0.2,6.2,227409,204336,2329,4246,-0.1,0.1,0.0,0.0,2.49,2.51,5.0,15.3,11,7,6,30,43,4.75,,284,127,99,74,68,44,146,80,,,,,,,0.27,0.0,0.28,0.55,1.69,1.1,61,40,300,138,205,89,242,82,1.21,0.44
Justin Kluivert,Bournemouth,MID,7.0,40,0,2.2,0.7,2,0,914,4,18,0,0,0,0,4,0,3,146.6,304.1,128.0,57.8,2.2,0,0.3,5.7,189858,243772,67,1903,0.0,0.0,0.0,0.0,2.24,1.54,3.78,16.78,10,10,8,44,62,6.11,Knee injury - Expected back 09 May,272,119,60,49,175,101,167,92,4.0,,2.0,,1.0,,0.22,0.0,0.15,0.37,1.65,1.77,39,24,199,86,302,132,221,75,0.98,0.39
Konstantinos Mavropanos,West Ham,DEF,4.4,40,2,2.5,0.1,0,0,1271,1,24,1,0,0,0,2,0,0,313.8,11.5,135.0,46.0,2.0,0,0.5,9.1,12866,13262,226,462,-0.1,0.1,0.0,0.0,1.01,0.32,1.33,20.68,13,17,134,55,151,10.69,,126,55,396,146,163,33,216,73,,,,,,,0.07,0.0,0.02,0.09,1.46,1.7,527,111,203,75,259,103,517,186,0.92,0.07
Curtis C.Jones,Liverpool,MID,5.4,40,1,2.0,0.1,0,2,1081,2,20,0,0,0,0,1,0,1,209.6,291.0,106.0,60.5,2.2,0,0.4,7.4,26885,29143,297,978,-0.1,0.1,0.0,0.0,1.05,2.16,3.21,16.65,10,20,20,77,117,9.74,Illness - 75% chance of playing,214,89,70,56,208,114,154,86,,,,,,,0.09,0.0,0.18,0.27,1.39,1.67,168,104,194,82,324,144,430,145,0.83,0.17
Lucas Bergvall,Spurs,MID,5.2,39,0,2.3,0.2,1,2,799,3,13,0,0,0,0,2,0,0,137.4,81.4,133.0,35.3,0.6,1,0.1,7.5,102266,109182,8,599,-0.3,0.3,0.0,0.0,0.96,0.39,1.35,10.21,10,20,14,34,68,7.66,Ankle injury - Unknown return date,282,125,255,154,167,97,267,131,,,,,,,0.11,0.0,0.04,0.15,1.15,1.46,222,138,326,149,283,121,375,126,1.13,0.34
Nicolò Savona,Nott'm Forest,DEF,4.5,39,0,2.8,0.1,2,0,1025,3,18,0,0,0,0,2,0,0,216.6,123.2,94.0,43.5,0.2,1,0.0,8.7,46593,36828,71,852,0.0,0.0,0.0,0.0,1.34,0.45,1.79,15.04,11,20,37,27,57,5.0,,203,82,190,48,223,58,226,78,,,,,,,0.12,0.0,0.04,0.16,1.32,1.58,448,91,382,143,212,82,458,169,0.97,0.26
Mateus Mané,Wolves,FWD,4.5,38,2,3.2,1.5,2,2,626,2,10,0,0,0,0,0,0,6,147.0,121.0,120.0,38.7,5.4,1,1.2,8.4,241190,58517,55990,15534,0.0,0.0,0.0,0.0,0.73,0.75,1.48,8.32,6,10,10,20,40,5.75,,271,25,193,17,187,41,256,29,,,,,,,0.1,0.0,0.11,0.21,1.2,1.44,503,73,21,5,149,12,151,24,0.86,0.29
Reinildo Reinildo,Sunderland,DEF,3.8,38,-1,2.7,2.8,0,1,1157,3,16,0,0,0,0,5,1,3,208.4,50.2,25.0,28.5,0.2,1,0.1,10.0,517907,969027,13804,6932,-0.2,0.2,0.0,0.0,0.1,0.16,0.26,15.91,14,27,75,53,102,7.93,,217,88,312,104,340,112,297,99,,,,,,,0.01,0.0,0.01,0.02,1.24,1.24,783,239,365,133,223,85,110,45,1.09,0.23
Amine Adli,Bournemouth,MID,5.4,38,10,2.0,0.1,2,1,597,1,12,0,0,0,0,1,0,1,166.4,96.3,160.0,41.6,3.6,0,0.7,7.0,18597,9073,9574,1040,-0.1,0.1,0.0,0.0,1.38,0.49,1.87,9.72,5,24,19,35,78,11.76,,253,108,226,138,131,76,237,117,,,6.0,,,,0.21,0.0,0.07,0.28,1.47,1.81,177,109,89,40,325,145,444,152,0.75,0.15
Mitoma Mitoma,Brighton,MID,6.1,38,2,2.9,2.1,2,1,923,2,12,0,0,0,0,2,0,2,172.0,243.8,195.0,60.7,3.2,0,0.5,6.2,250039,798791,6008,5520,-0.4,0.4,0.0,0.0,1.64,1.5,3.14,13.67,10,7,12,28,47,4.58,,248,105,93,70,104,62,153,85,,,,,,,0.16,0.0,0.15,0.31,1.33,1.17,82,54,119,53,204,88,125,43,0.98,0.2
Norberto Bercique Beto,Everton,FWD,5.0,38,1,1.7,2.4,2,0,831,2,12,0,0,0,0,1,0,1,125.8,53.6,291.0,45.5,1.8,0,0.4,7.6,425348,1086629,2993,4663,-0.5,0.5,0.0,0.0,4.46,0.14,4.6,14.97,8,9,23,15,47,5.09,,294,28,309,33,55,20,218,25,,,,,2.0,,0.48,0.0,0.02,0.5,1.62,1.3,265,54,224,25,364,40,118,19,0.87,0.22
Marshall Munetsi,Wolves,MID,5.3,38,0,2.9,0.0,1,2,872,0,19,0,0,0,0,2,0,1,163.6,61.8,196.0,42.1,0.0,0,0.0,7.2,19177,22793,0,68,-0.2,0.2,0.0,0.0,1.64,0.38,2.02,13.36,9,21,39,20,80,8.26,has joined Paris FC on loan for the rest of the season.,256,110,287,166,102,61,235,115,,,,,,,0.17,0.0,0.04,0.21,1.38,1.96,198,123,766,337,201,85,614,238,0.93,0.0
Jørgen Strand Larsen,Wolves,FWD,6.1,38,1,1.8,0.9,1,1,1379,3,25,0,0,1,0,2,0,0,126.2,113.0,249.0,48.2,1.4,0,0.2,6.2,191761,612001,1456,1104,-0.4,0.4,0.0,0.0,2.86,0.44,3.3,21.12,14,6,31,15,52,3.39,,292,27,202,21,71,23,205,23,,,,,2.0,,0.19,0.0,0.03,0.22,1.38,1.63,81,26,261,32,360,39,192,32,0.91,0.2
Kieran Trippier,Newcastle,DEF,4.9,37,1,3.4,1.3,0,0,879,5,12,0,0,0,0,1,0,2,145.2,285.4,5.0,43.4,1.4,0,0.3,7.6,232054,364812,1052,806,-0.1,0.1,0.0,0.0,0.05,1.45,1.5,8.96,10,12,26,44,38,3.89,,273,108,73,14,409,153,228,79,2.0,,2.0,,,,0.01,0.0,0.15,0.16,0.92,1.23,287,45,254,97,131,52,164,62,1.02,0.51
Rico Henry,Brentford,DEF,4.3,37,2,1.9,0.2,0,1,859,3,14,0,0,0,0,2,0,0,90.0,38.6,24.0,15.2,3.2,0,0.7,8.6,16102,18028,357,532,-0.2,0.2,0.0,0.0,0.17,0.41,0.58,17.15,8,12,35,51,47,4.92,,333,128,338,116,346,116,366,130,,,,,,,0.02,0.0,0.04,0.06,1.8,1.47,573,127,107,39,330,125,401,146,0.84,0.31
James Justin,Leeds,DEF,3.9,36,9,2.6,0.4,1,0,609,2,10,0,0,0,0,1,0,4,147.4,49.2,85.0,28.3,5.6,1,1.4,9.2,57174,28499,11133,1912,-0.1,0.1,0.0,0.0,0.74,0.18,0.92,12.08,6,14,44,29,58,8.57,,270,107,318,106,237,65,302,103,,,,,,,0.11,0.0,0.03,0.14,1.79,1.48,742,213,14,6,235,91,280,105,0.89,0.3
James Hill,Bournemouth,DEF,3.9,36,6,2.6,0.8,0,1,752,2,13,0,0,0,0,1,0,0,193.2,44.9,57.0,29.6,3.4,0,0.9,9.2,126374,121093,24082,3894,-0.1,0.1,0.0,0.0,0.23,0.48,0.7,10.04,7,16,73,19,89,10.65,,233,96,325,110,282,85,294,98,,,,,,,0.03,0.0,0.06,0.09,1.2,1.56,750,218,93,35,236,92,200,77,0.84,0.24
Armando Broja,Burnley,FWD,5.2,36,2,2.1,0.2,1,1,767,1,24,0,0,0,0,0,0,2,96.2,59.3,192.0,34.4,3.0,0,0.6,6.9,44690,46620,919,1484,-0.3,0.3,0.0,0.0,2.03,0.12,2.15,20.05,8,6,11,24,41,4.81,,326,32,299,31,107,28,274,33,,,,,,,0.24,0.0,0.01,0.25,2.35,2.82,215,49,132,14,310,31,351,57,0.94,0.12
Josh King,Fulham,MID,4.4,36,4,1.8,1.8,0,2,878,3,15,0,0,0,0,3,0,0,104.4,105.6,172.0,37.4,1.0,0,0.2,8.2,915680,815559,2772,7619,-0.1,0.1,0.0,0.0,1.17,0.42,1.59,12.9,11,18,15,38,71,7.28,,317,140,213,135,120,70,261,127,,,,,,,0.12,0.0,0.04,0.16,1.32,1.54,553,331,286,126,347,152,138,46,1.13,0.31
Maximilian Kilman,West Ham,DEF,4.2,36,1,1.8,0.2,0,0,1535,1,35,0,0,0,0,4,0,0,380.8,55.6,60.0,49.7,0.6,0,0.1,8.6,28757,46437,133,542,-0.3,0.3,0.0,0.0,0.56,0.25,0.81,31.5,17,16,139,42,155,9.09,,84,37,306,101,276,82,201,64,,,,,,,0.03,0.0,0.01,0.04,1.85,2.05,626,146,318,116,342,131,399,145,1.0,0.06
Jackson Tchatchoua,Wolves,DEF,4.4,36,0,1.6,0.0,0,0,1236,2,25,0,0,0,0,2,0,0,210.2,223.3,36.0,47.0,2.8,0,0.6,8.2,5418,4975,87,86,-0.1,0.1,0.0,0.0,0.26,0.97,1.23,16.44,12,22,54,44,76,5.53,,213,87,104,24,318,101,210,69,,,,,,,0.02,0.0,0.07,0.09,1.2,1.82,543,117,140,52,376,140,638,222,0.87,0.15
Jack Hinshelwood,Brighton,MID,5.1,36,0,2.8,0.0,1,2,655,1,13,0,0,0,0,0,0,2,132.6,56.1,93.0,28.4,1.6,0,0.3,7.1,8201,15572,130,233,-0.4,0.4,0.0,0.0,0.7,0.34,1.04,15.67,7,9,23,33,65,8.93,,289,131,305,173,227,124,301,144,,,,,,,0.1,0.0,0.05,0.15,2.15,1.79,240,147,243,105,216,94,581,217,0.96,0.14
Jefferson Lerma,Crystal Palace,MID,4.9,36,1,1.8,0.1,0,2,931,4,11,0,0,0,0,5,0,1,148.4,120.4,146.0,41.5,1.2,0,0.2,7.3,7995,11058,137,91,-0.1,0.1,0.0,0.0,0.84,0.73,1.57,12.9,9,11,47,52,110,10.63,,269,118,195,129,146,85,238,118,,,,,,,0.08,0.0,0.07,0.15,1.25,1.06,291,179,269,116,351,155,549,199,0.87,0.39
Leny Yoro,Man Utd,DEF,4.2,35,0,1.7,1.3,0,1,1133,1,24,0,0,0,0,0,0,1,194.6,61.3,73.0,32.8,0.8,0,0.2,8.3,200802,291678,642,3144,-0.3,0.3,0.0,0.0,0.68,0.24,0.92,17.22,12,22,72,49,94,7.47,,231,94,288,93,254,71,279,92,,,,,,,0.05,0.0,0.02,0.07,1.37,1.91,640,154,306,109,362,136,168,63,0.95,0.08
Tolu Tolu,Wolves,FWD,5.4,35,1,1.8,0.1,1,1,748,2,17,0,0,0,0,1,0,2,83.4,114.3,223.0,41.3,1.8,0,0.3,6.5,27346,20916,365,542,-0.1,0.1,0.0,0.0,1.61,0.26,1.87,9.12,8,4,23,19,46,5.53,,339,33,201,20,84,25,240,28,,,2.0,,,,0.19,0.0,0.03,0.22,1.1,2.05,176,43,226,26,355,37,515,72,0.96,0.24
Piero Hincapie,Arsenal,DEF,5.1,35,0,2.7,0.7,0,0,946,2,11,0,0,0,0,2,0,2,196.4,60.5,20.0,27.6,0.8,1,0.2,6.9,459429,382115,1805,7331,-0.4,0.4,-0.1,0.1,0.0,0.75,0.75,9.89,11,20,65,37,85,8.09,,227,91,295,97,359,123,306,104,,,,,,,0.0,0.0,0.07,0.07,0.94,1.05,236,34,312,113,229,89,220,84,1.05,0.19
Brajan Gruda,Brighton,MID,5.4,35,0,1.9,0.1,1,1,708,2,11,0,0,0,0,2,0,2,134.4,217.1,152.0,50.0,1.4,0,0.3,6.5,16457,17786,44,411,-0.1,0.1,0.0,0.0,1.86,0.88,2.74,13.82,8,14,4,40,58,7.37,Knock - 75% chance of playing,287,129,110,78,137,80,199,105,,,,,,,0.24,0.0,0.11,0.35,1.76,1.4,180,112,259,111,339,149,551,201,1.02,0.25
Simon Adingra,Sunderland,MID,4.9,34,0,2.4,0.4,1,1,649,4,8,0,0,0,0,2,0,3,81.4,116.8,75.0,27.0,1.0,0,0.2,6.9,90248,220860,289,956,-0.6,0.6,0.0,0.0,0.35,0.62,0.97,11.3,9,11,13,21,45,6.24,,342,151,200,131,253,138,307,148,,,,,,,0.05,0.0,0.09,0.14,1.57,1.11,341,211,290,129,270,114,265,90,1.25,0.55
Jorge J.Cuenca,Fulham,DEF,4.3,34,4,3.4,0.1,0,0,753,2,7,0,0,0,0,4,0,1,195.2,24.6,10.0,23.1,2.6,0,0.6,7.9,5145,5547,172,192,-0.2,0.2,0.0,0.0,0.05,0.08,0.13,10.85,9,13,80,34,93,11.12,,229,92,367,132,380,137,326,110,,,,,,,0.01,0.0,0.01,0.02,1.3,0.84,580,132,153,57,126,48,555,200,1.08,0.24
Kevin Kevin,Fulham,MID,5.8,34,1,1.8,0.1,0,2,789,4,12,0,0,0,0,1,0,0,156.6,202.5,188.0,54.5,1.8,0,0.3,5.9,31266,27121,131,345,-0.2,0.2,0.0,0.0,0.94,1.27,2.21,11.98,7,17,14,33,64,7.3,,262,113,123,88,110,65,178,95,4.0,,,,,,0.11,0.0,0.14,0.25,1.37,1.37,113,71,228,99,359,158,548,198,0.8,0.46
Jeremie Frimpong,Liverpool,DEF,5.8,34,0,3.1,6.5,0,4,538,2,7,0,0,0,0,0,0,0,83.2,140.8,103.0,32.8,3.6,0,0.6,5.9,586982,3112367,7581,51202,-0.2,0.2,0.0,0.0,0.39,1.02,1.41,5.96,6,4,12,31,16,2.68,Groin Injury - 25% chance of playing,340,130,171,42,213,54,280,93,,,,,,,0.07,0.0,0.17,0.24,1.0,1.17,107,8,90,34,177,70,58,19,1.0,0.33
Soungoutou S.Magassa,West Ham,MID,5.0,33,0,2.4,0.0,1,0,732,1,18,0,0,0,0,2,0,2,149.6,66.4,37.0,25.3,0.6,0,0.1,6.6,5023,3750,31,168,0.0,0.0,0.0,0.0,0.31,0.28,0.59,14.82,9,33,25,43,101,12.42,,267,116,278,163,315,164,316,152,,,,,,,0.04,0.0,0.03,0.07,1.82,2.21,277,170,323,146,271,115,641,260,1.11,0.12
Loum Tchaouna,Burnley,MID,4.9,33,0,1.9,0.0,1,1,753,2,11,0,0,0,0,1,0,0,85.6,76.7,101.0,26.3,0.8,0,0.2,6.7,4608,5579,14,71,-0.1,0.1,0.0,0.0,0.86,0.38,1.24,14.16,9,13,11,21,45,5.38,,336,149,261,157,215,119,312,150,,,2.0,,,,0.1,0.0,0.05,0.15,1.69,1.31,334,207,311,141,336,148,622,244,1.08,0.24
Ilia Gruev,Leeds,MID,4.7,33,2,2.4,0.1,0,2,795,4,16,0,0,0,0,2,0,0,101.0,85.2,8.0,19.2,3.4,0,0.7,7.0,5835,6366,195,223,-0.3,0.3,0.0,0.0,0.09,0.32,0.41,16.13,9,16,17,41,74,8.38,,319,141,243,148,393,193,350,166,,,,,,,0.01,0.0,0.04,0.05,1.83,1.81,388,242,95,42,269,113,563,207,1.02,0.45
Joshua Zirkzee,Man Utd,FWD,5.8,33,0,2.4,0.4,2,1,481,1,7,0,0,0,0,1,0,6,141.0,129.2,166.0,43.3,2.6,0,0.4,5.7,104032,120696,106,2983,-0.2,0.2,0.0,0.0,1.77,0.29,2.06,6.41,4,7,11,16,34,6.36,Knock - 50% chance of playing,278,26,182,15,124,31,229,27,,,,,,,0.33,0.0,0.05,0.38,1.2,1.31,109,31,163,19,276,29,263,42,0.75,0.19
Lutsharel Geertruida,Sunderland,DEF,4.5,32,0,1.9,0.0,0,0,970,2,14,0,0,0,0,0,0,0,156.2,63.6,34.0,25.4,1.8,0,0.4,7.1,7813,4991,95,301,0.0,0.0,0.0,0.0,0.37,0.42,0.79,20.56,10,20,44,43,64,5.94,,263,105,283,90,324,104,315,108,,,,,,,0.03,0.0,0.04,0.07,1.91,1.3,421,83,218,82,334,129,586,212,0.93,0.19
Marcus Edwards,Burnley,MID,4.7,32,2,2.5,0.1,1,2,571,1,8,0,0,0,0,0,0,2,136.0,208.8,129.0,47.2,3.8,0,0.8,6.8,16078,15583,1319,924,-0.3,0.3,0.0,0.0,0.81,1.49,2.3,12.15,5,6,4,25,35,5.52,,285,128,116,83,174,100,209,107,,,3.0,,,,0.13,0.0,0.23,0.36,1.92,1.26,380,237,66,26,260,109,459,156,0.79,0.16
Will Hughes,Crystal Palace,MID,4.7,32,1,1.6,0.1,0,1,971,4,12,0,0,0,0,4,0,0,127.4,202.9,63.0,39.4,2.4,0,0.5,6.8,18217,21996,257,293,-0.3,0.3,0.0,0.0,0.72,1.08,1.8,15.42,11,17,35,42,94,8.71,,290,132,121,86,272,145,253,124,5.0,,,,,,0.07,0.0,0.1,0.17,1.43,1.11,378,236,171,74,377,167,472,161,1.02,0.37
Antonee Robinson,Fulham,DEF,4.9,32,1,2.9,0.8,0,0,731,2,8,0,0,0,0,0,0,4,178.8,194.2,32.0,40.5,1.6,0,0.3,6.5,133650,150644,1386,5289,-0.1,0.1,0.0,0.0,0.22,1.09,1.31,12.2,8,25,40,44,65,8.0,,244,99,130,31,327,105,243,81,,,,,,,0.03,0.0,0.13,0.16,1.5,0.98,296,46,239,91,198,78,198,75,0.98,0.25
Aaron Wan-Bissaka,West Ham,DEF,4.1,31,2,2.2,3.9,0,1,1191,0,27,0,0,0,0,2,0,0,243.6,221.4,18.0,48.5,1.2,0,0.3,7.6,132036,2258660,3832,2867,-0.4,0.4,0.0,0.0,0.0,0.65,0.65,21.43,13,18,87,35,105,7.93,,186,76,105,25,361,125,203,66,,,,,,,0.0,0.0,0.05,0.05,1.62,2.04,648,158,264,98,292,112,89,31,0.98,0.0
Jacob Bruun Larsen,Burnley,MID,5.3,31,0,1.7,0.0,0,1,853,3,23,0,0,0,0,0,0,0,104.6,175.9,123.0,40.3,0.4,0,0.1,5.8,5422,7923,53,95,-0.2,0.2,0.0,0.0,1.18,1.05,2.23,20.04,9,11,16,27,54,5.7,,315,139,143,101,180,106,246,121,3.0,,1.0,,3.0,,0.12,0.0,0.11,0.23,2.11,2.43,189,116,354,157,366,162,618,240,0.95,0.32
Josh Acheampong,Chelsea,DEF,3.8,31,0,3.4,1.2,1,0,473,2,9,0,0,0,0,0,0,5,109.8,25.6,64.0,20.1,0.8,1,0.2,8.2,483373,448728,1713,4103,-0.2,0.2,0.0,0.0,0.6,0.08,0.68,11.93,6,7,25,19,32,6.09,,313,121,364,131,268,77,345,120,,,,,,,0.11,0.0,0.02,0.13,2.27,1.71,802,258,303,106,124,46,170,65,1.14,0.38
Jean-Clair Todibo,West Ham,DEF,4.3,31,2,1.8,0.1,0,1,1431,0,30,0,0,0,0,4,0,0,318.2,63.9,15.0,39.8,1.8,0,0.4,7.2,10857,16926,192,337,-0.2,0.2,0.0,0.0,0.05,0.29,0.34,26.04,17,31,96,72,127,7.99,,122,52,282,89,369,131,249,85,,,,,,,0.0,0.0,0.02,0.02,1.64,1.89,581,133,214,78,343,132,460,170,1.07,0.0
Nicolás Dominguez,Nott'm Forest,MID,5.0,31,3,2.2,0.0,1,0,712,3,11,0,0,0,0,2,0,3,143.4,137.3,82.0,36.4,4.2,0,0.8,6.2,3122,1930,496,140,0.0,0.0,0.0,0.0,0.9,0.38,1.28,11.08,10,28,16,30,74,9.35,,275,121,174,118,240,130,264,129,3.0,,,,,,0.11,0.0,0.05,0.16,1.4,1.39,257,157,48,20,298,129,643,261,1.26,0.38
Aaron Hickey,Brentford,DEF,4.0,30,1,2.0,0.5,0,0,537,2,7,0,0,0,0,1,0,0,58.8,14.2,42.0,11.3,1.0,0,0.2,7.5,62574,62910,531,1488,0.0,0.0,0.0,0.0,0.4,0.17,0.57,5.31,6,9,23,30,32,5.36,,379,146,388,142,307,98,390,140,,,,,,,0.07,0.0,0.03,0.1,0.89,1.17,677,171,284,104,315,120,257,97,1.01,0.34
Benjamin White,Arsenal,DEF,5.1,30,1,4.3,0.6,0,1,409,3,4,0,0,0,0,0,0,3,111.4,92.7,46.0,25.0,1.6,1,0.3,5.9,339153,382606,2508,1988,-0.4,0.4,0.0,0.0,0.43,0.49,0.92,6.13,5,13,23,18,36,7.92,,310,120,230,65,302,95,317,109,,,,,,,0.09,0.0,0.11,0.2,1.35,0.88,228,31,242,92,49,21,238,89,1.1,0.66
Freddie Potts,West Ham,MID,4.4,30,1,1.8,0.7,0,1,982,0,23,0,0,0,0,1,0,0,164.2,125.6,37.0,32.7,1.0,0,0.2,6.8,136976,135781,571,3660,-0.1,0.1,0.0,0.0,0.21,1.04,1.25,19.48,10,25,38,36,99,9.07,,255,109,188,126,314,163,281,139,1.0,,,,,,0.02,0.0,0.1,0.12,1.79,2.11,538,321,285,125,346,151,209,70,0.92,0.0
Carlos Baleba,Brighton,MID,4.5,30,4,1.7,1.3,0,0,998,4,14,0,0,0,0,4,0,0,76.6,74.6,23.0,17.4,1.0,0,0.2,6.7,156076,527731,2566,1186,-0.5,0.5,0.0,0.0,0.36,0.24,0.6,13.96,15,22,39,58,119,10.73,,350,156,263,158,348,181,357,168,,,,,,,0.03,0.0,0.02,0.05,1.26,1.26,456,276,287,127,363,160,161,56,1.35,0.36
Kyle Walker-Peters,West Ham,DEF,4.2,30,0,1.9,0.3,1,0,952,1,21,0,0,0,0,2,0,0,202.2,87.9,98.0,38.9,0.8,0,0.2,7.1,28775,48694,185,689,-0.3,0.3,0.0,0.0,1.13,0.26,1.39,20.95,10,34,37,40,71,6.71,,220,89,238,68,218,56,254,88,,,,,,,0.11,0.0,0.02,0.13,1.98,1.99,624,144,305,108,329,124,333,123,0.95,0.09
Tosin Tosin,Chelsea,DEF,4.0,30,0,2.7,0.3,0,0,704,2,11,0,0,0,0,2,0,2,216.2,32.0,19.0,26.8,0.6,0,0.2,7.5,104947,217380,25,1185,-0.5,0.5,0.0,0.0,0.11,0.4,0.5,10.99,7,13,74,18,87,11.12,Hamstring injury - Unknown return date,205,83,350,122,360,124,309,105,,,,,,,0.01,0.0,0.05,0.06,1.4,1.41,655,160,316,114,224,86,329,121,0.89,0.26
Lewis Cook,Bournemouth,MID,4.9,30,4,2.3,0.0,0,1,680,0,17,0,0,0,0,1,1,0,171.2,145.9,12.0,33.2,3.0,0,0.6,6.1,7532,5822,833,219,-0.1,0.1,0.0,0.0,0.07,0.3,0.37,10.86,6,21,47,50,118,15.62,,250,106,165,111,376,189,278,138,,,,,,,0.01,0.0,0.04,0.05,1.44,2.25,292,180,127,56,280,119,601,231,0.79,0.0
Anthony Elanga,Newcastle,MID,6.5,29,1,1.5,2.6,0,1,725,2,15,0,0,0,0,0,0,0,81.6,145.7,109.0,33.6,0.4,0,0.1,4.5,545253,1170382,771,1476,-0.5,0.5,0.0,0.0,1.2,0.52,1.72,9.57,7,6,5,15,26,3.23,,341,150,166,112,201,110,276,136,,,,,,,0.15,0.0,0.06,0.21,1.19,1.86,53,34,363,165,398,178,113,36,0.87,0.25
Alexander Isak,Liverpool,FWD,10.3,29,0,2.9,3.6,2,1,501,1,7,0,0,0,0,0,0,2,97.6,36.5,143.0,26.9,0.0,0,0.0,2.8,1796741,2401611,101,2591,-0.2,0.2,0.0,0.0,2.04,0.07,2.11,5.1,6,6,6,11,23,4.13,Ankle injury - Unknown return date,324,31,341,42,152,35,308,36,,,,,,,0.37,0.0,0.01,0.38,0.92,1.26,4,2,808,90,208,20,92,16,1.08,0.18
Justin Devenny,Crystal Palace,MID,4.3,29,0,1.6,1.5,1,0,593,1,10,0,0,0,0,0,0,0,86.6,94.5,164.0,34.5,1.6,0,0.4,6.7,260319,274770,4261,8133,-0.2,0.2,0.0,0.0,2.38,0.36,2.74,10.05,5,16,8,24,48,7.28,,335,148,228,140,127,74,271,133,,,2.0,,,,0.36,0.0,0.05,0.41,1.53,1.52,587,342,236,101,374,165,150,49,0.76,0.15
Manuel Ugarte,Man Utd,MID,4.7,29,0,1.8,0.2,0,0,730,1,18,0,0,0,0,1,0,0,116.6,60.7,32.0,20.7,1.8,0,0.4,6.2,27775,33884,390,905,-0.3,0.3,0.0,0.0,0.31,0.15,0.46,13.45,7,39,30,46,115,14.18,,301,134,293,169,326,171,341,164,,,,,,,0.04,0.0,0.02,0.06,1.66,2.22,383,239,222,96,348,153,397,134,0.86,0.12
Gabriel Martinelli,Arsenal,MID,6.8,29,0,1.7,0.9,1,1,545,2,3,0,0,0,0,2,0,1,78.6,71.4,207.0,35.2,1.2,0,0.2,4.3,141794,223367,1314,1776,-0.2,0.2,0.0,0.0,2.57,0.23,2.8,5.56,7,7,6,21,34,5.61,,347,154,271,161,94,57,269,132,,,,,,,0.42,0.0,0.04,0.46,0.92,0.5,47,29,281,124,370,163,195,65,1.16,0.33
Axel Tuanzebe,Burnley,DEF,3.9,29,7,2.9,1.0,1,0,886,1,20,0,0,0,0,1,0,0,221.0,8.9,52.0,28.4,2.2,0,0.6,7.4,133612,280585,1415,894,-0.1,0.1,0.0,0.0,0.61,0.11,0.72,24.2,10,11,81,27,92,9.35,,200,81,413,151,292,91,299,101,,,,,,,0.06,0.0,0.01,0.07,2.46,2.03,738,211,184,67,193,74,181,71,1.02,0.1
Lisandro Martinez,Man Utd,DEF,4.8,29,-1,2.6,0.7,0,0,634,2,8,1,0,0,0,0,0,2,154.6,57.8,10.0,22.4,2.8,0,0.6,6.0,103216,51349,11688,5583,-0.2,0.2,0.0,0.0,0.06,0.22,0.28,5.8,6,7,48,32,55,7.81,,266,106,302,99,384,140,332,113,,,,,,,0.01,0.0,0.03,0.04,0.82,1.14,362,62,144,55,243,97,223,85,0.85,0.28
Dwight McNeil,Everton,MID,5.5,29,1,2.1,0.2,0,2,615,3,4,0,0,0,0,1,0,0,76.0,127.8,45.0,24.9,3.0,0,0.5,5.3,30044,55895,521,1187,-0.5,0.5,0.0,0.0,0.46,0.68,1.14,12.17,7,11,11,31,53,7.76,,352,157,185,123,303,159,318,153,,,,,,,0.07,0.0,0.1,0.17,1.78,0.59,145,91,135,59,312,137,377,128,1.02,0.44
Joël Veltman,Brighton,DEF,4.3,29,0,2.4,0.2,1,0,673,1,10,0,0,0,0,3,0,1,189.0,68.2,59.0,31.7,3.6,0,0.8,6.7,20564,32315,606,629,-0.2,0.2,0.0,0.0,0.99,0.1,1.09,11.8,7,27,48,28,75,10.03,,239,98,276,87,278,84,287,96,,,,,,,0.13,0.0,0.01,0.14,1.58,1.34,567,122,80,30,267,105,406,148,0.94,0.13
Bertrand Traoré,Sunderland,MID,5.5,28,0,2.8,0.0,1,1,607,3,9,0,0,0,0,1,0,1,115.6,108.1,135.0,35.9,0.0,0,0.0,5.1,13414,12475,10,112,0.0,0.0,0.0,0.0,0.48,0.25,0.73,8.99,9,11,11,18,40,5.93,Knee injury - Expected back 11 Feb,303,135,209,134,164,95,265,130,,,,,,,0.07,0.0,0.04,0.11,1.33,1.33,137,84,782,347,218,95,630,251,1.33,0.44
Federico Chiesa,Liverpool,MID,6.3,28,0,1.8,0.3,2,1,230,0,6,0,0,0,0,2,0,0,111.0,33.0,106.0,24.9,0.6,0,0.1,4.4,54879,66375,33,951,-0.2,0.2,0.0,0.0,1.17,0.49,1.66,4.39,1,8,11,6,25,9.78,,312,138,348,183,209,115,319,154,,,,,,,0.46,0.0,0.19,0.65,1.72,2.35,67,45,328,150,361,159,322,108,0.39,0.0
Archie Gray,Spurs,MID,4.8,28,1,2.2,0.1,1,0,657,5,8,0,0,0,0,4,0,3,98.6,56.6,78.0,23.3,1.6,0,0.3,5.8,15009,20242,206,537,-0.2,0.2,0.0,0.0,0.68,0.13,0.81,8.09,9,6,31,31,68,9.32,,322,142,304,172,249,134,325,158,,,,,,,0.09,0.0,0.02,0.11,1.11,1.1,372,233,238,102,297,128,429,144,1.23,0.68
Jaydee Canvot,Crystal Palace,DEF,4.5,27,0,3.0,0.0,0,0,352,2,6,0,0,0,0,1,0,4,99.0,7.1,10.0,11.5,2.6,1,0.6,6.0,4269,2944,81,169,0.0,0.0,0.0,0.0,0.05,0.12,0.17,7.65,3,16,36,13,52,13.3,,321,125,420,154,383,139,384,138,,,,,,,0.01,0.0,0.03,0.04,1.96,1.53,505,96,156,59,187,73,642,224,0.77,0.51
Kevin Danso,Spurs,DEF,4.2,27,1,2.1,0.1,0,0,658,2,12,0,0,0,0,4,0,1,194.2,9.1,8.0,21.2,0.2,0,0.0,6.4,16570,28299,159,234,-0.3,0.3,0.0,0.0,0.03,0.18,0.21,10.71,8,13,80,28,93,12.72,,232,95,411,149,388,144,336,114,,,,,,,0.0,0.0,0.02,0.02,1.46,1.64,622,143,369,137,303,115,423,156,1.09,0.27
José José Sá,Wolves,GKP,4.2,27,1,2.5,1.0,0,0,990,2,19,0,0,0,21,1,0,2,185.2,10.0,0.0,19.7,3.8,0,0.9,6.4,55956,160828,5937,2283,-0.3,0.3,0.0,0.0,0.0,0.03,0.03,12.77,11,0,20,91,0,0.0,,240,21,403,5,572,60,346,21,,,,,,,0.0,1.91,0.0,0.0,1.16,1.73,623,33,63,6,254,23,180,23,1.0,0.18
Yerson Mosquera,Wolves,DEF,4.3,26,0,1.9,0.1,0,0,1046,2,20,2,0,0,0,8,0,1,214.4,87.4,147.0,44.8,4.2,0,1.0,6.0,5364,7095,897,283,-0.2,0.2,0.0,0.0,1.12,0.26,1.38,15.07,12,32,75,51,107,9.21,,208,85,241,71,143,27,219,75,,,,,,,0.1,0.0,0.02,0.12,1.3,1.72,597,140,47,18,331,126,534,195,1.03,0.17
Ayden Heaven,Man Utd,DEF,3.8,26,0,2.4,2.3,0,1,636,1,12,1,0,0,0,1,0,0,175.6,27.2,26.0,22.9,1.4,0,0.4,6.8,374220,269035,2059,21217,-0.2,0.2,-0.1,0.1,0.34,0.17,0.51,7.95,8,16,55,29,71,10.05,,245,100,360,128,337,110,328,111,,,,,,,0.05,0.0,0.02,0.07,1.12,1.7,806,261,250,94,266,104,120,46,1.13,0.14
Charalampos Kostoulas,Brighton,FWD,4.8,26,0,2.0,0.4,2,1,182,1,4,0,0,0,0,2,0,3,115.0,71.1,161.0,34.6,2.6,0,0.5,5.4,48039,66685,1117,1068,-0.2,0.2,0.0,0.0,1.37,0.21,1.58,2.68,1,8,1,17,26,12.86,,305,30,272,27,129,32,270,32,,,,,,,0.68,0.0,0.1,0.78,1.33,1.98,375,63,157,18,320,32,290,46,0.49,0.49
Liam Delap,Chelsea,FWD,6.2,26,1,1.9,0.9,1,1,592,2,10,0,0,0,0,2,0,1,54.0,47.0,225.0,32.0,2.8,0,0.5,4.2,95351,446796,2136,2611,-0.3,0.3,0.0,0.0,2.47,0.17,2.64,8.92,8,1,7,13,21,3.19,,383,40,321,35,82,24,285,34,,,,,,,0.38,0.0,0.03,0.41,1.36,1.52,76,25,149,17,340,35,188,30,1.22,0.3
Eliezer Mayenda,Sunderland,FWD,5.2,26,2,1.9,0.5,1,0,572,3,7,0,0,0,0,0,0,2,73.4,42.0,131.0,24.3,1.6,0,0.3,5.0,263113,300469,378,582,-0.3,0.3,0.0,0.0,1.05,0.14,1.19,10.33,6,3,6,11,20,3.15,,357,35,330,38,171,37,320,37,,,,,3.0,,0.17,0.0,0.02,0.19,1.63,1.1,221,50,244,27,337,33,249,40,0.94,0.47
Omar Marmoush,Man City,MID,8.3,26,10,2.4,2.4,1,1,277,1,3,0,0,0,0,0,0,4,79.8,57.9,124.0,26.0,2.0,0,0.2,3.1,219375,1236584,9821,2339,-0.2,0.2,0.0,0.0,1.5,0.54,2.04,2.66,3,6,4,10,20,6.5,,345,152,301,171,179,105,314,151,,,1.0,,2.0,,0.49,0.0,0.18,0.67,0.86,0.97,12,7,211,93,277,118,117,39,0.97,0.32
Sávio Savinho,Man City,MID,6.9,26,0,1.7,0.4,0,2,531,2,5,0,0,0,0,1,0,0,75.0,138.1,218.0,43.1,0.2,0,0.0,3.8,33135,111907,24,473,-0.1,0.1,0.0,0.0,1.28,1.18,2.46,6.39,5,5,9,30,44,7.46,Thigh injury - Expected back 21 Feb,353,158,173,117,89,55,231,114,,,,,,,0.22,0.0,0.2,0.42,1.08,0.85,43,25,410,192,371,164,266,91,0.85,0.34
Carlos Alcaraz,Everton,MID,5.2,25,0,1.7,0.1,0,1,656,3,8,0,0,0,0,3,0,0,79.4,144.0,156.0,38.0,0.0,0,0.0,4.8,16452,28238,40,232,-0.3,0.3,0.0,0.0,1.04,0.43,1.47,13.0,6,12,10,38,60,8.23,,346,153,168,114,135,79,257,125,,,,,,,0.14,0.0,0.06,0.2,1.78,1.1,219,136,759,334,365,161,491,173,0.82,0.41
Rodrigo 'Rodri' Rodrigo,Man City,MID,6.3,25,3,2.3,0.4,0,0,633,2,6,0,0,0,0,1,0,1,137.4,169.7,33.0,34.0,2.6,0,0.4,4.0,52173,94771,684,1216,-0.2,0.2,0.0,0.0,0.14,0.84,0.98,9.39,7,20,23,47,90,12.8,,283,126,148,102,325,170,275,135,,,,,,,0.02,0.0,0.12,0.14,1.34,0.85,66,44,164,70,289,126,260,88,1.0,0.28
Nathan Aké,Man City,DEF,5.3,25,0,2.1,0.6,0,0,484,2,7,0,0,0,0,1,0,1,93.6,83.1,25.0,20.3,2.4,0,0.5,4.7,42257,78621,631,2208,-0.2,0.2,0.0,0.0,0.28,0.44,0.72,7.84,4,9,26,12,35,6.51,,328,127,250,74,344,114,343,119,,,,,,,0.05,0.0,0.08,0.13,1.46,1.3,187,24,177,64,311,118,227,86,0.74,0.37
Joe Gomez,Liverpool,DEF,4.9,25,0,2.3,0.1,0,2,279,2,7,0,0,0,0,2,0,2,74.8,56.9,22.0,15.3,0.4,1,0.1,5.1,22187,27317,74,493,-0.1,0.1,0.0,0.0,0.18,0.54,0.72,3.77,4,2,19,9,21,6.77,Knock - 75% chance of playing,354,134,303,100,354,121,365,129,,,,,,,0.06,0.0,0.17,0.23,1.22,2.26,297,47,350,129,281,110,410,150,1.29,0.65
Andrew Robertson,Liverpool,DEF,5.7,25,1,1.8,1.0,0,0,538,2,8,0,0,0,0,0,0,2,115.6,180.3,57.0,35.4,1.6,1,0.3,4.4,51798,127337,527,997,-0.3,0.3,0.0,0.0,0.21,0.78,0.98,7.47,4,10,20,21,30,5.02,,304,116,138,33,286,88,266,90,,,,,,,0.04,0.0,0.13,0.17,1.25,1.34,115,10,246,93,358,135,186,72,0.67,0.33
Tyrone Mings,Aston Villa,DEF,4.3,25,1,3.1,0.5,0,0,512,2,6,0,0,0,0,0,0,1,127.2,44.6,25.0,19.7,0.2,0,0.0,5.8,124240,188614,508,277,-0.2,0.2,0.0,0.0,0.33,0.09,0.42,8.91,6,2,42,16,44,7.73,,291,110,328,111,341,113,347,121,,,,,,,0.06,0.0,0.02,0.08,1.57,1.05,570,125,370,138,165,68,246,92,1.05,0.35
Ian Maatsen,Aston Villa,DEF,4.2,25,5,1.5,0.5,0,0,850,1,13,0,0,0,0,2,0,0,164.2,181.9,118.0,46.7,2.0,0,0.5,6.0,53384,92694,2588,1140,-0.3,0.3,0.0,0.0,0.68,1.24,1.92,15.13,9,24,43,54,67,7.09,,254,103,137,32,189,41,212,70,5.0,,,,,,0.07,0.0,0.13,0.2,1.6,1.38,631,149,200,73,385,141,250,95,0.95,0.11
Jean-Ricner Bellegarde,Wolves,MID,5.1,25,0,1.8,0.0,1,0,685,1,20,0,0,0,0,1,0,0,111.2,91.3,93.0,29.4,0.0,0,0.0,4.9,3498,10336,16,33,-0.4,0.4,0.0,0.0,0.73,0.58,1.31,11.84,9,18,20,21,59,7.75,Hamstring injury - 50% chance of playing,311,137,234,144,226,123,295,142,3.0,,4.0,,,,0.1,0.0,0.08,0.18,1.56,2.63,232,143,755,330,353,156,616,239,1.18,0.13
Evann Guessand,Aston Villa,MID,6.2,25,0,1.9,0.0,0,2,583,1,10,0,0,0,0,0,0,0,92.8,55.0,136.0,28.0,0.4,0,0.1,4.0,6782,12028,165,89,-0.3,0.3,0.0,0.0,1.19,0.41,1.6,8.82,6,18,10,27,55,8.49,,331,145,307,174,162,94,305,147,,,,,,,0.18,0.0,0.06,0.24,1.36,1.54,77,50,360,162,341,150,619,241,0.93,0.15
Ola Aina,Nott'm Forest,DEF,4.7,25,11,3.6,2.0,0,1,608,2,8,0,0,0,0,2,0,2,116.0,69.3,41.0,22.7,3.8,1,0.8,5.3,249058,1589193,11240,1596,-0.3,0.3,0.0,0.0,0.08,0.43,0.51,11.08,7,10,41,37,51,7.55,,302,115,274,85,311,100,330,112,,,,,,,0.01,0.0,0.06,0.07,1.64,1.18,379,64,65,26,111,42,131,50,1.04,0.3
Timothy Castagne,Fulham,DEF,4.3,25,4,1.4,0.1,0,1,944,0,19,0,0,0,0,3,0,0,194.8,121.1,83.0,40.0,1.4,0,0.3,5.8,17161,22685,199,431,-0.2,0.2,0.0,0.0,0.94,0.47,1.41,17.95,10,20,63,29,83,7.91,,230,93,192,49,239,66,248,84,,,,,,,0.09,0.0,0.04,0.13,1.71,1.81,572,126,251,95,399,146,456,168,0.95,0.0
Chris Wood,Nott'm Forest,FWD,7.2,25,0,3.1,4.7,2,0,538,1,8,0,0,0,0,0,0,3,77.6,49.6,179.0,29.8,0.0,1,0.0,3.5,2133286,3375539,58,2510,-0.3,0.3,0.0,0.0,2.81,0.11,2.92,7.84,7,1,6,7,14,2.34,Knee injury - Unknown return date,348,34,316,34,115,29,293,35,,,,,1.0,,0.47,0.0,0.02,0.49,1.31,1.34,29,10,804,88,180,18,77,14,1.17,0.17
Randal Kolo Muani,Spurs,FWD,6.9,24,0,1.6,0.4,0,0,922,3,16,0,0,0,0,2,0,0,73.4,159.1,151.0,37.7,1.2,0,0.2,3.5,114113,99272,718,4073,-0.1,0.1,0.0,0.0,1.29,0.92,2.21,14.13,11,14,11,32,57,5.56,,358,36,156,12,138,34,260,31,,,,,,,0.13,0.0,0.09,0.22,1.38,1.56,42,17,282,35,384,44,275,44,1.07,0.29
Jamie Gittens,Chelsea,MID,6.0,24,1,1.6,0.1,0,2,461,1,6,0,0,0,0,0,0,0,93.0,129.3,91.0,31.3,0.4,0,0.1,4.0,16862,40360,161,178,-0.5,0.5,0.0,0.0,0.81,0.94,1.75,8.7,4,8,6,15,29,5.66,,329,144,181,120,228,125,288,140,,,,,,,0.16,0.0,0.18,0.34,1.7,1.17,88,56,358,160,382,170,455,155,0.78,0.2
Hannibal Hannibal,Burnley,MID,4.7,24,1,1.5,0.1,0,2,458,1,12,0,0,0,0,4,0,0,60.4,128.5,35.0,22.4,0.4,0,0.1,5.1,13410,22966,207,175,-0.3,0.3,0.0,0.0,0.29,0.77,1.06,13.27,5,10,5,24,39,7.66,,376,165,183,121,322,168,331,161,,,4.0,,,,0.06,0.0,0.15,0.21,2.61,2.36,387,241,345,152,391,172,475,163,0.98,0.2
Abdukodir Khusanov,Man City,DEF,5.4,24,6,2.7,0.4,0,0,559,2,5,0,0,0,0,1,0,0,112.2,30.4,0.0,14.3,2.4,0,0.4,4.4,45258,61938,1512,1726,-0.1,0.1,0.0,0.0,0.0,0.09,0.09,8.59,6,15,38,23,53,8.53,,308,118,352,123,786,263,369,132,,,,,,,0.0,0.0,0.01,0.01,1.38,0.81,184,22,179,65,231,90,278,104,0.97,0.32
Eddie Nketiah,Crystal Palace,FWD,5.4,23,0,1.9,0.3,2,0,414,0,12,0,0,0,0,2,0,3,120.0,84.6,173.0,37.8,0.0,0,0.0,4.3,124043,138784,56,1555,-0.1,0.1,0.0,0.0,1.77,0.46,2.23,9.49,2,8,13,17,38,8.26,Hamstring injury - Unknown return date,299,29,247,26,119,30,259,30,,,,,,,0.38,0.0,0.1,0.48,2.06,2.61,167,42,772,79,338,34,294,48,0.43,0.0
Tom Cairney,Fulham,MID,4.8,23,1,1.5,0.0,1,0,442,0,8,0,0,0,0,2,0,1,76.8,82.1,48.0,20.8,2.4,0,0.5,4.8,2377,4095,53,82,-0.2,0.2,0.0,0.0,0.85,0.27,1.12,7.98,3,3,7,24,34,6.92,,349,155,253,152,295,153,339,163,,,,,,,0.17,0.0,0.05,0.22,1.62,1.63,349,218,172,75,393,174,626,247,0.61,0.0
Bashir Humphreys,Burnley,DEF,3.9,23,1,3.3,0.1,0,1,527,1,10,0,0,0,0,2,0,1,137.4,21.3,24.0,18.2,3.0,0,0.8,5.9,13812,9454,1713,874,-0.1,0.1,0.0,0.0,0.16,0.1,0.26,12.03,5,11,43,18,54,9.22,,281,109,374,135,345,115,355,125,,,,,,,0.03,0.0,0.02,0.05,2.05,1.71,748,217,123,45,138,55,431,160,0.85,0.17
Lamare Bogarde,Aston Villa,DEF,4.0,23,1,1.3,0.5,0,0,520,1,7,0,0,0,0,5,0,3,69.8,40.8,8.0,11.8,0.4,0,0.1,5.8,96690,82461,810,1103,0.0,0.0,0.0,0.0,0.0,0.14,0.14,8.34,5,12,17,17,29,5.02,,360,137,334,114,386,142,381,135,,,,,,,0.0,0.0,0.02,0.02,1.44,1.21,691,179,333,121,408,150,247,93,0.87,0.17
Felipe Morato,Nott'm Forest,DEF,4.3,22,1,2.0,0.1,0,0,712,1,14,0,0,0,0,4,0,1,169.2,9.1,5.0,18.3,0.4,0,0.1,5.1,7838,12207,65,104,-0.2,0.2,0.0,0.0,0.03,0.06,0.09,10.83,8,19,53,31,72,9.1,,252,102,412,150,407,152,354,124,,,,,,,0.0,0.0,0.01,0.01,1.37,1.77,585,135,336,123,317,122,506,183,1.01,0.13
Noni Madueke,Arsenal,MID,6.8,22,1,1.6,0.6,0,0,576,3,6,0,0,0,0,0,0,0,74.2,191.2,197.0,46.2,1.2,0,0.2,3.2,212448,283154,582,1074,-0.2,0.2,0.0,0.0,0.6,1.61,2.21,7.38,7,7,9,15,31,4.84,,356,159,134,95,101,60,215,108,3.0,,,,,,0.09,0.0,0.25,0.34,1.15,0.94,46,28,280,123,383,171,224,76,1.09,0.47
Andrey Andrey Santos,Chelsea,MID,4.5,22,3,1.3,0.3,0,0,634,1,6,0,0,0,0,4,0,0,112.4,94.1,59.0,26.5,1.4,0,0.3,4.9,66531,74896,751,893,0.0,0.0,0.0,0.0,1.7,0.51,2.21,10.08,6,20,32,32,84,11.92,,307,136,229,141,279,147,310,149,,,,,,,0.24,0.0,0.07,0.31,1.43,0.85,455,275,253,107,413,183,321,107,0.85,0.14
Adam Smith,Bournemouth,DEF,4.4,21,1,1.8,0.2,0,1,631,2,15,0,0,0,0,2,0,0,67.8,29.3,18.0,11.5,0.4,0,0.1,4.8,23229,39199,374,242,-0.1,0.1,0.0,0.0,0.0,0.11,0.11,11.16,9,4,30,15,34,4.85,,364,139,355,126,362,126,383,137,,,,,,,0.0,0.0,0.02,0.02,1.59,2.14,511,97,340,125,344,133,385,139,1.28,0.29
Victor Lindelöf,Aston Villa,DEF,4.5,21,1,1.9,0.1,0,1,566,1,9,0,0,0,0,0,0,0,123.8,27.2,8.0,16.0,1.8,0,0.4,4.7,17845,9650,490,647,0.0,0.0,0.0,0.0,0.03,0.07,0.1,10.75,6,4,32,13,36,5.72,,296,113,361,129,391,147,361,128,,,,,,,0.0,0.0,0.01,0.01,1.71,1.43,411,76,217,81,333,128,461,171,0.95,0.16
Sam Johnstone,Wolves,GKP,4.4,21,0,1.8,0.1,0,0,1080,0,24,1,0,0,39,0,0,0,308.0,0.1,0.0,30.8,0.0,0,0.0,4.8,18271,22252,193,250,-0.1,0.1,0.0,0.0,0.0,0.02,0.02,18.59,12,2,24,107,0,0.0,,131,19,468,13,609,69,290,19,,,,,,,0.0,3.25,0.0,0.0,1.55,2.0,514,26,588,85,345,27,420,64,1.0,0.0
James Milner,Brighton,MID,4.9,21,1,1.6,0.1,1,1,306,0,10,0,0,0,0,2,0,0,88.8,91.6,23.0,20.2,0.8,0,0.2,4.3,17081,22205,181,155,-0.1,0.1,0.0,0.0,0.85,0.52,1.37,6.17,2,5,9,19,33,9.71,,334,147,233,143,349,182,344,165,5.0,,,,1.0,,0.25,0.0,0.15,0.4,1.81,2.94,286,177,310,140,379,168,467,159,0.59,0.0
Toti Toti,Wolves,DEF,4.2,20,0,1.5,0.1,0,0,949,0,25,0,0,0,0,1,1,0,212.2,77.4,29.0,31.9,0.0,0,0.0,4.8,6815,18874,23,113,-0.3,0.3,0.0,0.0,0.04,0.21,0.25,17.96,12,14,70,37,84,7.97,Hamstring injury - Unknown return date,209,86,258,77,333,109,286,95,,,,,,,0.0,0.0,0.02,0.02,1.7,2.37,636,151,553,232,386,142,503,182,1.14,0.0
Kobbie Mainoo,Man Utd,MID,4.6,20,5,1.4,0.5,0,1,408,1,9,0,0,0,0,0,0,0,91.0,121.0,29.0,24.1,1.8,0,0.4,4.3,72195,101410,10613,1789,-0.4,0.4,0.0,0.0,0.14,0.29,0.43,5.9,2,9,14,20,43,9.49,,332,146,194,128,334,174,321,155,,,,,,,0.03,0.0,0.06,0.09,1.3,1.99,398,246,221,95,402,179,245,83,0.44,0.22
Ryan Christie,Bournemouth,MID,4.9,20,1,1.5,0.1,1,1,328,0,9,0,0,0,0,1,0,0,93.8,90.4,97.0,28.3,0.4,0,0.1,4.1,7800,14699,277,60,-0.1,0.1,0.0,0.0,1.1,0.27,1.37,6.87,1,8,11,18,37,10.15,,327,143,236,145,220,121,303,145,,,,,,,0.3,0.0,0.07,0.37,1.89,2.47,293,181,349,156,394,175,567,209,0.27,0.0
Nathan Patterson,Everton,DEF,4.4,20,2,4.0,0.0,0,0,236,2,1,0,0,0,0,0,0,0,61.6,6.1,17.0,8.4,3.8,0,0.9,4.5,4937,4626,431,269,-0.1,0.1,0.0,0.0,0.03,0.04,0.07,3.55,3,9,20,13,29,11.06,,371,143,423,155,366,129,409,148,,,,,,,0.01,0.0,0.02,0.03,1.35,0.38,529,113,64,25,65,28,602,216,1.14,0.76
Emmanuel Agbadou,Wolves,DEF,4.2,20,0,1.5,0.1,0,0,1010,0,27,0,0,0,0,1,1,0,286.4,65.2,69.0,42.1,0.0,0,0.0,4.8,24211,62099,45,99,-0.3,0.3,0.0,0.0,0.5,0.35,0.85,16.9,11,28,87,61,115,10.25,,155,64,281,88,259,75,234,80,,,5.0,,,,0.04,0.0,0.03,0.07,1.51,2.41,637,152,554,233,387,143,439,163,0.98,0.0
David Møller Wolfe,Wolves,DEF,4.3,20,0,1.4,0.1,0,2,703,0,18,0,0,0,0,1,0,0,113.4,101.8,44.0,26.1,0.4,0,0.1,4.7,4173,8761,25,76,-0.2,0.2,0.0,0.0,0.13,0.97,1.1,13.31,8,5,27,17,32,4.1,,306,117,219,60,304,96,313,107,,,,,,,0.02,0.0,0.12,0.14,1.7,2.3,594,139,338,124,400,147,541,197,1.02,0.0
Wilfried Gnonto,Leeds,MID,5.2,20,0,1.5,0.1,0,2,337,1,10,0,0,0,0,2,0,0,59.0,85.2,29.0,17.4,0.6,0,0.1,3.8,8525,39218,112,137,-0.3,0.3,0.0,0.0,0.25,0.53,0.78,7.87,4,14,9,14,37,9.88,,378,166,244,149,335,175,358,169,,,,,,,0.07,0.0,0.14,0.21,2.1,2.67,218,135,325,148,395,176,493,175,1.07,0.27
Veljko Milosavljević,Bournemouth,DEF,4.4,19,0,2.7,0.0,0,0,367,1,6,0,0,0,0,0,0,0,98.4,13.9,10.0,12.2,0.4,0,0.1,4.3,5906,5545,48,31,-0.1,0.1,0.0,0.0,0.15,0.19,0.34,4.42,4,5,34,13,39,9.56,,323,126,391,143,381,138,379,134,,,,,,,0.04,0.0,0.05,0.09,1.08,1.47,561,119,343,128,226,88,652,227,0.98,0.25
Ollie Scarles,West Ham,DEF,4.3,19,5,2.1,0.0,0,1,624,0,14,0,0,0,0,0,0,0,126.0,60.6,22.0,20.9,3.0,0,0.7,4.4,4262,5610,220,160,-0.2,0.2,0.0,0.0,0.18,0.31,0.49,12.13,9,27,38,33,65,9.38,,293,111,294,96,351,118,338,116,,,,,,,0.03,0.0,0.04,0.07,1.75,2.02,601,141,124,46,304,116,606,218,1.3,0.0
Rico Lewis,Man City,DEF,4.6,19,0,1.9,1.3,0,1,311,1,5,0,0,0,0,1,0,2,67.4,97.3,43.0,20.7,0.2,1,0.0,4.1,365203,452322,335,1963,-0.4,0.4,0.0,0.0,0.11,1.31,1.42,5.04,3,5,14,10,19,5.5,,366,141,225,64,306,97,340,117,,,,,,,0.03,0.0,0.38,0.41,1.46,1.45,396,69,390,144,335,130,169,64,0.87,0.29
Giorgi Mamardashvili,Liverpool,GKP,4.2,19,0,3.8,0.6,0,0,450,1,10,0,1,0,17,0,0,0,140.0,0.0,0.0,13.9,0.0,0,0.0,4.5,150115,160839,295,1187,-0.3,0.3,0.0,0.0,0.0,0.0,0.0,7.1,5,0,7,43,0,0.0,,279,22,606,77,575,63,372,22,,,,,,,0.0,3.4,0.0,0.0,1.42,2.0,632,36,549,81,87,8,243,32,1.0,0.2
William Osula,Newcastle,FWD,5.4,18,0,1.8,0.2,1,1,213,1,4,0,0,0,0,0,0,0,41.2,14.2,68.0,12.1,0.0,0,0.0,3.3,68927,85430,135,114,-0.1,0.1,0.0,0.0,0.64,0.03,0.67,3.27,1,1,1,6,8,3.38,,398,43,389,50,264,46,380,46,,,,,,,0.27,0.0,0.01,0.28,1.38,1.69,182,44,780,80,356,38,373,59,0.42,0.42
Oscar Bobb,Man City,MID,5.1,18,0,2.0,0.2,0,1,464,2,5,0,0,0,0,1,0,0,69.8,154.3,87.0,31.2,0.0,0,0.0,3.5,81764,95183,161,179,-0.4,0.4,0.0,0.0,0.4,1.15,1.55,5.1,5,8,3,18,29,5.62,Hamstring injury - Unknown return date,361,160,158,107,233,126,289,141,,,,,,,0.08,0.0,0.22,0.3,0.99,0.97,238,146,757,332,322,142,379,129,0.97,0.39
Karl Darlow,Leeds,GKP,3.9,18,2,2.6,2.1,0,0,630,1,9,0,0,0,16,0,0,0,135.2,0.0,0.0,13.6,1.6,0,0.4,4.6,159873,245236,6769,3396,-0.1,0.1,0.0,0.0,0.0,0.01,0.01,5.42,7,0,9,67,0,0.0,,286,23,500,21,463,6,373,23,,,,,,,0.0,2.29,0.0,0.0,0.77,1.29,728,67,233,20,234,20,126,17,1.0,0.14
Noussair Mazraoui,Man Utd,DEF,4.9,18,1,1.8,0.2,0,0,441,1,5,0,0,0,0,1,0,2,106.6,51.1,14.0,17.1,0.2,0,0.0,3.7,27783,50024,1379,362,-0.1,0.1,0.0,0.0,0.02,0.23,0.24,3.93,6,13,29,23,42,8.57,,314,122,311,103,371,132,360,127,,,,,,,0.0,0.0,0.05,0.05,0.8,1.02,315,52,398,146,352,134,378,137,1.22,0.2
Rodrigo Muniz,Fulham,FWD,5.3,17,0,2.4,0.7,1,1,348,1,4,1,0,0,0,1,0,3,61.8,42.0,122.0,22.2,0.0,0,0.0,3.2,255372,433705,46,429,-0.2,0.2,0.0,0.0,0.94,0.01,0.95,5.66,4,3,9,7,19,4.91,Hamstring injury - Expected back 07 Feb,370,38,331,39,184,39,333,39,,,,,,,0.24,0.0,0.0,0.24,1.46,1.03,195,45,764,77,272,28,217,34,1.03,0.26
Cristhian Mosquera,Arsenal,DEF,5.3,17,0,1.7,0.1,0,0,429,1,4,0,0,0,0,1,0,1,84.0,23.2,8.0,11.5,0.0,0,0.0,3.2,42742,50375,369,146,-0.2,0.2,0.0,0.0,0.0,0.43,0.43,2.68,4,11,24,17,35,7.34,,338,129,369,133,395,148,387,139,,,,,,,0.0,0.0,0.09,0.09,0.56,0.84,203,27,767,259,367,137,428,159,0.84,0.21
Adama Adama,West Ham,MID,5.1,17,0,1.1,0.1,0,0,261,0,7,0,0,0,0,0,0,0,20.2,61.8,57.0,13.5,0.6,0,0.1,3.3,11908,33498,486,252,-0.4,0.4,0.0,0.0,0.19,0.55,0.74,4.89,1,1,1,12,14,4.83,,429,191,286,165,285,150,375,175,,,,,,,0.07,0.0,0.19,0.26,1.69,2.41,227,140,324,147,429,193,417,140,0.34,0.0
Sebastiaan Bornauw,Leeds,DEF,3.8,16,4,2.3,0.1,0,0,249,1,3,0,0,0,0,0,0,0,60.4,5.1,6.0,7.1,2.8,0,0.7,4.2,16037,12768,1587,501,-0.2,0.2,0.0,0.0,0.0,0.01,0.01,4.24,3,5,27,6,32,11.57,,375,145,426,156,404,151,415,151,,,,,,,0.0,0.0,0.0,0.0,1.53,1.08,785,241,138,50,278,108,432,161,1.08,0.36
Stefanos Tzimas,Brighton,FWD,5.2,16,0,1.8,0.1,1,1,132,0,2,0,0,0,0,0,0,0,66.6,65.7,44.0,17.7,0.0,0,0.0,3.1,12998,22697,27,75,-0.3,0.3,0.0,0.0,0.44,0.11,0.55,2.59,1,3,2,10,15,10.23,Knee injury - Expected back 01 Jun,367,37,280,29,305,50,356,43,,,,,,,0.3,0.0,0.08,0.38,1.77,1.36,224,51,761,76,354,36,513,71,0.68,0.0
Tyler Dibling,Everton,MID,5.3,16,1,1.3,0.0,0,0,338,2,2,0,0,0,0,2,0,0,46.0,61.0,32.0,13.6,1.4,0,0.3,3.0,7421,6433,46,132,-0.2,0.2,0.0,0.0,0.2,0.14,0.34,5.95,4,7,11,22,40,10.65,,392,173,290,168,329,173,374,174,,,,,,,0.05,0.0,0.04,0.09,1.58,0.53,202,125,257,109,419,189,632,253,1.07,0.53
Merlin Röhl,Everton,MID,5.0,16,0,1.6,0.0,0,0,353,2,4,0,0,0,0,0,0,0,61.2,65.9,32.0,15.9,2.0,0,0.4,3.2,1295,1190,79,49,0.0,0.0,0.0,0.0,0.5,0.17,0.67,6.27,2,15,10,18,43,10.96,,372,163,279,164,328,172,362,170,,,,,,,0.13,0.0,0.04,0.17,1.6,1.02,276,169,205,88,380,169,701,295,0.51,0.51
Ross Barkley,Aston Villa,MID,4.8,15,0,2.1,0.0,1,1,114,0,0,0,0,0,0,0,0,0,51.8,33.7,55.0,14.0,0.0,0,0.0,3.1,4411,11759,16,35,-0.2,0.2,0.0,0.0,0.43,0.16,0.59,1.41,0,3,2,10,15,11.84,Lack of match fitness - 25% chance of playing,386,168,345,181,288,152,371,173,,,,,,,0.34,0.0,0.13,0.47,1.11,0.0,350,219,699,289,306,133,621,243,0.0,0.0
Olivier Boscagli,Brighton,DEF,4.2,15,5,3.0,0.1,0,1,230,1,2,0,0,0,0,1,0,2,68.2,37.1,12.0,11.8,1.2,0,0.3,3.6,5026,11815,249,94,-0.3,0.3,0.0,0.0,0.05,0.19,0.24,3.49,3,4,15,15,19,7.43,,363,138,340,118,374,134,382,136,,,,,,,0.02,0.0,0.07,0.09,1.37,0.78,625,145,265,99,184,71,502,181,1.17,0.39
Jacob J.Ramsey,Newcastle,MID,5.3,15,1,1.2,0.2,0,0,547,0,12,0,0,0,0,2,0,0,68.8,142.4,68.0,28.0,0.8,0,0.2,2.8,23028,72608,254,302,-0.2,0.2,0.0,0.0,0.4,0.65,1.05,9.66,4,14,9,45,68,11.19,,362,161,170,116,263,143,304,146,,,,,,,0.07,0.0,0.11,0.18,1.59,1.97,194,121,313,142,425,191,362,120,0.66,0.0
Chris Rigg,Sunderland,MID,4.7,15,0,1.5,0.0,0,0,375,2,2,0,0,0,0,0,0,0,20.2,48.4,21.0,8.9,0.4,0,0.1,3.2,5386,8460,49,111,-0.3,0.3,0.0,0.0,0.32,0.35,0.67,5.12,6,6,7,14,27,6.48,,428,190,319,178,356,183,405,183,,,,,,,0.08,0.0,0.08,0.16,1.23,0.48,389,243,346,153,392,173,584,218,1.44,0.48
Rodrigo R.Gomes,Wolves,DEF,4.4,15,1,1.9,0.1,1,0,381,0,9,0,0,0,0,0,0,0,60.8,41.3,107.0,21.1,0.4,0,0.1,3.4,8837,14326,55,32,-0.1,0.1,0.0,0.0,0.95,0.23,1.18,4.78,4,7,11,17,18,4.25,,373,144,333,113,206,53,337,115,,,,,,,0.22,0.0,0.05,0.27,1.13,2.13,537,116,342,127,332,127,566,205,0.94,0.0
Jadon Sancho,Aston Villa,MID,5.8,15,1,1.2,0.2,0,0,360,1,2,0,0,0,0,0,0,0,41.0,88.0,109.0,24.0,1.4,0,0.2,2.6,39577,43260,1036,544,-0.2,0.2,0.0,0.0,0.38,0.6,0.98,6.03,3,2,8,11,21,5.25,,399,175,237,146,200,109,322,156,,,,,,,0.1,0.0,0.15,0.25,1.51,0.5,106,68,260,112,426,192,364,121,0.75,0.25
Ryan Yates,Nott'm Forest,MID,4.7,15,0,1.4,0.1,0,1,299,0,5,0,0,0,0,1,0,0,64.2,27.0,25.0,11.5,0.0,0,0.0,3.2,9194,18622,53,40,-0.3,0.3,0.0,0.0,0.07,0.17,0.24,3.48,1,7,15,11,33,9.93,,368,162,362,187,342,178,385,177,,,,,,,0.02,0.0,0.05,0.07,1.05,1.51,381,238,694,286,403,180,544,196,0.3,0.0
Joe Willock,Newcastle,MID,5.0,15,1,1.2,0.1,0,0,239,2,3,0,0,0,0,1,0,0,36.0,49.9,27.0,11.1,0.6,0,0.1,3.0,9967,10316,279,198,0.0,0.0,0.0,0.0,0.6,0.11,0.71,3.88,2,10,4,12,26,9.79,,403,177,315,176,336,176,392,180,,,,,,,0.23,0.0,0.04,0.27,1.46,1.13,250,152,322,145,424,190,512,184,0.75,0.75
Yoane Wissa,Newcastle,FWD,7.3,15,2,1.7,0.9,1,0,325,1,4,0,0,0,0,1,0,0,43.6,33.0,122.0,19.4,2.4,0,0.3,2.1,222127,392111,5109,11093,-0.2,0.2,0.0,0.0,1.56,0.4,1.96,4.29,3,2,1,11,14,3.88,,394,42,349,43,185,40,349,42,,,,,,,0.43,0.0,0.11,0.54,1.19,1.11,23,8,182,21,372,42,191,31,0.83,0.28
Christantus Uche,Crystal Palace,FWD,5.5,14,1,1.3,0.0,0,1,114,0,4,0,0,0,0,0,0,0,10.8,5.5,65.0,7.8,0.6,0,0.1,2.5,11941,8676,250,216,0.0,0.0,0.0,0.0,0.36,0.01,0.37,4.05,0,1,1,6,8,6.32,,438,49,425,52,267,48,411,50,,,,,,,0.28,0.0,0.01,0.29,3.2,3.16,156,40,327,39,420,49,579,76,0.0,0.0
Enes Enes Ünal,Bournemouth,FWD,5.4,14,1,1.4,0.0,1,0,112,0,2,0,0,0,0,1,0,1,38.0,4.1,53.0,9.2,0.8,0,0.1,2.6,10812,9041,403,192,-0.1,0.1,0.0,0.0,0.96,0.05,1.01,1.89,0,0,2,3,5,4.02,,402,44,430,55,291,49,403,49,,,,,,,0.77,0.0,0.04,0.81,1.52,1.61,162,41,314,38,406,46,612,79,0.0,0.0
Destiny Udogie,Spurs,DEF,4.3,14,1,1.3,0.3,0,1,650,0,14,0,0,0,0,1,0,0,121.8,101.0,61.0,28.4,0.2,0,0.0,3.3,47659,109105,333,224,-0.2,0.2,0.0,0.0,0.1,0.37,0.47,11.16,6,13,18,40,31,4.29,,297,114,221,62,275,81,300,102,,,,,,,0.01,0.0,0.05,0.06,1.55,1.94,586,136,371,139,412,152,307,114,0.83,0.0
Lucas Lucas Pires,Burnley,DEF,3.8,14,1,1.6,0.3,0,0,681,1,14,0,0,0,0,0,1,0,111.6,101.1,51.0,26.3,1.6,0,0.4,3.7,37689,29085,2314,1147,-0.2,0.2,0.0,0.0,0.3,0.72,1.02,15.27,8,16,33,39,49,6.48,,309,119,220,61,294,93,311,106,,,,,,,0.04,0.0,0.1,0.14,2.02,1.85,800,256,232,87,373,139,326,120,1.06,0.13
Nathaniel Clyne,Crystal Palace,DEF,3.8,14,0,2.0,0.6,0,1,418,0,8,0,0,0,0,0,0,2,74.4,46.3,31.0,15.1,1.6,0,0.4,3.7,84967,88944,883,2572,-0.2,0.2,0.0,0.0,0.43,0.56,0.99,5.77,6,12,22,15,34,7.32,,355,135,322,108,331,107,367,131,,,,,,,0.09,0.0,0.12,0.21,1.24,1.72,774,231,231,86,314,119,232,87,1.29,0.0
Oliver Sonne,Burnley,DEF,3.8,13,0,1.9,0.3,1,0,164,0,4,0,0,0,0,0,0,0,44.8,18.1,30.0,9.2,0.4,0,0.1,3.4,34462,24097,108,917,-0.2,0.2,0.0,0.0,0.55,0.08,0.63,3.79,1,2,5,4,7,3.84,,393,150,380,138,332,108,402,145,,,,,,,0.3,0.0,0.04,0.34,2.08,2.2,794,250,330,119,328,123,330,122,0.55,0.0
Daniel James,Leeds,MID,5.2,13,0,1.3,0.1,0,0,348,1,12,0,0,0,0,0,0,0,36.0,95.0,87.0,21.9,0.0,0,0.0,2.5,7285,52103,18,67,-0.3,0.3,0.0,0.0,0.71,0.56,1.27,8.79,4,4,2,12,18,4.66,Lack of match fitness - 75% chance of playing,404,178,227,139,234,127,334,162,,,,,,,0.18,0.0,0.14,0.32,2.27,3.1,208,130,758,333,418,188,476,164,1.03,0.26
Habib Diarra,Sunderland,MID,5.3,13,0,2.2,0.0,0,1,416,2,2,0,0,0,0,2,0,0,19.6,34.9,47.0,9.5,0.0,0,0.0,2.5,7025,16285,230,94,-0.2,0.2,0.0,0.0,0.54,0.09,0.63,4.69,4,4,9,13,26,5.62,,431,192,343,180,297,154,399,182,,,,,1.0,,0.12,0.0,0.02,0.14,1.01,0.43,205,127,768,338,299,130,607,233,0.87,0.43
Rio Ngumoha,Liverpool,MID,4.3,13,1,1.6,0.7,1,0,76,0,3,0,0,0,0,0,0,0,50.8,59.7,41.0,15.3,0.6,0,0.1,3.0,216675,156132,2865,3646,-0.2,0.2,0.0,0.0,0.37,0.35,0.72,2.78,0,1,0,2,3,3.55,,387,169,297,170,310,161,364,171,,,,,,,0.44,0.0,0.41,0.85,3.29,3.55,614,358,320,144,375,166,215,73,0.0,0.0
Rayan Aït-Nouri,Man City,DEF,5.7,13,0,2.2,3.8,0,0,214,1,2,0,0,0,0,1,0,1,46.6,39.3,11.0,9.7,0.2,0,0.0,2.3,515760,2386118,912,2410,-0.3,0.3,0.0,0.0,0.04,0.51,0.55,3.12,3,9,14,8,23,9.67,,391,149,336,115,379,136,398,143,,,,,,,0.02,0.0,0.21,0.23,1.31,0.84,122,12,407,148,301,114,91,33,1.26,0.42
Dennis Cirkin,Sunderland,DEF,4.0,13,1,2.2,0.1,0,0,296,1,2,0,0,0,0,1,0,0,58.2,8.7,2.0,6.8,2.2,0,0.6,3.2,6157,4204,412,252,0.0,0.0,0.0,0.0,0.0,0.02,0.02,6.04,3,8,18,7,26,7.91,,380,147,415,152,421,158,418,152,,,,,,,0.0,0.0,0.01,0.01,1.84,0.61,672,169,186,69,291,111,569,206,0.91,0.3
Fábio Carvalho,Brentford,MID,4.7,13,0,2.2,0.1,1,0,100,0,4,0,0,0,0,0,0,1,39.0,6.5,36.0,8.1,0.0,0,0.0,2.8,27143,50770,18,117,-0.3,0.3,0.0,0.0,0.7,0.03,0.73,2.08,1,3,0,5,8,7.2,Knee injury - Expected back 01 Jun,401,176,422,206,319,167,410,185,4.0,,,,4.0,,0.63,0.0,0.03,0.66,1.87,3.6,384,240,695,287,296,127,453,154,0.9,0.0
Taiwo Awoniyi,Nott'm Forest,FWD,5.2,13,6,1.6,0.3,1,0,204,0,2,0,0,0,0,0,0,1,52.4,41.8,101.0,19.6,1.4,0,0.3,2.5,31769,88791,1293,339,-0.3,0.3,0.0,0.0,0.85,0.39,1.24,3.39,1,1,4,7,12,5.29,,385,41,332,40,216,43,348,41,,,,,,,0.38,0.0,0.17,0.55,1.5,0.88,210,47,256,31,381,43,318,53,0.44,0.0
Fer Fer López,Wolves,MID,5.1,12,0,1.3,0.0,0,1,228,0,9,0,0,0,0,1,0,0,29.0,61.0,37.0,12.4,0.2,0,0.0,2.4,1383,4602,19,59,-0.4,0.4,0.0,0.0,0.16,0.61,0.77,3.98,2,1,1,10,12,4.74,has joined Celta Vigo on loan for the rest of the season.,413,184,289,167,316,165,378,176,,,,,,,0.06,0.0,0.24,0.3,1.57,3.55,241,148,403,189,417,187,640,259,0.79,0.0
Marc Marc Guiu,Chelsea,FWD,4.2,12,0,1.3,6.4,0,1,247,0,2,0,0,0,0,1,0,0,24.6,38.8,81.0,12.6,0.0,0,0.0,2.9,1139017,2555189,7126,25957,-0.3,0.3,0.0,0.0,1.46,0.29,1.75,5.65,1,0,4,3,7,2.55,,420,46,337,41,241,45,377,45,,,,,,,0.53,0.0,0.11,0.64,2.06,0.73,635,87,552,47,410,48,59,11,0.36,0.0
John Stones,Man City,DEF,5.4,12,0,1.7,0.6,0,0,351,1,8,0,0,0,0,0,0,0,76.6,19.6,2.0,9.8,0.0,0,0.0,2.2,50203,108045,25,476,-0.1,0.1,0.0,0.0,0.0,0.06,0.06,5.05,4,0,19,17,19,4.87,Thigh injury - Unknown return date,351,133,379,137,434,162,396,142,,,,,,,0.0,0.0,0.02,0.02,1.29,2.05,158,17,769,260,368,138,240,91,1.03,0.26
Dilane Bakwa,Nott'm Forest,MID,5.9,12,0,1.5,0.0,0,1,302,0,7,0,0,0,0,1,0,0,49.8,108.8,71.0,23.0,1.2,0,0.2,2.0,3885,3532,83,72,-0.1,0.1,0.0,0.0,0.39,0.68,1.07,5.51,3,1,3,19,23,6.85,,389,171,208,133,258,139,327,159,,,,,,,0.12,0.0,0.2,0.32,1.64,2.09,101,66,278,122,397,177,675,280,0.89,0.0
Matt O'Riley,Brighton,MID,5.5,12,0,6.0,0.3,1,0,177,1,2,0,0,0,0,0,0,2,60.8,66.6,63.0,19.0,0.0,1,0.0,2.2,130744,198651,0,87,0.0,0.0,0.0,0.0,1.21,0.17,1.38,2.12,2,4,3,2,9,4.58,has joined Marseille on loan for the rest of the season.,374,164,277,162,273,146,351,167,,,,,,,0.62,0.0,0.09,0.71,1.08,1.02,142,89,784,349,3,1,297,98,1.02,0.51
Jack Harrison,Leeds,MID,5.1,12,0,1.1,0.1,0,0,262,0,5,0,0,0,0,0,0,0,30.0,49.4,35.0,11.5,0.0,0,0.0,2.4,6000,17900,0,221,-0.4,0.4,0.0,0.0,0.28,0.23,0.51,3.82,1,5,6,13,24,8.24,has joined ACF Fiorentina on loan for the rest of the season.,411,182,317,177,323,169,386,178,4.0,,,,,,0.1,0.0,0.08,0.18,1.31,1.72,230,142,754,329,430,194,571,211,0.34,0.0
Myles Lewis-Skelly,Arsenal,DEF,5.1,12,0,0.9,1.5,0,0,311,0,5,0,0,0,0,3,0,0,31.2,45.5,18.0,9.4,0.4,0,0.1,2.4,129922,452578,784,1876,-0.4,0.4,0.0,0.0,0.05,0.06,0.11,5.26,1,4,10,14,14,4.05,,410,156,323,109,365,128,400,144,,,,,,,0.01,0.0,0.02,0.03,1.52,1.45,239,36,352,131,488,170,153,59,0.29,0.0
Niclas Füllkrug,West Ham,FWD,5.6,12,0,1.5,0.6,0,0,407,1,11,0,0,0,0,0,0,0,26.0,85.1,130.0,23.8,0.0,0,0.0,2.1,47611,390443,0,390,-0.4,0.4,0.0,0.0,0.93,0.21,1.14,8.59,5,2,7,10,19,4.2,has joined AC Milan on loan for the rest of the season.,417,45,245,25,172,38,324,38,,,,,,,0.21,0.0,0.05,0.26,1.9,2.43,125,34,789,83,396,45,237,37,1.11,0.22
Frank Onyeka,Brentford,MID,4.8,12,0,2.0,0.0,0,2,88,0,2,0,0,0,0,0,0,0,28.4,13.6,4.0,4.6,0.0,0,0.0,2.5,5315,8490,48,36,-0.2,0.2,0.0,0.0,0.0,0.36,0.36,2.02,0,2,3,5,10,10.23,,414,185,392,195,416,206,433,195,,,,,,,0.0,0.0,0.37,0.37,2.07,2.05,366,228,704,292,319,140,593,225,0.0,0.0
Gabriel G.Jesus,Arsenal,FWD,6.4,11,1,1.4,0.4,1,0,206,0,5,0,0,0,0,1,0,0,60.0,21.9,139.0,21.9,1.6,0,0.2,1.7,80965,41478,14531,4184,-0.1,0.1,0.0,0.0,1.0,0.15,1.15,3.19,1,4,4,13,21,9.17,,377,39,373,47,156,36,335,40,,,,,,,0.44,0.0,0.07,0.51,1.39,2.18,57,20,248,29,407,47,259,41,0.44,0.0
John Victor John,Nott'm Forest,GKP,4.0,11,0,2.2,0.4,0,0,437,1,8,0,0,0,6,1,0,0,56.4,0.0,0.0,5.7,0.4,0,0.1,2.8,65525,38951,72,1375,0.0,0.0,0.0,0.0,0.0,0.0,0.0,6.13,5,0,4,26,0,0.0,Knee injury - Expected back 01 Jun,382,29,547,53,512,38,422,29,,,,,,,0.0,1.24,0.0,0.0,1.26,1.65,662,46,332,22,290,24,272,37,1.03,0.21
James Trafford,Man City,GKP,4.5,11,0,3.7,0.9,0,0,270,1,4,0,0,0,11,0,0,0,100.2,0.0,0.0,10.1,0.0,0,0.0,2.4,99102,269049,74,827,-0.5,0.5,0.0,0.0,0.0,0.0,0.0,3.97,3,2,6,33,0,0.0,,320,25,673,85,651,73,394,26,,,,,,,0.0,3.67,0.0,0.0,1.32,1.33,424,23,629,88,98,9,189,24,1.0,0.33
Joël Piroe,Leeds,FWD,4.9,11,0,1.1,0.3,0,0,201,1,6,0,0,0,0,0,0,0,6.0,20.7,90.0,11.2,0.2,0,0.0,2.2,36231,216329,307,429,-0.6,0.6,0.0,0.0,0.65,0.08,0.73,4.77,2,0,1,8,9,4.03,,452,52,375,48,229,44,391,48,,,,,2.0,,0.29,0.0,0.04,0.33,2.14,2.69,318,57,400,44,428,51,292,47,0.9,0.45
Marco M.Bizot,Aston Villa,GKP,4.2,11,0,2.2,0.4,0,0,405,1,8,0,0,0,13,2,0,0,92.8,0.0,0.0,9.3,0.4,0,0.1,2.6,82668,111174,209,477,-0.3,0.3,0.0,0.0,0.0,0.0,0.0,8.53,4,0,6,41,0,0.0,,330,27,603,74,571,59,401,27,,,,,,,0.0,2.89,0.0,0.0,1.9,1.78,621,32,334,23,293,25,267,35,0.89,0.22
Douglas Luiz Douglas Luiz,Aston Villa,MID,4.9,11,0,1.4,0.1,0,1,314,0,7,0,0,0,0,2,0,0,46.6,77.4,25.0,14.9,0.2,0,0.0,2.2,15849,15139,651,230,-0.1,0.1,0.0,0.0,0.14,0.64,0.78,4.45,5,9,10,20,39,11.18,,390,172,259,156,343,179,368,172,,,,,,,0.04,0.0,0.18,0.22,1.28,2.01,316,195,399,186,405,181,575,214,1.43,0.0
Harrison Reed,Fulham,MID,4.3,11,0,2.8,0.3,1,0,14,0,1,0,0,0,0,0,0,2,35.6,8.4,7.0,5.1,2.0,0,0.5,2.6,59955,56985,1717,1364,-0.2,0.2,0.0,0.0,0.04,0.24,0.28,0.41,0,0,0,1,1,6.43,,405,179,416,202,399,195,426,192,,,,,,,0.26,0.0,1.54,1.8,2.64,6.43,571,338,201,87,209,92,310,104,0.0,0.0
James Ward-Prowse,Burnley,MID,5.6,11,0,2.2,0.2,0,0,414,1,11,0,0,0,0,0,0,0,56.6,176.3,6.0,23.9,0.0,0,0.0,2.0,15523,45206,350,270,-0.4,0.4,0.0,0.0,0.13,0.91,1.04,7.27,5,4,9,9,22,4.78,,381,167,142,100,406,200,323,157,,,,,,,0.03,0.0,0.2,0.23,1.58,2.39,126,78,790,352,300,131,387,132,1.09,0.22
Matt Doherty,Wolves,DEF,4.4,11,0,1.4,0.1,0,0,599,1,11,0,0,0,0,4,0,0,104.4,50.1,18.0,17.3,0.4,0,0.1,2.5,5659,19527,44,114,-0.1,0.1,0.0,0.0,0.09,0.19,0.28,9.23,8,13,34,23,47,7.06,,316,123,313,105,363,127,359,126,,,,,,,0.01,0.0,0.03,0.04,1.39,1.65,513,99,341,126,401,148,490,177,1.2,0.15
Altay Bayindir,Man Utd,GKP,4.7,11,0,1.8,0.3,0,0,540,0,11,0,0,0,13,0,0,0,118.4,10.0,0.0,12.8,0.0,0,0.0,2.3,35111,60023,225,310,-0.3,0.3,0.0,0.0,0.0,0.05,0.05,9.24,6,0,7,39,0,0.0,,300,24,408,9,721,79,376,24,,,,,,,0.0,2.17,0.01,0.01,1.54,1.83,385,17,696,90,349,28,304,40,1.0,0.0
Aaron Ramsdale,Newcastle,GKP,4.8,11,0,1.6,0.7,0,0,553,0,10,0,0,0,10,0,0,0,97.4,10.0,0.0,10.8,0.0,0,0.0,2.3,106711,141635,346,1722,-0.2,0.2,0.0,0.0,0.0,0.0,0.0,7.96,6,0,5,49,0,0.0,,325,26,409,10,729,81,393,25,,,,,,,0.0,1.63,0.0,0.0,1.3,1.63,364,15,703,91,378,29,214,28,0.98,0.0
Diego Coppola,Brighton,DEF,4.2,10,0,2.0,0.1,0,0,193,1,3,0,0,0,0,2,0,0,42.4,3.7,2.0,4.8,0.0,0,0.0,2.4,2727,7318,30,44,-0.3,0.3,0.0,0.0,0.0,0.01,0.01,4.52,2,2,16,6,18,8.39,,396,152,433,159,423,160,429,156,,,,,,,0.0,0.0,0.0,0.0,2.11,1.4,639,153,556,234,316,121,570,207,0.93,0.47
Ben Davies,Spurs,DEF,4.3,10,0,3.3,0.1,1,0,136,0,3,0,0,0,0,1,0,1,67.4,22.2,52.0,14.2,1.8,0,0.4,2.3,4319,11235,19,209,-0.2,0.2,0.0,0.0,0.49,0.07,0.56,1.11,2,5,9,5,14,9.26,Ankle injury - Unknown return date,365,140,371,134,293,92,370,133,,,,,,,0.32,0.0,0.05,0.37,0.73,1.99,569,124,213,77,139,56,525,190,1.32,0.0
Harrison Armstrong,Everton,MID,4.5,10,1,2.0,0.1,0,0,235,1,3,0,0,0,0,0,0,0,29.0,33.3,10.0,7.3,1.8,0,0.4,2.2,5938,15229,324,205,0.0,0.0,0.0,0.0,0.0,0.12,0.12,3.47,3,4,10,9,23,8.81,,412,183,347,182,382,192,414,186,,,,,,,0.0,0.0,0.05,0.05,1.33,1.15,492,303,220,94,318,139,546,197,1.15,0.38
Ki-Jana Hoever,Wolves,DEF,3.8,10,0,1.2,1.1,0,0,423,0,13,0,0,0,0,0,0,0,101.4,87.8,13.0,20.3,0.0,0,0.0,2.6,121813,239341,0,4876,-0.2,0.2,0.0,0.0,0.02,0.36,0.38,9.36,6,13,27,16,40,8.51,has joined Sheffield United on loan for the rest of the season.,318,124,239,69,372,133,342,118,,,,,,,0.0,0.0,0.08,0.08,1.99,2.77,786,242,421,159,422,154,175,67,1.28,0.0
Romaine Mundle,Sunderland,MID,4.9,10,1,1.0,0.0,0,0,302,0,6,0,0,0,0,1,0,0,24.6,29.3,46.0,9.7,1.2,0,0.2,2.0,943,1271,37,38,-0.1,0.1,0.0,0.0,0.45,0.26,0.71,5.74,2,4,4,15,23,6.85,,421,187,356,185,300,157,397,181,,,3.0,,,,0.13,0.0,0.08,0.21,1.71,1.79,330,203,271,117,471,219,729,310,0.6,0.0
Issa Diop,Fulham,DEF,4.3,10,0,1.2,0.1,0,0,412,0,9,0,0,0,0,1,0,0,72.4,4.3,8.0,8.5,0.8,0,0.2,2.3,6484,10657,61,124,-0.2,0.2,0.0,0.0,0.02,0.03,0.05,8.18,4,5,30,10,35,7.65,,359,136,427,157,389,145,408,147,,,,,,,0.0,0.0,0.01,0.01,1.79,1.97,574,128,307,110,423,155,521,188,0.87,0.0
Arnaud Kalimuendo,Nott'm Forest,FWD,6.0,9,0,1.0,0.1,0,0,89,0,3,0,0,0,0,0,0,0,6.8,17.7,39.0,6.3,0.2,0,0.0,1.5,15291,17520,0,228,0.0,0.0,0.0,0.0,0.44,0.02,0.46,1.57,0,1,1,4,6,6.07,has joined Eintracht Frankfurt on loan for the rest of the season.,449,51,382,49,313,51,421,51,,,,,,,0.44,0.0,0.02,0.46,1.59,3.03,89,29,409,45,484,57,435,62,0.0,0.0
Mads Hermansen,West Ham,GKP,4.2,9,0,2.2,0.2,0,0,360,1,11,0,0,0,9,0,0,0,84.8,0.0,0.0,8.5,0.0,0,0.0,2.1,15040,35939,109,183,-0.3,0.3,0.0,0.0,0.0,0.01,0.01,5.44,4,0,7,27,0,0.0,,337,28,607,78,576,64,407,28,,,,,,,0.0,2.25,0.0,0.0,1.36,2.75,633,37,550,82,294,26,365,54,1.0,0.25
Andy Irving,West Ham,MID,4.3,9,0,1.3,0.3,0,0,156,0,4,0,0,0,0,0,0,0,31.6,52.3,2.0,8.6,0.0,0,0.0,2.1,43311,50499,0,1111,-0.2,0.2,0.0,0.0,0.0,0.17,0.17,4.03,2,6,2,14,22,12.69,has joined Sparta Prague permanently.,409,181,310,175,424,209,406,184,3.0,,,,,,0.0,0.0,0.1,0.1,2.32,2.31,576,339,564,194,411,182,339,113,1.15,0.0
Guido G.Rodriguez,West Ham,MID,4.8,8,0,1.3,0.0,0,0,175,1,2,0,0,0,0,1,0,0,9.8,6.0,2.0,1.7,0.2,0,0.0,1.7,2295,5602,33,99,-0.2,0.2,0.0,0.0,0.03,0.04,0.07,2.59,2,1,4,10,15,7.71,has joined Valencia on loan for the rest of the season.,441,197,424,207,430,213,454,207,,,,,,,0.02,0.0,0.02,0.04,1.33,1.03,355,223,392,181,414,184,589,221,1.03,0.51
Endo Endo,Liverpool,MID,4.9,8,1,1.3,0.1,0,1,99,0,5,0,0,0,0,1,0,0,41.4,16.0,0.0,5.7,0.2,0,0.0,1.6,6866,14428,125,61,-0.1,0.1,0.0,0.0,0.0,0.04,0.04,3.69,0,5,7,0,12,10.91,,397,174,384,192,734,315,423,190,,,,,,,0.0,0.0,0.04,0.04,3.35,4.55,294,182,395,184,415,185,492,174,0.0,0.0
Ethan Nwaneri,Arsenal,MID,5.0,8,0,1.3,0.1,0,0,165,1,0,0,0,0,0,0,0,0,8.6,22.5,24.0,5.4,0.0,0,0.0,1.6,13149,35786,0,400,-0.5,0.5,0.0,0.0,0.23,0.08,0.31,0.73,0,2,1,10,13,7.09,has joined Marseille on loan for the rest of the season.,444,200,370,190,347,180,425,191,,,,,,,0.13,0.0,0.04,0.17,0.4,0.0,271,164,745,322,416,186,434,147,0.0,0.55
Ben Gannon-Doak,Bournemouth,MID,4.8,7,0,1.8,0.0,0,1,53,0,1,0,0,0,0,0,0,0,21.2,14.0,11.0,4.7,0.0,0,0.0,1.5,4572,7939,4,18,-0.2,0.2,0.0,0.0,0.09,0.09,0.18,2.66,0,2,1,0,3,5.09,Hamstring injury - Unknown return date,427,189,390,194,378,191,431,194,,,,,,,0.15,0.0,0.15,0.3,4.52,1.7,370,231,706,293,350,154,629,250,0.0,0.0
Pascal Groß,Brighton,MID,5.5,7,2,1.8,0.0,0,0,286,0,3,0,0,0,0,1,0,1,50.0,143.1,37.0,22.8,1.8,0,0.3,1.3,6236,1527,701,532,0.0,0.0,0.0,0.0,0.24,0.75,0.99,4.94,3,3,9,11,23,7.24,,388,170,169,115,317,166,329,160,,,,,,,0.08,0.0,0.24,0.32,1.55,0.94,135,82,227,98,357,157,610,235,0.94,0.0
Joe Worrall,Burnley,DEF,3.8,7,0,1.2,0.1,0,0,154,0,3,0,0,0,0,0,0,0,42.4,0.8,2.0,4.6,0.0,0,0.0,1.8,17733,21485,35,229,-0.2,0.2,0.0,0.0,0.0,0.02,0.02,3.95,1,2,21,4,23,13.44,Lack of match fitness - 75% chance of playing,395,151,450,166,420,157,432,157,,,,,,,0.0,0.0,0.01,0.01,2.31,1.75,778,234,416,154,421,153,413,152,0.58,0.0
Oleksandr Zinchenko,Nott'm Forest,DEF,4.9,7,0,1.4,0.2,0,0,352,0,6,0,0,0,0,0,0,0,80.8,83.4,22.0,18.6,0.2,0,0.0,1.4,26159,50498,397,240,-0.1,0.1,0.0,0.0,0.07,0.36,0.43,5.02,4,10,14,17,24,6.14,,343,131,249,73,355,122,353,123,,,,,,,0.02,0.0,0.09,0.11,1.28,1.53,303,48,396,145,404,149,353,129,1.02,0.0
Jorrel Hato,Chelsea,DEF,4.6,7,1,0.9,0.2,0,0,270,0,5,0,0,0,0,2,0,0,53.0,28.6,17.0,9.8,0.8,0,0.2,1.5,12371,36987,182,202,-0.4,0.4,0.0,0.0,0.22,0.05,0.27,4.47,2,7,18,9,25,8.33,,384,148,357,127,367,130,395,141,,,,,,,0.07,0.0,0.02,0.09,1.49,1.67,400,71,309,112,486,169,396,144,0.67,0.0
Benoît B.Badiashile,Chelsea,DEF,4.4,7,4,1.0,0.0,0,0,425,0,8,0,0,0,0,2,0,0,80.4,7.1,2.0,9.1,1.2,0,0.3,1.6,5504,4918,1546,304,-0.1,0.1,0.0,0.0,0.0,0.05,0.05,6.9,5,6,35,15,41,8.68,,344,132,419,153,426,161,404,146,,,,,,,0.0,0.0,0.01,0.01,1.46,1.69,528,112,266,100,446,165,617,221,1.06,0.0
Valentín Taty,West Ham,FWD,5.5,7,4,2.3,0.0,0,1,254,0,4,0,0,0,0,2,0,0,20.0,45.1,102.0,15.7,2.3,0,0.4,1.3,6521,1386,972,632,0.0,0.0,0.0,0.0,1.35,0.04,1.39,3.35,3,2,4,7,13,4.61,,430,48,324,36,214,42,363,44,,,,,,,0.48,0.0,0.01,0.49,1.19,1.42,144,35,183,22,285,30,603,78,1.06,0.0
Reiss Nelson,Brentford,MID,4.8,6,0,1.0,0.1,0,0,50,0,1,0,0,0,0,0,0,0,16.4,4.0,16.0,3.4,0.4,0,0.1,1.2,9852,17279,89,132,-0.2,0.2,0.0,0.0,0.61,0.07,0.68,1.21,0,2,3,12,17,30.6,,433,194,431,208,368,186,440,199,,,,,,,1.1,0.0,0.13,1.23,2.18,1.8,357,224,348,155,466,216,477,165,0.0,0.0
Igor Julio Igor,Brighton,DEF,4.5,6,0,1.5,0.1,0,0,103,0,3,0,0,0,0,0,0,0,25.8,10.6,0.0,3.6,0.0,0,0.0,1.3,8038,9245,148,164,0.0,0.0,0.0,0.0,0.0,0.0,0.0,4.66,1,0,13,3,13,11.36,,418,158,399,147,647,251,439,160,,,,,,,0.0,0.0,0.0,0.0,4.07,2.62,418,81,625,247,390,145,516,185,0.87,0.0
James McAtee,Nott'm Forest,MID,5.0,6,0,0.9,0.1,0,0,169,0,7,0,0,0,0,1,0,0,16.2,44.9,8.0,7.0,0.0,0,0.0,1.2,12186,25553,153,144,-0.5,0.5,0.0,0.0,0.02,0.17,0.19,3.56,1,4,1,6,11,5.86,,434,195,327,179,394,194,417,188,,,,,,,0.01,0.0,0.09,0.1,1.9,3.73,258,158,739,317,487,230,488,172,0.53,0.0
Ezra Mayers,West Ham,DEF,4.0,5,0,1.0,0.0,0,0,112,0,3,0,0,0,0,0,0,0,21.2,33.8,9.0,6.4,0.6,0,0.2,1.2,1998,1434,62,88,0.0,0.0,0.0,0.0,0.12,0.44,0.56,2.8,0,0,5,6,5,4.02,,425,161,344,120,385,141,419,153,,,,,,,0.1,0.0,0.35,0.45,2.25,2.41,713,197,317,115,437,162,648,226,0.0,0.0
Dominic Solanke,Spurs,FWD,7.2,5,2,1.2,1.0,0,0,149,0,3,0,0,0,0,0,0,0,22.4,25.2,68.0,11.5,0.6,0,0.1,0.7,53870,453590,2554,3532,-0.3,0.3,0.0,0.0,0.68,0.02,0.7,2.8,1,6,2,2,10,6.04,,422,47,366,45,265,47,388,47,,,,,2.0,,0.41,0.0,0.01,0.42,1.69,1.81,30,11,329,40,427,50,185,29,0.6,0.0
Max Alleyne,Man City,DEF,4.3,5,0,2.5,0.0,0,0,135,0,1,0,0,0,0,0,0,0,34.0,14.8,26.0,7.5,1.7,0,0.4,1.2,4786,2950,61,712,-0.2,0.2,-0.2,0.2,0.26,0.06,0.32,1.54,2,3,8,4,11,7.33,,407,154,386,141,339,111,413,150,,,,,,,0.17,0.0,0.04,0.21,1.03,0.67,592,138,230,85,257,101,679,236,1.33,0.0
Luis Guilherme L.Guilherme,West Ham,MID,4.9,5,0,1.0,0.0,0,0,121,0,2,0,0,0,0,0,0,0,9.2,14.5,4.0,2.5,0.0,0,0.0,1.0,868,3291,0,19,-0.1,0.1,0.0,0.0,0.07,0.03,0.1,1.82,1,1,2,8,11,8.18,has joined Sporting CP permanently.,443,199,387,193,417,207,447,202,,,,,,,0.05,0.0,0.02,0.07,1.35,1.49,343,213,728,309,473,221,667,275,0.74,0.0
Pablo Felipe Pablo,West Ham,FWD,5.5,5,2,1.7,0.0,0,0,174,0,3,0,0,0,0,0,0,0,8.0,28.0,21.0,5.7,1.2,0,0.2,0.9,2833,1318,227,267,0.0,0.0,0.0,0.0,0.34,0.03,0.37,2.71,2,6,2,5,13,6.72,,447,50,359,44,358,52,424,52,,,,,,,0.18,0.0,0.02,0.2,1.4,1.55,154,39,276,34,369,41,700,84,1.03,0.0
Tom Watson,Brighton,MID,4.8,5,0,0.8,0.0,0,0,57,0,2,0,0,0,0,1,0,0,6.0,2.4,7.0,1.6,0.2,0,0.0,1.0,2344,3653,35,64,-0.2,0.2,0.0,0.0,0.04,0.03,0.07,1.72,0,1,0,4,5,7.89,,451,205,438,210,401,196,456,208,,,,,,,0.06,0.0,0.05,0.11,2.72,3.16,373,234,394,183,490,231,627,248,0.0,0.0
Yves Bissouma,Spurs,MID,5.2,5,4,2.5,0.0,0,0,122,0,3,0,0,0,0,0,0,0,34.2,8.9,21.0,6.4,1.0,0,0.2,1.0,1787,13842,199,59,-0.3,0.3,0.0,0.0,0.28,0.07,0.35,2.69,1,6,9,8,23,16.97,,406,180,414,201,357,184,420,189,,,,,,,0.21,0.0,0.05,0.26,1.98,2.21,211,131,293,132,263,112,598,229,0.74,0.0
Max Dowman,Arsenal,MID,4.2,5,0,2.5,0.3,0,1,27,0,0,0,0,0,0,0,0,0,1.0,0.8,26.0,2.8,0.0,0,0.0,1.2,140112,116743,3080,1898,-0.3,0.3,0.0,0.0,0.14,0.02,0.16,0.12,0,2,0,1,3,10.0,Ankle injury - Unknown return date,476,220,451,218,338,177,442,201,,,,,,,0.47,0.0,0.07,0.54,0.4,0.0,644,362,560,193,255,108,291,97,0.0,0.0
Borna Sosa,Crystal Palace,DEF,4.8,5,1,1.0,0.1,0,0,53,0,1,0,0,0,0,0,0,0,11.0,12.2,4.0,2.7,0.6,0,0.1,1.0,9093,16568,142,144,-0.2,0.2,0.0,0.0,0.0,0.06,0.06,0.83,0,3,4,1,7,11.89,,437,163,394,145,415,155,445,162,,,,,,,0.0,0.0,0.1,0.1,1.41,1.7,360,60,321,118,467,167,448,165,0.0,0.0
Conor Gallagher,Spurs,MID,5.5,4,2,2.0,0.1,0,0,174,0,4,0,0,0,0,0,0,0,25.2,31.1,58.0,11.4,2.0,0,0.4,0.7,23070,4377,1357,2438,0.0,0.0,0.0,0.0,0.31,0.24,0.55,4.1,2,3,3,12,18,9.31,,419,186,351,184,281,149,389,179,,,,,,,0.16,0.0,0.12,0.28,2.12,2.07,143,90,207,90,326,146,412,139,1.03,0.0
Romain Esse,Crystal Palace,MID,4.7,4,0,1.0,0.1,0,0,40,0,0,0,0,0,0,0,0,0,6.8,2.7,6.0,1.5,0.4,0,0.1,0.9,11622,27772,0,240,-0.3,0.3,0.0,0.0,0.0,0.04,0.04,1.74,0,3,0,2,5,11.25,has joined Coventry City on loan for the rest of the season.,448,203,435,209,405,199,458,210,,,,,,,0.0,0.0,0.09,0.09,3.92,0.0,391,245,347,154,465,215,440,149,0.0,0.0
Mike Trésor,Burnley,MID,4.4,4,0,1.0,0.1,0,0,19,0,1,0,0,0,0,0,0,0,0.6,0.4,2.0,0.3,0.2,0,0.0,0.9,11653,14827,14,170,-0.1,0.1,0.0,0.0,0.0,0.0,0.0,0.46,0,0,0,2,2,9.47,Ankle injury - Unknown return date,480,221,458,222,427,210,479,220,,,,,,,0.0,0.0,0.0,0.0,2.18,4.74,531,317,374,169,447,198,540,193,0.0,0.0
Ethan Pinnock,Brentford,DEF,4.2,4,0,1.3,0.1,0,0,228,0,5,1,0,0,0,1,0,0,62.8,1.1,12.0,7.6,0.0,0,0.0,1.0,10886,25141,119,232,-0.3,0.3,0.0,0.0,0.0,0.06,0.06,3.18,3,4,25,9,29,11.45,,369,142,447,164,375,135,412,149,,,,,,,0.0,0.0,0.02,0.02,1.26,1.97,627,147,546,230,409,151,452,167,1.18,0.0
Chadi Chadi Riad,Crystal Palace,DEF,4.0,4,4,4.0,0.0,0,1,14,0,0,0,0,0,0,0,0,0,21.8,10.2,8.0,4.0,0.8,0,0.2,1.0,1847,2113,284,60,0.0,0.0,0.0,0.0,0.09,0.0,0.09,0.0,0,0,0,1,0,0.0,,424,160,402,148,387,143,436,158,,,,,,,0.58,0.0,0.0,0.58,0.0,0.0,692,180,304,107,64,27,668,232,0.0,0.0
Hamed H.Traorè,Bournemouth,MID,4.5,4,0,4.0,0.3,0,1,16,0,2,0,0,0,0,0,0,0,21.2,10.0,0.0,3.1,0.0,0,0.0,0.9,114900,164502,0,151,0.0,0.0,0.0,0.0,0.0,0.0,0.0,0.4,0,1,1,2,4,22.5,has joined Marseille on loan for the rest of the season.,426,188,405,200,650,255,441,200,,,,,,,0.0,0.0,0.0,0.0,2.25,11.25,422,253,628,232,66,29,324,110,0.0,0.0
Harvey Elliott,Aston Villa,MID,5.1,4,0,1.0,0.2,0,0,97,0,2,0,0,0,0,0,0,0,8.6,17.8,18.0,4.4,0.0,0,0.0,0.8,92524,100989,295,227,-0.4,0.4,0.0,0.0,0.19,0.06,0.25,1.74,1,0,2,3,5,4.64,,445,201,381,191,364,185,435,197,,,,,,,0.18,0.0,0.06,0.24,1.61,1.86,235,145,756,331,477,224,391,133,0.93,0.0
Jonah Kusi-Asare,Fulham,FWD,4.5,4,0,0.8,0.1,0,0,30,0,2,0,0,0,0,1,0,0,1.2,11.4,8.0,2.1,0.2,0,0.0,0.9,16782,13078,229,273,0.0,0.0,0.0,0.0,0.0,0.07,0.07,0.75,0,0,0,2,2,6.0,,475,56,397,51,392,53,449,53,,,,,,,0.0,0.0,0.21,0.21,2.25,6.0,502,72,388,43,489,59,496,69,0.0,0.0
Tyrique George,Chelsea,MID,4.8,4,0,1.0,0.1,0,0,142,1,2,0,0,0,0,2,0,0,8.2,7.0,56.0,7.1,0.0,0,0.0,0.8,6238,8796,55,82,-0.2,0.2,0.0,0.0,0.32,0.08,0.4,1.65,0,2,0,1,3,1.9,,446,202,421,205,287,151,416,187,,,,,,,0.2,0.0,0.05,0.25,1.05,1.27,374,235,707,294,469,218,554,203,0.0,0.63
Roméo Lavia,Chelsea,MID,4.9,4,0,1.0,0.0,0,0,105,0,3,0,0,0,0,0,0,0,9.6,7.5,2.0,1.8,0.0,0,0.0,0.8,2518,4517,4,13,-0.1,0.1,0.0,0.0,0.0,0.05,0.05,2.79,1,2,5,4,11,9.43,Thigh injury - Unknown return date,442,198,417,203,432,214,451,205,,,,,,,0.0,0.0,0.04,0.04,2.39,2.57,340,210,727,308,472,220,685,288,0.86,0.0
Mohamadou Mohamadou Kanté,West Ham,MID,4.5,3,0,1.0,0.0,0,0,16,0,0,0,0,0,0,0,0,0,4.4,10.9,4.0,1.7,0.2,0,0.0,0.7,1301,739,42,59,0.0,0.0,0.0,0.0,0.03,0.02,0.05,0.54,0,1,0,3,4,22.5,,456,208,398,197,414,205,453,206,,,,,,,0.17,0.0,0.11,0.28,3.04,0.0,500,310,387,178,463,213,733,312,0.0,0.0
Nayef N.Aguerd,West Ham,DEF,4.4,3,0,1.5,0.0,0,0,180,0,8,0,0,0,0,0,0,0,39.0,3.9,8.0,5.1,0.0,0,0.0,0.7,1288,12249,0,8,-0.1,0.1,0.0,0.0,0.1,0.03,0.13,3.42,2,1,14,8,15,7.5,has joined Marseille permanently.,400,153,432,158,390,146,427,154,,,,,,,0.05,0.0,0.02,0.07,1.71,4.0,520,105,592,242,389,144,597,214,1.0,0.0
Jair Jair Cunha,Nott'm Forest,DEF,4.2,3,0,3.0,0.1,0,0,90,0,2,0,0,0,0,0,0,0,26.0,0.4,0.0,2.6,0.0,0,0.0,0.7,2912,7846,59,69,-0.3,0.3,0.0,0.0,0.0,0.0,0.0,3.28,1,2,9,1,11,11.0,,416,157,457,168,579,242,446,163,,,,,,,0.0,0.0,0.0,0.0,3.28,2.0,641,155,557,235,185,72,545,198,1.0,0.0
Jack J.Fletcher,Man Utd,MID,4.3,3,0,1.0,0.1,0,0,107,0,0,0,0,0,0,0,0,0,18.6,24.4,5.0,4.8,0.2,0,0.0,0.7,12650,10588,134,404,-0.2,0.2,0.0,0.0,0.03,0.02,0.05,1.86,0,5,2,4,11,9.25,,432,193,368,189,408,201,430,193,,,,,,,0.03,0.0,0.02,0.05,1.56,0.0,603,349,373,168,443,196,497,176,0.0,0.0
Séamus Coleman,Everton,DEF,4.2,3,0,1.0,0.1,0,0,11,0,0,0,0,0,0,0,0,0,0.0,0.1,0.0,0.0,0.0,0,0.0,0.7,5212,17003,109,44,-0.3,0.3,0.0,0.0,0.0,0.0,0.0,0.24,1,0,0,1,0,0.0,,610,244,466,171,570,240,611,244,,,,,,,0.0,0.0,0.0,0.0,1.96,0.0,620,142,545,229,440,164,484,174,8.18,0.0
Julio Soler,Bournemouth,DEF,4.0,3,0,1.0,0.2,0,0,34,0,2,0,0,0,0,0,0,0,1.8,2.5,2.0,0.6,0.0,0,0.0,0.8,17166,29756,21,895,0.0,0.0,0.0,0.0,0.0,0.0,0.0,1.62,0,1,0,4,1,2.65,Knock - Unknown return date,470,169,436,160,422,159,469,167,,,,,,,0.0,0.0,0.0,0.0,4.29,5.29,704,189,523,211,436,161,356,130,0.0,0.0
Dan Neil,Sunderland,MID,4.8,3,0,1.0,0.0,0,0,13,0,0,0,0,0,0,0,0,0,3.0,1.4,0.0,0.4,0.2,0,0.0,0.6,1972,4249,20,53,-0.2,0.2,0.0,0.0,0.0,0.0,0.0,0.64,0,0,2,0,2,13.85,has joined Ipswich Town on loan for the rest of the season.,464,214,445,216,728,313,476,219,,,,,,,0.0,0.0,0.0,0.0,4.43,0.0,363,226,393,182,468,217,631,252,0.0,0.0
Christian Nørgaard,Arsenal,MID,5.1,3,0,1.0,0.1,0,0,31,0,1,0,0,0,0,0,0,0,14.6,0.4,7.0,2.3,0.2,0,0.0,0.6,6624,59995,137,145,-0.4,0.4,0.0,0.0,0.05,0.0,0.05,2.16,0,0,5,3,8,23.23,,436,196,459,223,402,197,448,203,,,,,,,0.15,0.0,0.0,0.15,6.27,2.9,226,139,402,188,476,223,426,143,0.0,0.0
Filip Jörgensen,Chelsea,GKP,4.3,3,0,1.5,0.2,0,0,174,0,3,0,0,0,3,0,0,0,28.2,0.0,0.0,2.8,0.4,0,0.1,0.7,14656,25170,50,459,-0.2,0.2,0.0,0.0,0.0,0.0,0.0,2.78,1,0,2,14,0,0.0,,415,30,621,80,593,67,443,30,,,,,,,0.0,1.55,0.0,0.0,1.44,1.55,598,29,339,24,388,30,389,57,0.52,0.0
Joél Drakes-Thomas,Crystal Palace,MID,4.5,2,0,1.0,0.0,0,0,7,0,1,0,0,0,0,0,0,0,1.4,1.0,0.0,0.3,0.2,0,0.0,0.4,477,222,18,26,0.0,0.0,0.0,0.0,0.0,0.0,0.0,0.73,0,1,0,2,3,38.57,,473,219,449,217,715,307,481,222,,,,,,,0.0,0.0,0.0,0.0,9.39,12.86,508,314,389,179,464,214,768,333,0.0,0.0
Tawanda Chirewa,Wolves,MID,4.3,2,0,1.0,0.2,0,0,25,0,0,0,0,0,0,0,0,0,3.2,0.3,0.0,0.4,0.2,0,0.0,0.5,30421,45452,72,443,-0.2,0.2,0.0,0.0,0.0,0.0,0.0,0.5,0,2,1,1,4,14.4,Illness - 75% chance of playing,461,212,461,224,590,219,473,217,,,,,,,0.0,0.0,0.0,0.0,1.8,0.0,593,345,372,167,442,195,355,118,0.0,0.0
George George Hemmings,Aston Villa,MID,4.5,2,0,1.0,0.0,0,0,25,0,0,0,0,0,0,0,0,0,0.0,1.7,2.0,0.3,0.4,0,0.1,0.4,684,410,30,33,0.0,0.0,0.0,0.0,0.04,0.01,0.05,0.61,0,0,0,1,1,3.6,,714,293,441,213,429,212,480,221,,,,,,,0.14,0.0,0.04,0.18,2.2,0.0,478,292,344,151,461,211,751,324,0.0,0.0
Radu Dragusin,Spurs,DEF,4.5,2,1,1.0,0.0,0,0,6,0,0,0,0,0,0,0,0,0,0.2,0.3,4.0,0.4,0.2,0,0.0,0.4,1065,1031,44,45,0.0,0.0,0.0,0.0,0.06,0.0,0.06,0.09,0,0,1,1,1,15.0,,483,173,463,169,413,154,475,169,,,,,,,0.9,0.0,0.0,0.9,1.35,0.0,444,89,381,142,455,166,717,246,0.0,0.0
Shea Lacey,Man Utd,MID,4.5,2,0,1.0,0.0,0,0,12,0,0,0,0,0,0,0,0,0,4.0,1.5,11.0,1.5,0.2,0,0.0,0.4,2703,1521,117,218,0.0,0.0,0.0,0.0,0.07,0.0,0.07,0.11,0,1,0,0,1,7.5,,459,210,444,215,377,190,457,209,,,,,,,0.52,0.0,0.0,0.52,0.82,0.0,476,291,386,177,460,210,702,296,0.0,0.0
Callum Marshall,West Ham,FWD,4.3,2,0,1.0,0.6,0,0,58,0,2,0,0,0,0,0,0,0,1.2,0.1,7.0,0.8,0.0,0,0.0,0.5,63604,100659,0,974,-0.2,0.2,0.0,0.0,0.13,0.0,0.13,1.55,0,0,2,1,3,4.66,has joined VfL Bochum 1848 on loan for the rest of the season.,474,55,467,58,400,55,465,55,,,,,,,0.2,0.0,0.0,0.2,2.41,3.1,607,84,578,52,444,54,241,38,0.0,0.0
Divine Mukasa,Man City,MID,4.4,2,0,1.0,0.0,0,0,25,0,0,0,0,0,0,0,0,0,4.2,28.3,4.0,3.7,0.2,0,0.0,0.5,3389,2775,55,92,-0.1,0.1,0.0,0.0,0.0,0.21,0.21,0.34,0,0,0,1,1,3.6,,457,209,358,186,411,203,437,198,,,,,,,0.0,0.0,0.76,0.76,1.22,0.0,557,334,377,172,451,202,663,272,0.0,0.0
Trey Nyoni,Liverpool,MID,4.3,2,0,1.0,0.3,0,0,2,0,0,0,0,0,0,0,0,0,2.2,10.3,0.0,1.3,0.0,0,0.0,0.5,95957,78559,106,817,-0.2,0.2,0.0,0.0,0.0,0.0,0.0,0.0,0,0,0,0,0,0.0,,467,216,401,199,601,227,462,214,,,,,,,0.0,0.0,0.0,0.0,0.0,0.0,609,354,580,206,445,197,298,99,0.0,0.0
Jenson Seelt,Sunderland,DEF,4.0,2,0,1.0,0.1,0,0,133,0,2,0,0,0,0,0,0,0,33.6,2.4,0.0,3.6,0.0,0,0.0,0.5,3016,24891,0,39,0.0,0.0,0.0,0.0,0.0,0.01,0.01,1.33,1,4,8,6,12,8.12,has joined Wolfsburg on loan for the rest of the season.,408,155,437,161,542,216,438,159,,,,,,,0.0,0.0,0.01,0.01,0.9,1.35,697,183,516,205,435,160,487,176,0.68,0.0
Dane Scarlett,Spurs,FWD,4.3,2,1,1.0,0.6,0,0,7,0,0,0,0,0,0,0,0,0,1.0,4.1,2.0,0.7,0.4,0,0.1,0.5,58811,101089,1136,861,-0.2,0.2,0.0,0.0,0.0,0.01,0.01,0.03,0,0,0,1,1,12.86,,477,57,429,54,425,56,466,56,,,,,,,0.0,0.0,0.13,0.13,0.39,0.0,588,82,337,41,441,53,236,36,0.0,0.0
Bradley Burrowes,Aston Villa,MID,4.4,1,0,1.0,0.1,0,0,16,0,1,0,0,0,0,0,0,0,0.0,0.3,0.0,0.0,0.0,0,0.0,0.2,9173,8341,32,78,-0.1,0.1,0.0,0.0,0.0,0.0,0.0,0.9,0,0,0,1,1,5.62,,665,255,462,225,636,248,666,256,,,,,,,0.0,0.0,0.0,0.0,5.06,5.62,562,336,615,225,453,204,529,188,0.0,0.0
Andrés A.García,Aston Villa,DEF,3.9,1,0,0.5,0.2,0,0,30,0,2,0,0,0,0,0,0,0,0.6,1.5,0.0,0.2,0.2,0,0.1,0.3,27324,37710,209,386,-0.1,0.1,0.0,0.0,0.0,0.01,0.01,1.52,0,0,0,2,0,0.0,Hamstring injury - Expected back 21 Feb,479,171,442,162,497,195,483,172,,,,,,,0.0,0.0,0.03,0.03,4.56,6.0,771,228,366,134,491,171,358,131,0.0,0.0
João Pedro Jota,Nott'm Forest,MID,5.4,1,0,1.0,0.0,0,0,11,0,0,0,0,0,0,0,0,0,5.0,0.5,4.0,1.0,0.0,0,0.0,0.2,1029,9069,0,18,-0.1,0.1,0.0,0.0,0.0,0.0,0.0,0.0,0,2,1,0,3,24.55,has joined Besiktas on loan for the rest of the season.,454,206,456,221,419,208,463,215,,,,,,,0.0,0.0,0.0,0.0,0.0,0.0,179,111,778,344,481,227,613,237,0.0,0.0
Patrick Roberts,Sunderland,MID,5.4,1,0,1.0,0.0,0,0,27,0,1,0,0,0,0,0,0,0,1.8,7.3,5.0,1.4,0.0,0,0.0,0.2,462,4064,0,2,-0.1,0.1,0.0,0.0,0.03,0.02,0.05,0.66,0,0,0,1,1,3.33,has joined Birmingham City on loan for the rest of the season.,471,218,418,204,410,202,460,212,,,,,,,0.1,0.0,0.07,0.17,2.2,3.33,161,100,770,339,480,226,707,300,0.0,0.0
Jamaldeen Jimoh-Aloba,Aston Villa,MID,4.5,1,0,1.0,0.1,0,0,8,0,0,0,0,0,0,0,0,0,0.2,0.3,0.0,0.1,0.2,0,0.0,0.2,8263,9136,153,155,0.0,0.0,0.0,0.0,0.0,0.0,0.0,0.61,0,0,0,1,1,11.25,,484,222,464,226,682,282,485,224,,,,,,,0.0,0.0,0.0,0.0,6.86,0.0,467,285,384,175,458,208,530,189,0.0,0.0
Sam Byram,Leeds,DEF,3.8,1,0,1.0,0.2,0,0,7,0,1,0,0,0,0,0,0,0,0.0,0.0,0.0,0.0,0.0,0,0.0,0.3,22162,31615,214,252,-0.2,0.2,0.0,0.0,0.0,0.0,0.0,0.79,0,0,0,0,0,0.0,,489,177,477,175,439,166,489,176,,,,,,,0.0,0.0,0.0,0.0,10.16,12.86,776,233,414,153,431,156,369,134,0.0,0.0
Kaden Rodney,Crystal Palace,MID,4.4,1,0,1.0,0.0,0,0,3,0,0,0,0,0,0,0,0,0,0.0,0.1,0.0,0.0,0.2,0,0.0,0.2,4773,6208,63,87,-0.1,0.1,0.0,0.0,0.0,0.0,0.0,0.65,0,0,0,0,0,0.0,,653,249,469,227,624,242,654,250,,,,,,,0.0,0.0,0.0,0.0,19.5,0.0,545,327,376,171,449,200,587,220,0.0,0.0
Kai Havertz,Arsenal,FWD,7.3,1,0,1.0,0.4,0,0,30,0,0,0,0,0,0,0,0,0,2.8,0.8,2.0,0.6,0.0,0,0.0,0.1,16069,113868,2211,657,-0.2,0.2,0.0,0.0,0.0,0.01,0.01,0.82,0,0,1,2,3,9.0,,465,53,453,56,435,58,471,58,,,,,,,0.0,0.0,0.03,0.03,2.46,0.0,24,9,805,89,485,58,288,45,0.0,0.0
Zach Abbott,Nott'm Forest,DEF,3.8,1,0,1.0,0.3,0,0,45,0,1,0,0,0,0,0,0,0,15.6,0.6,0.0,1.6,0.0,0,0.0,0.3,25484,25563,267,545,-0.2,0.2,0.0,0.0,0.0,0.0,0.0,0.63,0,1,6,1,7,14.0,,435,162,454,167,456,182,455,165,,,,,,,0.0,0.0,0.0,0.0,1.26,2.0,799,255,433,171,434,159,338,125,0.0,0.0
George Earthy,West Ham,MID,4.5,1,0,1.0,0.0,0,0,8,0,1,0,0,0,0,0,0,0,0.0,1.5,2.0,0.4,0.0,0,0.0,0.2,3770,9096,0,70,0.0,0.0,0.0,0.0,0.0,0.01,0.01,0.73,0,0,0,0,0,0.0,has joined Bristol City on loan for the rest of the season.,688,272,443,214,428,211,474,218,,,,,,,0.0,0.0,0.11,0.11,8.21,11.25,442,265,642,244,454,205,591,223,0.0,0.0
Arthur Masuaku,Sunderland,DEF,3.9,1,0,0.3,0.5,0,0,125,0,2,0,0,0,0,1,0,0,21.8,20.1,7.0,4.9,0.0,0,0.0,0.3,52353,78442,15,687,-0.1,0.1,0.0,0.0,0.07,0.08,0.15,2.09,2,4,6,3,10,7.2,has joined RC Lens on loan for the rest of the season.,423,159,377,136,396,149,428,155,,,,,,,0.05,0.0,0.06,0.11,1.5,1.44,734,210,445,175,494,173,248,94,1.44,0.0
Facundo Buonanotte,Leeds,MID,4.6,1,0,0.5,0.1,0,0,50,0,1,0,0,0,0,1,0,0,6.0,25.4,13.0,4.5,0.0,0,0.0,0.2,13324,26639,347,269,-0.4,0.4,0.0,0.0,0.04,0.1,0.14,0.55,1,1,1,3,5,9.0,,450,204,365,188,373,188,434,196,,,,,,,0.07,0.0,0.18,0.25,0.99,1.8,399,247,692,285,493,232,482,169,1.8,0.0
Luke O'Nien,Sunderland,DEF,4.0,1,1,0.2,0.1,0,0,18,0,0,0,0,0,0,0,1,0,5.4,1.0,0.0,0.6,0.4,0,0.1,0.2,6082,6519,101,142,0.0,0.0,0.0,0.0,0.0,0.0,0.0,0.86,0,2,0,1,2,10.0,,453,166,448,165,509,200,468,166,,,,,,,0.0,0.0,0.0,0.0,4.3,0.0,659,162,331,120,495,174,557,201,0.0,0.0
Antoni Milambo,Brentford,MID,5.2,1,0,1.0,0.0,0,0,45,0,3,0,0,0,0,0,0,0,4.0,1.8,0.0,0.6,0.0,0,0.0,0.2,1974,6843,17,15,-0.3,0.3,0.0,0.0,0.0,0.01,0.01,1.49,1,2,0,2,4,8.0,Knee injury - Expected back 01 Jun,460,211,440,212,774,342,470,216,,,,,,,0.0,0.0,0.02,0.02,2.98,6.0,220,137,760,335,478,225,645,262,2.0,0.0
Mateo Kovačić,Man City,MID,5.9,1,0,1.0,0.0,0,0,4,0,0,0,0,0,0,0,0,0,2.6,0.8,0.0,0.3,0.0,0,0.0,0.2,2386,3286,9,23,-0.1,0.1,0.0,0.0,0.0,0.0,0.0,0.0,0,0,0,0,0,0.0,Ankle injury - Unknown return date,466,215,452,219,795,354,482,223,,,,,,,0.0,0.0,0.0,0.0,0.0,0.0,90,57,793,354,483,229,672,278,0.0,0.0
Romelle Donovan,Brentford,MID,4.4,1,0,1.0,0.1,0,0,1,0,0,0,0,0,0,0,0,0,3.0,10.5,4.0,1.8,0.2,0,0.0,0.2,13110,16924,113,187,-0.1,0.1,0.0,0.0,0.05,0.01,0.06,0.0,0,0,0,1,1,90.0,,463,213,400,198,412,204,450,204,,,,,,,4.5,0.0,0.9,5.4,0.0,0.0,560,335,378,173,452,203,478,166,0.0,0.0
Jamaal Lascelles,Newcastle,DEF,4.3,1,0,0.5,0.1,0,0,19,0,2,0,0,0,0,0,0,0,10.2,0.0,7.0,1.7,0.0,0,0.0,0.2,2747,8724,5,55,-0.2,0.2,0.0,0.0,0.04,0.0,0.04,0.55,0,0,5,0,5,23.68,Lack of match fitness - 25% chance of playing,440,165,613,246,398,150,452,164,,,,,,,0.19,0.0,0.0,0.19,2.61,9.47,566,121,562,237,492,172,577,209,0.0,0.0
Ashley Barnes,Burnley,FWD,4.2,1,0,1.0,1.3,0,0,9,0,1,0,0,0,0,1,0,0,0.2,0.3,7.0,0.8,0.0,0,0.0,0.2,179097,301818,6915,4335,-0.3,0.3,0.0,0.0,0.11,0.0,0.11,0.41,0,0,0,1,1,10.0,,482,59,460,57,397,54,464,54,,,,,2.0,,1.1,0.0,0.0,1.1,4.1,10.0,618,86,543,46,439,52,160,25,0.0,0.0
Ben Winterburn,Bournemouth,MID,4.5,1,0,1.0,0.0,0,0,6,0,2,0,0,0,0,0,0,0,0.0,0.0,0.0,0.0,0.0,0,0.0,0.2,2964,9913,0,7,0.0,0.0,0.0,0.0,0.0,0.0,0.0,0.31,0,0,0,0,0,0.0,has joined Barnet on loan for the rest of the season.,726,303,721,303,703,297,725,302,,,,,,,0.0,0.0,0.0,0.0,4.65,30.0,490,302,678,273,462,212,633,254,0.0,0.0
Saša Kalajdžić,Wolves,FWD,4.9,1,0,1.0,0.0,0,0,14,0,0,0,0,0,0,0,0,0,1.0,4.3,2.0,0.7,0.0,0,0.0,0.2,1691,10054,0,20,-0.1,0.1,0.0,0.0,0.0,0.01,0.01,0.1,0,0,1,1,2,12.86,has joined LASK on loan for the rest of the season.,478,58,428,53,431,57,467,57,,,,,,,0.0,0.0,0.06,0.06,0.64,0.0,322,58,718,71,470,55,580,77,0.0,0.0
Leon Bailey,Aston Villa,MID,5.5,1,1,1.0,0.1,0,0,31,0,0,0,0,0,0,0,0,0,5.0,1.9,7.0,1.4,0.2,0,0.0,0.2,2826,48364,473,79,0.0,0.0,0.0,0.0,0.02,0.03,0.05,0.25,0,2,0,5,7,20.32,,455,207,439,211,403,198,461,213,,,,,,,0.06,0.0,0.09,0.15,0.73,0.0,141,88,405,190,482,228,508,180,0.0,0.0
Odsonne Édouard,Crystal Palace,FWD,5.0,1,0,1.0,0.2,0,0,2,0,0,0,0,0,0,0,0,0,2.0,0.0,0.0,0.2,0.0,0,0.0,0.2,9044,89007,0,73,0.0,0.0,0.0,0.0,0.0,0.0,0.0,0.27,0,1,0,0,1,45.0,has joined RC Lens permanently.,469,54,762,83,755,83,484,59,,,,,,,0.0,0.0,0.0,0.0,12.15,0.0,249,53,735,74,474,56,360,58,0.0,0.0
Pedro Pedro Lima,Wolves,DEF,4.0,1,0,1.0,0.4,0,0,1,0,0,0,0,0,0,0,0,0,0.2,0.1,0.0,0.0,0.2,0,0.0,0.2,8536,87383,127,270,0.0,0.0,0.0,0.0,0.0,0.0,0.0,0.0,0,0,0,0,0,0.0,,481,172,465,170,564,236,605,240,,,,,,,0.0,0.0,0.0,0.0,0.0,0.0,722,206,368,136,438,163,277,103,0.0,0.0
Jaydon Banel,Burnley,MID,4.5,1,0,1.0,0.0,0,0,9,0,0,0,0,0,0,0,0,0,0.0,0.5,0.0,0.0,0.2,0,0.0,0.2,7472,8188,38,140,0.0,0.0,0.0,0.0,0.0,0.0,0.0,0.05,0,0,0,0,0,0.0,,702,286,455,220,678,279,702,286,,,,,,,0.0,0.0,0.0,0.0,0.5,0.0,462,282,383,174,456,206,592,224,0.0,0.0
Jarrad Branthwaite,Everton,DEF,5.3,1,1,1.0,0.2,0,0,45,0,0,0,0,0,0,0,0,0,10.6,13.3,4.0,2.8,0.2,0,0.0,0.2,3660,68659,1373,249,-0.2,0.2,0.0,0.0,0.0,0.02,0.02,0.17,0,0,1,5,1,2.0,,439,164,393,144,418,156,444,161,,,,,,,0.0,0.0,0.04,0.04,0.34,0.0,200,25,404,147,479,168,407,149,0.0,0.0
Tyler Fredricson,Man Utd,DEF,3.8,1,0,1.0,0.1,0,0,2,0,0,0,0,0,0,0,0,0,4.0,0.0,0.0,0.4,0.0,0,0.0,0.3,10078,13684,79,197,-0.2,0.2,0.0,0.0,0.0,0.0,0.0,0.3,0,0,2,0,2,90.0,,458,167,492,189,454,180,472,168,,,,,,,0.0,0.0,0.0,0.0,13.5,0.0,797,253,431,169,433,158,424,157,0.0,0.0
Alex Tóth.A,Bournemouth,MID,5.0,1,1,1.0,0.0,0,0,5,0,0,0,0,0,0,0,0,0,0.2,0.1,0.0,0.0,1.0,0,0.2,0.2,527,49,194,40,0.0,0.0,0.0,0.0,0.0,0.0,0.0,0.14,0,0,0,0,0,0.0,,485,223,471,228,769,339,777,341,,,,,,,0.0,0.0,0.0,0.0,2.52,0.0,282,174,292,131,475,222,760,329,0.0,0.0
Nehemiah Oriola,Brighton,MID,4.5,1,0,1.0,0.0,0,0,1,0,0,0,0,0,0,0,0,0,0.0,0.0,0.0,0.0,0.0,0,0.0,0.2,2356,1611,29,42,0.0,0.0,0.0,0.0,0.0,0.0,0.0,0.0,0,0,0,0,0,0.0,,704,287,700,288,680,280,704,287,,,,,,,0.0,0.0,0.0,0.0,0.0,0.0,465,283,657,258,457,207,706,299,0.0,0.0
Tyrell Malacia,Man Utd,DEF,3.8,1,0,1.0,0.4,0,0,2,0,0,0,0,0,0,0,0,0,3.0,0.0,0.0,0.3,0.0,0,0.0,0.3,52176,53065,294,953,-0.2,0.2,0.0,0.0,0.0,0.0,0.0,0.3,0,1,1,0,2,90.0,,462,168,479,176,441,167,477,170,,,,,,,0.0,0.0,0.0,0.0,13.5,0.0,779,235,417,155,432,157,268,100,0.0,0.0
Bendito Bendito Mantato,Man Utd,MID,4.5,1,0,1.0,0.0,0,0,15,0,0,0,0,0,0,0,0,0,2.2,11.7,0.0,1.4,0.2,0,0.0,0.2,260,150,19,20,0.0,0.0,0.0,0.0,0.0,0.01,0.01,0.05,0,0,0,0,0,0.0,,468,217,395,196,690,287,459,211,,,,,,,0.0,0.0,0.06,0.06,0.3,0.0,475,290,385,176,459,209,780,342,0.0,0.0
Joe Knight,Brighton,MID,4.4,1,0,1.0,0.1,0,0,1,0,0,0,0,0,0,0,0,0,0.0,0.0,0.0,0.0,0.0,0,0.0,0.2,10791,13598,78,132,-0.1,0.1,0.0,0.0,0.0,0.0,0.0,0.0,0,0,0,0,0,0.0,,659,252,655,256,630,245,660,253,,,,,,,0.0,0.0,0.0,0.0,0.0,0.0,551,330,609,222,450,201,509,181,0.0,0.0
Myles Peart-Harris,Brentford,MID,4.4,1,0,1.0,0.0,0,0,1,0,0,0,0,0,0,0,0,0,0.0,0.0,0.0,0.0,0.2,0,0.0,0.2,3881,5968,0,100,-0.1,0.1,0.0,0.0,0.0,0.0,0.0,0.0,0,0,0,0,0,0.0,has joined Oxford United permanently.,646,242,643,247,617,235,647,243,,,,,,,0.0,0.0,0.0,0.0,0.0,0.0,535,319,375,170,448,199,620,242,0.0,0.0
Leo Shahar,Newcastle,DEF,4.0,0,0,0.0,0.0,0,0,0,0,0,0,0,0,0,0,0,0,0.0,0.0,0.0,0.0,0.0,0,0.0,0.0,2388,1175,120,126,0.0,0.0,0.0,0.0,0.0,0.0,0.0,0.0,0,0,0,0,0,0.0,,587,224,580,224,546,219,587,223,,,,,,,0.0,0.0,0.0,0.0,0.0,0.0,701,186,520,208,596,224,674,234,0.0,0.0
Tymur Tutierov,Sunderland,MID,4.5,0,0,0.0,0.0,0,0,0,0,0,0,0,0,0,0,0,0,0.0,0.0,0.0,0.0,0.0,0,0.0,0.0,160,109,0,10,0.0,0.0,0.0,0.0,0.0,0.0,0.0,0.0,0,0,0,0,0,0.0,has joined Exeter City on loan for the rest of the season.,724,301,719,301,701,295,723,300,,,,,,,0.0,0.0,0.0,0.0,0.0,0.0,488,300,676,271,725,302,799,356,0.0,0.0
Enso Gonzalez,Wolves,MID,4.3,0,0,0.0,1.3,0,0,0,0,0,0,0,0,0,0,0,0,0.0,0.0,0.0,0.0,0.0,0,0.0,0.0,181569,223677,999,2819,-0.2,0.2,0.0,0.0,0.0,0.0,0.0,0.0,0,0,0,0,0,0.0,,632,235,629,240,602,228,633,236,,,,,,,0.0,0.0,0.0,0.0,0.0,0.0,610,355,581,207,641,244,163,57,0.0,0.0
Maxwel Cornet,West Ham,MID,4.9,0,0,0.0,0.0,0,0,0,0,0,0,0,0,0,0,0,0,0.0,0.0,0.0,0.0,0.0,0,0.0,0.0,246,3197,0,7,-0.1,0.1,0.0,0.0,0.0,0.0,0.0,0.0,0,0,0,0,0,0.0,has joined Genoa on loan for the rest of the season.,748,318,744,318,733,314,747,317,,,,,,,0.0,0.0,0.0,0.0,0.0,0.0,290,178,709,295,748,318,690,291,0.0,0.0
Sam Alabi,Newcastle,MID,4.5,0,0,0.0,0.0,0,0,0,0,0,0,0,0,0,0,0,0,0.0,0.0,0.0,0.0,0.0,0,0.0,0.0,202,105,19,8,0.0,0.0,0.0,0.0,0.0,0.0,0.0,0.0,0,0,0,0,0,0.0,,737,312,732,312,714,306,736,311,,,,,,,0.0,0.0,0.0,0.0,0.0,0.0,507,313,689,282,737,312,783,345,0.0,0.0
Boubacar B.Traore,Wolves,MID,5.0,0,0,0.0,0.0,0,0,0,0,0,0,0,0,0,0,0,0,0.0,0.0,0.0,0.0,0.0,0,0.0,0.0,0,161,0,0,0.0,0.0,0.0,0.0,0.0,0.0,0.0,0.0,0,0,0,0,0,0.0,Has joined FC Metz on loan for the rest of the season.,769,335,767,335,759,332,768,334,,,,,,,0.0,0.0,0.0,0.0,0.0,0.0,263,160,741,319,769,335,800,357,0.0,0.0
Takai Takai,Spurs,DEF,4.0,0,0,0.0,0.0,0,0,0,0,0,0,0,0,0,0,0,0,0.0,0.0,0.0,0.0,0.0,0,0.0,0.0,1005,8842,0,33,0.0,0.0,0.0,0.0,0.0,0.0,0.0,0.0,0,0,0,0,0,0.0,has joined Borussia Mönchengladbach on loan for the rest of the season.,586,223,579,223,545,218,586,222,,,,,,,0.0,0.0,0.0,0.0,0.0,0.0,700,185,519,207,595,223,588,213,0.0,0.0
Joe Hodge,Wolves,MID,4.5,0,0,0.0,0.0,0,0,0,0,0,0,0,0,0,0,0,0,0.0,0.0,0.0,0.0,0.0,0,0.0,0.0,0,5651,0,20,0.0,0.0,0.0,0.0,0.0,0.0,0.0,0.0,0,0,0,0,0,0.0,Signed by CD Tondela,676,261,672,264,649,254,677,262,,,,,,,0.0,0.0,0.0,0.0,0.0,0.0,420,252,627,231,681,266,651,266,0.0,0.0
Will Lankshear,Spurs,FWD,4.5,0,0,0.0,0.0,0,0,0,0,0,0,0,0,0,0,0,0,0.0,0.0,0.0,0.0,0.0,0,0.0,0.0,0,5071,0,8,0.0,0.0,0.0,0.0,0.0,0.0,0.0,0.0,0,0,0,0,0,0.0,Has joined Oxford United on loan for the rest of the season.,703,73,699,72,679,72,703,73,,,,,,,0.0,0.0,0.0,0.0,0.0,0.0,464,65,656,62,706,73,659,81,0.0,0.0
Seung-Soo Seung soo,Newcastle,MID,4.3,0,0,0.0,0.3,0,0,0,0,0,0,0,0,0,0,0,0,0.0,0.0,0.0,0.0,0.0,0,0.0,0.0,47926,35280,3428,1644,-0.2,0.2,0.0,0.0,0.0,0.0,0.0,0.0,0,0,0,0,0,0.0,,637,239,634,244,607,232,638,240,,,,,,,0.0,0.0,0.0,0.0,0.0,0.0,616,360,586,211,646,248,303,102,0.0,0.0
Keiber Lamadrid,West Ham,MID,5.0,0,0,0.0,0.0,0,0,0,0,0,0,0,0,0,0,0,0,0.0,0.0,0.0,0.0,0.0,0,0.0,0.0,77,13,51,9,0.0,0.0,0.0,0.0,0.0,0.0,0.0,0.0,0,0,0,0,0,0.0,,776,340,774,340,767,337,775,339,,,,,,,0.0,0.0,0.0,0.0,0.0,0.0,280,172,749,325,776,340,797,354,0.0,0.0
Bastien Meupiyou,Wolves,DEF,4.0,0,0,0.0,0.0,0,0,0,0,0,0,0,0,0,0,0,0,0.0,0.0,0.0,0.0,0.0,0,0.0,0.0,0,855,0,4,0.0,0.0,0.0,0.0,0.0,0.0,0.0,0.0,0,0,0,0,0,0.0,On loan to FC Alverca,588,225,581,225,547,220,588,224,,,,,,,0.0,0.0,0.0,0.0,0.0,0.0,702,187,521,209,597,225,744,254,0.0,0.0
Airidas Golambeckis,West Ham,DEF,4.0,0,0,0.0,0.0,0,0,0,0,0,0,0,0,0,0,0,0,0.0,0.0,0.0,0.0,0.0,0,0.0,0.0,1338,1180,71,79,0.0,0.0,0.0,0.0,0.0,0.0,0.0,0.0,0,0,0,0,0,0.0,,606,242,599,242,566,238,607,242,,,,,,,0.0,0.0,0.0,0.0,0.0,0.0,724,208,540,227,615,242,662,230,0.0,0.0
Lukasz Fabianski,West Ham,GKP,4.5,0,0,0.0,0.0,0,0,0,0,0,0,0,0,0,0,0,0,0.0,0.0,0.0,0.0,0.0,0,0.0,0.0,5571,5046,36,94,0.0,0.0,0.0,0.0,0.0,0.0,0.0,0.0,0,0,0,0,0,0.0,Back injury - 25% chance of playing,667,89,662,82,638,70,668,89,,,,,,,0.0,0.0,0.0,0.0,0.0,0.0,402,20,617,86,672,89,623,79,0.0,0.0
Antoñito Antoñito C.,Newcastle,MID,4.9,0,0,0.0,0.0,0,0,0,0,0,0,0,0,0,0,0,0,0.0,0.0,0.0,0.0,0.0,0,0.0,0.0,655,3547,0,7,-0.1,0.1,0.0,0.0,0.0,0.0,0.0,0.0,0,0,0,0,0,0.0,has joined Cadiz on loan for the rest of the season.,764,331,760,331,751,328,763,330,,,,,,,0.0,0.0,0.0,0.0,0.0,0.0,347,217,731,312,764,331,664,273,0.0,0.0
Tom Edozie,Wolves,MID,4.3,0,0,0.0,0.4,0,0,0,0,0,0,0,0,0,0,0,0,0.0,0.0,0.0,0.0,0.0,0,0.0,0.0,51463,60458,235,741,-0.2,0.2,0.0,0.0,0.0,0.0,0.0,0.0,0,0,0,0,0,0.0,,633,236,630,241,603,229,634,237,,,,,,,0.0,0.0,0.0,0.0,0.0,0.0,611,356,582,208,642,245,289,96,0.0,0.0
Alan Browne,Sunderland,MID,4.5,0,0,0.0,0.0,0,0,0,0,0,0,0,0,0,0,0,0,0.0,0.0,0.0,0.0,0.0,0,0.0,0.0,1291,9748,0,8,0.0,0.0,0.0,0.0,0.0,0.0,0.0,0.0,0,0,0,0,0,0.0,has joined Middlesbrough on loan for the rest of the season.,671,259,666,262,642,252,672,260,,,,,,,0.0,0.0,0.0,0.0,0.0,0.0,410,250,621,229,676,264,636,257,0.0,0.0
Abdoullah Ba,Sunderland,MID,4.3,0,0,0.0,0.4,0,0,0,0,0,0,0,0,0,0,0,0,0.0,0.0,0.0,0.0,0.0,0,0.0,0.0,78089,71665,234,1123,-0.2,0.2,0.0,0.0,0.0,0.0,0.0,0.0,0,0,0,0,0,0.0,,620,225,616,230,587,216,621,226,,,,,,,0.0,0.0,0.0,0.0,0.0,0.0,584,341,567,196,629,234,285,95,0.0,0.0
Isaac Hayden,Newcastle,MID,4.5,0,0,0.0,0.0,0,0,0,0,0,0,0,0,0,0,0,0,0.0,0.0,0.0,0.0,0.0,0,0.0,0.0,0,1594,0,3,0.0,0.0,0.0,0.0,0.0,0.0,0.0,0.0,0,0,0,0,0,0.0,Has departed the club as a free agent.,670,258,665,261,641,251,671,259,,,,,,,0.0,0.0,0.0,0.0,0.0,0.0,408,249,620,228,675,263,748,321,0.0,0.0
Garang Kuol,Newcastle,MID,4.4,0,0,0.0,0.0,0,0,0,0,0,0,0,0,0,0,0,0,0.0,0.0,0.0,0.0,0.0,0,0.0,0.0,2219,7318,0,12,-0.1,0.1,0.0,0.0,0.0,0.0,0.0,0.0,0,0,0,0,0,0.0,has joined Sparta Prague permanently.,657,250,653,254,628,243,658,251,,,,,,,0.0,0.0,0.0,0.0,0.0,0.0,549,328,607,220,664,257,624,245,0.0,0.0
Temple Ojinnaka,Wolves,MID,4.5,0,0,0.0,0.0,0,0,0,0,0,0,0,0,0,0,0,0,0.0,0.0,0.0,0.0,0.0,0,0.0,0.0,358,124,43,36,0.0,0.0,0.0,0.0,0.0,0.0,0.0,0.0,0,0,0,0,0,0.0,,693,277,690,279,669,270,693,277,,,,,,,0.0,0.0,0.0,0.0,0.0,0.0,450,270,647,249,697,281,776,339,0.0,0.0
Ashley Phillips,Spurs,DEF,4.0,0,0,0.0,0.0,0,0,0,0,0,0,0,0,0,0,0,0,0.0,0.0,0.0,0.0,0.0,0,0.0,0.0,0,1972,0,6,0.0,0.0,0.0,0.0,0.0,0.0,0.0,0.0,0,0,0,0,0,0.0,Has joined Stoke City on loan for the rest of the season.,584,222,577,222,543,217,584,221,,,,,,,0.0,0.0,0.0,0.0,0.0,0.0,698,184,517,206,593,222,713,245,0.0,0.0
Saheed Olagunju,Wolves,DEF,4.0,0,0,0.0,0.0,0,0,0,0,0,0,0,0,0,0,0,0,0.0,0.0,0.0,0.0,0.0,0,0.0,0.0,1415,597,196,152,0.0,0.0,0.0,0.0,0.0,0.0,0.0,0.0,0,0,0,0,0,0.0,,597,233,590,233,556,228,597,232,,,,,,,0.0,0.0,0.0,0.0,0.0,0.0,712,196,531,218,606,233,689,238,0.0,0.0
Ian Poveda,Sunderland,MID,4.8,0,0,0.0,0.0,0,0,0,0,0,0,0,0,0,0,0,0,0.0,0.0,0.0,0.0,0.0,0,0.0,0.0,880,2554,11,22,-0.2,0.2,0.0,0.0,0.0,0.0,0.0,0.0,0,0,0,0,0,0.0,,745,317,740,317,727,312,744,316,,,,,,,0.0,0.0,0.0,0.0,0.0,0.0,359,225,702,291,745,317,655,269,0.0,0.0
Joe White,Newcastle,MID,4.5,0,0,0.0,0.0,0,0,0,0,0,0,0,0,0,0,0,0,0.0,0.0,0.0,0.0,0.0,0,0.0,0.0,117,1203,0,16,0.0,0.0,0.0,0.0,0.0,0.0,0.0,0.0,0,0,0,0,0,0.0,has joined Bradford City on loan for the rest of the season.,684,268,682,271,660,262,685,269,,,,,,,0.0,0.0,0.0,0.0,0.0,0.0,434,260,637,239,689,273,749,322,0.0,0.0
Lewis Orford,West Ham,MID,4.4,0,0,0.0,0.1,0,0,0,0,0,0,0,0,0,0,0,0,0.0,0.0,0.0,0.0,0.0,0,0.0,0.0,1052,11775,0,24,-0.1,0.1,0.0,0.0,0.0,0.0,0.0,0.0,0,0,0,0,0,0.0,has joined Stevenage on loan for the rest of the season.,651,247,648,252,622,240,652,248,,,,,,,0.0,0.0,0.0,0.0,0.0,0.0,542,325,602,218,659,255,564,208,0.0,0.0
Sean Neave,Newcastle,FWD,4.3,0,0,0.0,0.2,0,0,0,0,0,0,0,0,0,0,0,0,0.0,0.0,0.0,0.0,0.0,0,0.0,0.0,20984,32402,358,353,-0.2,0.2,0.0,0.0,0.0,0.0,0.0,0.0,0,0,0,0,0,0.0,,634,64,631,63,604,63,635,64,,,,,,,0.0,0.0,0.0,0.0,0.0,0.0,612,85,583,53,643,64,350,56,0.0,0.0
Milan Aleksić,Sunderland,MID,4.9,0,0,0.0,0.0,0,0,0,0,0,0,0,0,0,0,0,0,0.0,0.0,0.0,0.0,0.0,0,0.0,0.0,300,3377,5,4,-0.1,0.1,0.0,0.0,0.0,0.0,0.0,0.0,0,0,0,0,0,0.0,,763,330,759,330,750,327,762,329,,,,,,,0.0,0.0,0.0,0.0,0.0,0.0,346,216,730,311,763,330,687,290,0.0,0.0
Luke Rawlings,Wolves,MID,4.5,0,0,0.0,0.0,0,0,0,0,0,0,0,0,0,0,0,0,0.0,0.0,0.0,0.0,0.0,0,0.0,0.0,705,374,26,33,0.0,0.0,0.0,0.0,0.0,0.0,0.0,0.0,0,0,0,0,0,0.0,,725,302,720,302,702,296,724,301,,,,,,,0.0,0.0,0.0,0.0,0.0,0.0,489,301,677,272,726,303,761,330,0.0,0.0
Edson Álvarez,West Ham,MID,4.9,0,0,0.0,0.0,0,0,0,0,0,0,0,0,0,0,0,0,0.0,0.0,0.0,0.0,0.0,0,0.0,0.0,1147,16020,0,15,-0.1,0.1,0.0,0.0,0.0,0.0,0.0,0.0,0,0,0,0,0,0.0,Has joined Fenerbahçe on loan for the rest of the season.,752,321,748,321,738,318,751,320,,,,,,,0.0,0.0,0.0,0.0,0.0,0.0,309,192,715,299,752,321,585,219,0.0,0.0
John Ruddy,Newcastle,GKP,4.0,0,0,0.0,0.0,0,0,0,0,0,0,0,0,0,0,0,0,0.0,0.0,0.0,0.0,0.0,0,0.0,0.0,1200,663,38,37,0.0,0.0,0.0,0.0,0.0,0.0,0.0,0.0,0,0,0,0,0,0.0,,545,59,536,46,500,31,545,59,,,,,,,0.0,0.0,0.0,0.0,0.0,0.0,649,39,476,53,554,59,698,81,0.0,0.0
Djiamgone Jocelin Ta Jocelin.T,Sunderland,MID,5.0,0,0,0.0,0.0,0,0,0,0,0,0,0,0,0,0,0,0,0.0,0.0,0.0,0.0,0.0,0,0.0,0.0,49,17,12,11,0.0,0.0,0.0,0.0,0.0,0.0,0.0,0.0,0,0,0,0,0,0.0,Lack of match fitness - Expected back 22 Feb,780,343,778,343,772,341,780,343,,,,,,,0.0,0.0,0.0,0.0,0.0,0.0,285,176,753,328,780,343,807,361,0.0,0.0
Luka Vuskovic,Spurs,DEF,3.9,0,0,0.0,0.3,0,0,0,0,0,0,0,0,0,0,0,0,0.0,0.0,0.0,0.0,0.0,0,0.0,0.0,7334,90813,0,168,-0.1,0.1,0.0,0.0,0.0,0.0,0.0,0.0,0,0,0,0,0,0.0,has joined Hamburger SV on loan for the rest of the season.,543,203,534,203,498,196,543,202,,,,,,,0.0,0.0,0.0,0.0,0.0,0.0,772,229,474,185,552,203,301,112,0.0,0.0
Nectarios Triantis,Sunderland,MID,4.4,0,0,0.0,0.0,0,0,0,0,0,0,0,0,0,0,0,0,0.0,0.0,0.0,0.0,0.0,0,0.0,0.0,2951,8527,0,15,-0.1,0.1,0.0,0.0,0.0,0.0,0.0,0.0,0,0,0,0,0,0.0,has joined Minnesota United permanently.,649,245,646,250,620,238,650,246,,,,,,,0.0,0.0,0.0,0.0,0.0,0.0,540,323,600,216,657,253,634,255,0.0,0.0
Son Son,Spurs,MID,8.5,0,0,0.0,0.1,0,0,0,0,0,0,0,0,0,0,0,0,0.0,0.0,0.0,0.0,0.0,0,0.0,0.0,0,25407,0,28,0.0,0.0,0.0,0.0,0.0,0.0,0.0,0.0,0,0,0,0,0,0.0,Has joined Los Angeles FC permanently.,808,362,808,362,808,362,808,362,,,,,,,0.0,0.0,0.0,0.0,0.0,0.0,10,5,807,362,808,362,441,150,0.0,0.0
James Maddison,Spurs,MID,6.8,0,0,0.0,0.1,0,0,0,0,0,0,0,0,0,0,0,0,0.0,0.0,0.0,0.0,0.0,0,0.0,0.0,1533,23479,31,52,-0.2,0.2,0.0,0.0,0.0,0.0,0.0,0.0,0,0,0,0,0,0.0,Anterior cruciate ligament - Unknown return date,805,359,805,359,805,359,805,359,,,,,,,0.0,0.0,0.0,0.0,0.0,0.0,45,27,802,359,805,359,442,151,0.0,0.0
Nathan Fraser,Wolves,FWD,4.2,0,0,0.0,1.7,0,0,0,0,0,0,0,0,0,0,0,0,0.0,0.0,0.0,0.0,0.0,0,0.0,0.0,214846,320920,8423,3720,-0.3,0.3,0.0,0.0,0.0,0.0,0.0,0.0,0,0,0,0,0,0.0,,614,60,609,59,578,59,615,60,,,,,,,0.0,0.0,0.0,0.0,0.0,0.0,638,88,555,48,622,60,141,21,0.0,0.0
Mikey Moore,Spurs,MID,5.0,0,0,0.0,0.0,0,0,0,0,0,0,0,0,0,0,0,0,0.0,0.0,0.0,0.0,0.0,0,0.0,0.0,0,678,0,1,0.0,0.0,0.0,0.0,0.0,0.0,0.0,0.0,0,0,0,0,0,0.0,Has joined Rangers on loan for the rest of the season.,773,338,771,338,764,335,772,337,,,,,,,0.0,0.0,0.0,0.0,0.0,0.0,272,165,746,323,773,338,770,335,0.0,0.0
Eric Da Silva Moreira,Nott'm Forest,MID,4.5,0,0,0.0,0.1,0,0,0,0,0,0,0,0,0,0,0,0,0.0,0.0,0.0,0.0,0.0,0,0.0,0.0,1967,16429,34,23,0.0,0.0,0.0,0.0,0.0,0.0,0.0,0.0,0,0,0,0,0,0.0,,707,289,703,290,684,283,707,289,,,,,,,0.0,0.0,0.0,0.0,0.0,0.0,469,286,660,260,709,291,572,212,0.0,0.0
Marko Stamenic,Nott'm Forest,MID,4.5,0,0,0.0,0.0,0,0,0,0,0,0,0,0,0,0,0,0,0.0,0.0,0.0,0.0,0.0,0,0.0,0.0,245,5676,0,11,0.0,0.0,0.0,0.0,0.0,0.0,0.0,0.0,0,0,0,0,0,0.0,Has joined Swansea City permanently.,690,274,687,276,666,267,690,274,,,,,,,0.0,0.0,0.0,0.0,0.0,0.0,446,267,644,246,694,278,677,282,0.0,0.0
Gonçalo Manuel Guedes,Wolves,MID,5.5,0,0,0.0,0.0,0,0,0,0,0,0,0,0,0,0,0,0,0.0,0.0,0.0,0.0,0.0,0,0.0,0.0,0,793,0,1,0.0,0.0,0.0,0.0,0.0,0.0,0.0,0.0,0,0,0,0,0,0.0,Has joined Real Sociedad permanently.,791,351,790,351,787,350,791,351,,,,,,,0.0,0.0,0.0,0.0,0.0,0.0,139,86,783,348,791,351,774,338,0.0,0.0
Yang Min-hyeok,Spurs,MID,4.5,0,0,0.0,0.0,0,0,0,0,0,0,0,0,0,0,0,0,0.0,0.0,0.0,0.0,0.0,0,0.0,0.0,0,2808,0,3,0.0,0.0,0.0,0.0,0.0,0.0,0.0,0.0,0,0,0,0,0,0.0,has joined Coventry City on loan for the rest of the season.,732,309,727,309,709,303,731,308,,,,,,,0.0,0.0,0.0,0.0,0.0,0.0,498,309,684,279,732,309,716,303,0.0,0.0
Pierre Ekwah,Sunderland,MID,4.5,0,0,0.0,0.0,0,0,0,0,0,0,0,0,0,0,0,0,0.0,0.0,0.0,0.0,0.0,0,0.0,0.0,0,1789,0,4,0.0,0.0,0.0,0.0,0.0,0.0,0.0,0.0,0,0,0,0,0,0.0,Has joined AS Saint-Etienne permanently.,682,266,680,269,658,260,683,267,,,,,,,0.0,0.0,0.0,0.0,0.0,0.0,432,258,635,237,687,271,754,325,0.0,0.0
Luís Hemir Luís Hemir,Sunderland,FWD,4.4,0,0,0.0,0.1,0,0,0,0,0,0,0,0,0,0,0,0,0.0,0.0,0.0,0.0,0.0,0,0.0,0.0,5979,20136,0,26,-0.1,0.1,0.0,0.0,0.0,0.0,0.0,0.0,0,0,0,0,0,0.0,has joined Moreirense on loan for the rest of the season.,656,69,652,68,627,68,657,69,,,,,,,0.0,0.0,0.0,0.0,0.0,0.0,548,78,606,58,663,69,494,68,0.0,0.0
Blondy Nna Noukeu,Sunderland,GKP,3.9,0,0,0.0,0.1,0,0,0,0,0,0,0,0,0,0,0,0,0.0,0.0,0.0,0.0,0.0,0,0.0,0.0,7473,11730,0,305,-0.1,0.1,0.0,0.0,0.0,0.0,0.0,0.0,0,0,0,0,0,0.0,has joined US Boulogne CO permanently.,530,52,521,39,484,24,530,52,,,,,,,0.0,0.0,0.0,0.0,0.0,0.0,758,85,461,46,539,52,436,66,0.0,0.0
Leon Chiwome,Wolves,FWD,4.4,0,0,0.0,0.0,0,0,0,0,0,0,0,0,0,0,0,0,0.0,0.0,0.0,0.0,0.0,0,0.0,0.0,4377,6752,49,52,-0.1,0.1,0.0,0.0,0.0,0.0,0.0,0.0,0,0,0,0,0,0.0,Knee injury - Unknown return date,662,71,658,70,633,70,663,71,,,,,,,0.0,0.0,0.0,0.0,0.0,0.0,555,80,612,60,668,71,646,80,0.0,0.0
Simon Moore,Sunderland,GKP,3.9,0,0,0.0,0.4,0,0,0,0,0,0,0,0,0,0,0,0,0.0,0.0,0.0,0.0,0.0,0,0.0,0.0,16810,31433,139,356,-0.1,0.1,0.0,0.0,0.0,0.0,0.0,0.0,0,0,0,0,0,0.0,,510,35,501,22,464,7,510,35,,,,,,,0.0,0.0,0.0,0.0,0.0,0.0,729,68,440,29,519,35,279,38,0.0,0.0
Anthony Patterson,Sunderland,GKP,4.2,0,0,0.0,0.2,0,0,0,0,0,0,0,0,0,0,0,0,0.0,0.0,0.0,0.0,0.0,0,0.0,0.0,10398,31351,122,200,-0.3,0.3,0.0,0.0,0.0,0.0,0.0,0.0,0,0,0,0,0,0.0,,611,85,604,75,573,61,612,85,,,,,,,0.0,0.0,0.0,0.0,0.0,0.0,628,34,547,79,619,85,383,56,0.0,0.0
Lucá Williams-Barnett,Spurs,MID,4.5,0,0,0.0,0.0,0,0,0,0,0,0,0,0,0,0,0,0,0.0,0.0,0.0,0.0,0.0,0,0.0,0.0,235,80,53,31,0.0,0.0,0.0,0.0,0.0,0.0,0.0,0.0,0,0,0,0,0,0.0,,729,306,724,306,706,300,728,305,,,,,,,0.0,0.0,0.0,0.0,0.0,0.0,495,306,681,276,729,306,782,344,0.0,0.0
Yusuf Akhamrich,Spurs,MID,4.5,0,0,0.0,0.0,0,0,0,0,0,0,0,0,0,0,0,0,0.0,0.0,0.0,0.0,0.0,0,0.0,0.0,675,483,10,41,0.0,0.0,0.0,0.0,0.0,0.0,0.0,0.0,0,0,0,0,0,0.0,has joined Bristol Rovers on loan for the rest of the season.,718,297,713,297,695,291,717,296,,,,,,,0.0,0.0,0.0,0.0,0.0,0.0,482,296,670,267,719,298,750,323,0.0,0.0
Angus Gunn,Nott'm Forest,GKP,4.0,0,0,0.0,1.2,0,0,0,0,0,0,0,0,0,0,0,0,0.0,0.0,0.0,0.0,0.0,0,0.0,0.0,28466,96210,111,516,0.0,0.0,0.0,0.0,0.0,0.0,0.0,0.0,0,0,0,0,0,0.0,,549,62,541,50,505,35,549,62,,,,,,,0.0,0.0,0.0,0.0,0.0,0.0,654,43,480,56,558,62,172,22,0.0,0.0
Lorenzo Lucca,Nott'm Forest,FWD,5.5,0,0,0.0,0.0,0,0,0,0,0,0,0,0,0,0,0,0,0.0,0.0,0.0,0.0,0.0,0,0.0,0.0,407,42,407,42,0.0,0.0,0.0,0.0,0.0,0.0,0.0,0.0,0,0,0,0,0,0.0,,792,85,791,85,788,85,792,85,,,,,,,0.0,0.0,0.0,0.0,0.0,0.0,150,37,785,81,792,85,775,90,0.0,0.0
Alfie Pond,Wolves,DEF,3.9,0,0,0.0,1.1,0,0,0,0,0,0,0,0,0,0,0,0,0.0,0.0,0.0,0.0,0.0,0,0.0,0.0,85684,136498,0,2052,-0.1,0.1,0.0,0.0,0.0,0.0,0.0,0.0,0,0,0,0,0,0.0,has joined Crewe Alexandra on loan for the rest of the season.,534,198,525,198,488,190,534,197,,,,,,,0.0,0.0,0.0,0.0,0.0,0.0,762,223,465,180,543,198,177,69,0.0,0.0
James Rowswell,Spurs,DEF,4.0,0,0,0.0,0.0,0,0,0,0,0,0,0,0,0,0,0,0,0.0,0.0,0.0,0.0,0.0,0,0.0,0.0,1234,1033,62,59,0.0,0.0,0.0,0.0,0.0,0.0,0.0,0.0,0,0,0,0,0,0.0,,575,217,568,217,533,211,575,216,,,,,,,0.0,0.0,0.0,0.0,0.0,0.0,686,176,507,200,584,217,657,228,0.0,0.0
Fábio Fábio Silva,Wolves,FWD,4.9,0,0,0.0,0.2,0,0,0,0,0,0,0,0,0,0,0,0,0.0,0.0,0.0,0.0,0.0,0,0.0,0.0,7178,54985,0,56,-0.1,0.1,0.0,0.0,0.0,0.0,0.0,0.0,0,0,0,0,0,0.0,has joined Borussia Dortmund permanently.,759,82,755,81,746,81,758,82,,,,,,,0.0,0.0,0.0,0.0,0.0,0.0,329,60,723,72,759,82,392,60,0.0,0.0
Nazarii Rusyn,Sunderland,FWD,4.4,0,0,0.0,0.1,0,0,0,0,0,0,0,0,0,0,0,0,0.0,0.0,0.0,0.0,0.0,0,0.0,0.0,3530,19975,0,35,-0.1,0.1,0.0,0.0,0.0,0.0,0.0,0.0,0,0,0,0,0,0.0,has joined Arka on loan for the rest of the season.,644,66,641,65,615,65,645,66,,,,,,,0.0,0.0,0.0,0.0,0.0,0.0,532,75,596,55,653,66,498,70,0.0,0.0
Daniel Bentley,Wolves,GKP,3.9,0,0,0.0,0.5,0,0,0,0,0,0,0,0,0,0,0,0,0.0,0.0,0.0,0.0,0.0,0,0.0,0.0,14992,48456,535,359,-0.1,0.1,0.0,0.0,0.0,0.0,0.0,0.0,0,0,0,0,0,0.0,,511,36,502,23,465,8,511,36,,,,,,,0.0,0.0,0.0,0.0,0.0,0.0,730,69,441,30,520,36,256,34,0.0,0.0
Jun'ai Byfield,Spurs,DEF,4.0,0,0,0.0,0.0,0,0,0,0,0,0,0,0,0,0,0,0,0.0,0.0,0.0,0.0,0.0,0,0.0,0.0,1534,1448,48,69,0.0,0.0,0.0,0.0,0.0,0.0,0.0,0.0,0,0,0,0,0,0.0,,604,240,597,240,563,235,604,239,,,,,,,0.0,0.0,0.0,0.0,0.0,0.0,721,205,538,225,613,240,639,223,0.0,0.0
Callum Olusesi,Spurs,MID,4.3,0,0,0.0,0.2,0,0,0,0,0,0,0,0,0,0,0,0,0.0,0.0,0.0,0.0,0.0,0,0.0,0.0,21272,27668,199,313,-0.2,0.2,0.0,0.0,0.0,0.0,0.0,0.0,0,0,0,0,0,0.0,,623,228,619,233,591,220,624,229,,,,,,,0.0,0.0,0.0,0.0,0.0,0.0,595,346,570,199,632,237,366,122,0.0,0.0
Bryan Bryan,Spurs,MID,4.9,0,0,0.0,0.0,0,0,0,0,0,0,0,0,0,0,0,0,0.0,0.0,0.0,0.0,0.0,0,0.0,0.0,675,4446,0,7,-0.1,0.1,0.0,0.0,0.0,0.0,0.0,0.0,0,0,0,0,0,0.0,has joined Girona permanently.,756,325,752,325,743,322,755,324,,,,,,,0.0,0.0,0.0,0.0,0.0,0.0,325,200,720,303,756,325,649,264,0.0,0.0
Aji Alese,Sunderland,DEF,4.0,0,0,0.0,0.0,0,0,0,0,0,0,0,0,0,0,0,0,0.0,0.0,0.0,0.0,0.0,0,0.0,0.0,607,792,22,14,0.0,0.0,0.0,0.0,0.0,0.0,0.0,0.0,0,0,0,0,0,0.0,Shoulder injury - Unknown return date,554,208,546,208,511,202,554,207,,,,,,,0.0,0.0,0.0,0.0,0.0,0.0,661,164,485,190,563,208,764,260,0.0,0.0
Lewis O'Brien,Nott'm Forest,MID,5.0,0,0,0.0,0.0,0,0,0,0,0,0,0,0,0,0,0,0,0.0,0.0,0.0,0.0,0.0,0,0.0,0.0,0,116,0,0,0.0,0.0,0.0,0.0,0.0,0.0,0.0,0.0,0,0,0,0,0,0.0,Has joined Wrexham permanently.,767,333,764,333,757,330,766,332,,,,,,,0.0,0.0,0.0,0.0,0.0,0.0,255,156,738,316,767,333,801,358,0.0,0.0
Dejan Kulusevski,Spurs,MID,6.4,0,0,0.0,0.0,0,0,0,0,0,0,0,0,0,0,0,0,0.0,0.0,0.0,0.0,0.0,0,0.0,0.0,861,1955,21,22,-0.1,0.1,0.0,0.0,0.0,0.0,0.0,0.0,0,0,0,0,0,0.0,Knee injury - Unknown return date,802,358,802,358,802,358,802,358,,,,,,,0.0,0.0,0.0,0.0,0.0,0.0,59,38,799,358,802,358,703,297,0.0,0.0
Carlos Miguel C.Miguel,Nott'm Forest,GKP,4.0,0,0,0.0,0.1,0,0,0,0,0,0,0,0,0,0,0,0,0.0,0.0,0.0,0.0,0.0,0,0.0,0.0,448,15391,0,35,0.0,0.0,0.0,0.0,0.0,0.0,0.0,0.0,0,0,0,0,0,0.0,Has joined Palmeiras permanently.,569,74,562,63,527,48,569,74,,,,,,,0.0,0.0,0.0,0.0,0.0,0.0,679,56,500,68,578,74,533,76,0.0,0.0
Matt Turner,Nott'm Forest,GKP,4.0,0,0,0.0,0.1,0,0,0,0,0,0,0,0,0,0,0,0,0.0,0.0,0.0,0.0,0.0,0,0.0,0.0,0,15419,0,43,0.0,0.0,0.0,0.0,0.0,0.0,0.0,0.0,0,0,0,0,0,0.0,Has joined Lyon permanently.,556,65,549,54,514,39,556,65,,,,,,,0.0,0.0,0.0,0.0,0.0,0.0,664,47,487,59,565,65,504,75,0.0,0.0
Jenson Jenson Jones,Sunderland,DEF,4.0,0,0,0.0,0.0,0,0,0,0,0,0,0,0,0,0,0,0,0.0,0.0,0.0,0.0,0.0,0,0.0,0.0,612,227,67,61,0.0,0.0,0.0,0.0,0.0,0.0,0.0,0.0,0,0,0,0,0,0.0,,557,210,550,210,515,204,557,209,,,,,,,0.0,0.0,0.0,0.0,0.0,0.0,665,166,488,192,566,210,730,250,0.0,0.0
Kaelan Casey,West Ham,DEF,4.0,0,0,0.0,0.1,0,0,0,0,0,0,0,0,0,0,0,0,0.0,0.0,0.0,0.0,0.0,0,0.0,0.0,0,12927,0,54,0.0,0.0,0.0,0.0,0.0,0.0,0.0,0.0,0,0,0,0,0,0.0,has joined Leyton Orient on loan for the rest of the season.,582,220,575,220,540,214,582,219,,,,,,,0.0,0.0,0.0,0.0,0.0,0.0,695,181,514,203,591,220,531,194,0.0,0.0
Jay Matete,Sunderland,MID,4.3,0,0,0.0,0.2,0,0,0,0,0,0,0,0,0,0,0,0,0.0,0.0,0.0,0.0,0.0,0,0.0,0.0,30710,41543,0,842,-0.2,0.2,0.0,0.0,0.0,0.0,0.0,0.0,0,0,0,0,0,0.0,has joined MK Dons permanently.,622,227,618,232,589,218,623,228,,,,,,,0.0,0.0,0.0,0.0,0.0,0.0,591,344,569,198,631,236,370,124,0.0,0.0
Timothée Pembele,Sunderland,DEF,3.9,0,0,0.0,0.3,0,0,0,0,0,0,0,0,0,0,0,0,0.0,0.0,0.0,0.0,0.0,0,0.0,0.0,47547,44279,0,690,-0.1,0.1,0.0,0.0,0.0,0.0,0.0,0.0,0,0,0,0,0,0.0,has joined Le Havre AC on loan for the rest of the season.,525,196,516,196,479,188,525,195,,,,,,,0.0,0.0,0.0,0.0,0.0,0.0,751,219,456,178,534,196,306,113,0.0,0.0
David David Carmo,Nott'm Forest,DEF,4.5,0,0,0.0,0.0,0,0,0,0,0,0,0,0,0,0,0,0,0.0,0.0,0.0,0.0,0.0,0,0.0,0.0,427,4379,0,8,0.0,0.0,0.0,0.0,0.0,0.0,0.0,0.0,0,0,0,0,0,0.0,has joined Real Oviedo on loan for the rest of the season.,681,254,678,254,656,253,682,254,,,,,,,0.0,0.0,0.0,0.0,0.0,0.0,430,86,634,249,686,254,665,231,0.0,0.0
Luis Eduardo Cuiabano,Nott'm Forest,DEF,4.5,0,0,0.0,0.0,0,0,0,0,0,0,0,0,0,0,0,0,0.0,0.0,0.0,0.0,0.0,0,0.0,0.0,38,42,13,1,0.0,0.0,0.0,0.0,0.0,0.0,0.0,0.0,0,0,0,0,0,0.0,,706,255,702,255,683,254,706,255,,,,,,,0.0,0.0,0.0,0.0,0.0,0.0,468,93,659,250,708,255,804,263,0.0,0.0
Brandon Austin,Spurs,GKP,3.9,0,0,0.0,0.3,0,0,0,0,0,0,0,0,0,0,0,0,0.0,0.0,0.0,0.0,0.0,0,0.0,0.0,20079,22604,92,274,-0.1,0.1,0.0,0.0,0.0,0.0,0.0,0.0,0,0,0,0,0,0.0,,519,44,510,31,473,16,519,44,,,,,,,0.0,0.0,0.0,0.0,0.0,0.0,741,77,450,38,528,44,314,42,0.0,0.0
Omar O.Richards,Nott'm Forest,DEF,4.5,0,0,0.0,0.0,0,0,0,0,0,0,0,0,0,0,0,0,0.0,0.0,0.0,0.0,0.0,0,0.0,0.0,345,4094,0,9,0.0,0.0,0.0,0.0,0.0,0.0,0.0,0.0,0,0,0,0,0,0.0,has joined Rio Ave on loan for the rest of the season.,673,252,669,252,645,250,674,252,,,,,,,0.0,0.0,0.0,0.0,0.0,0.0,415,79,623,246,678,252,670,233,0.0,0.0
Antonín Kinsky,Spurs,GKP,3.9,0,0,0.0,1.7,0,0,0,0,0,0,0,0,0,0,0,0,0.0,0.0,0.0,0.0,0.0,0,0.0,0.0,122942,164205,364,1988,-0.1,0.1,0.0,0.0,0.0,0.0,0.0,0.0,0,0,0,0,0,0.0,,529,51,520,38,483,23,529,51,,,,,,,0.0,0.0,0.0,0.0,0.0,0.0,757,84,460,45,538,51,144,19,0.0,0.0
João Victor Souza,Spurs,DEF,4.0,0,0,0.0,0.0,0,0,0,0,0,0,0,0,0,0,0,0,0.0,0.0,0.0,0.0,0.0,0,0.0,0.0,139,23,139,23,0.0,0.0,0.0,0.0,0.0,0.0,0.0,0.0,0,0,0,0,0,0.0,,601,237,594,237,560,232,601,236,,,,,,,0.0,0.0,0.0,0.0,0.0,0.0,718,202,535,222,610,237,790,262,0.0,0.0
Emerson Emerson,West Ham,DEF,4.4,0,0,0.0,0.1,0,0,0,0,0,0,0,0,0,0,0,0,0.0,0.0,0.0,0.0,0.0,0,0.0,0.0,1719,20654,0,15,-0.1,0.1,0.0,0.0,0.0,0.0,0.0,0.0,0,0,0,0,0,0.0,has joined Marseille permanently.,639,247,636,247,610,245,640,247,,,,,,,0.0,0.0,0.0,0.0,0.0,0.0,515,100,589,239,648,247,573,208,0.0,0.0
Zak Johnson,Sunderland,DEF,3.8,0,0,0.0,0.2,0,0,0,0,0,0,0,0,0,0,0,0,0.0,0.0,0.0,0.0,0.0,0,0.0,0.0,23261,29800,0,747,-0.2,0.2,0.0,0.0,0.0,0.0,0.0,0.0,0,0,0,0,0,0.0,has joined York City on loan for the rest of the season.,499,186,488,185,450,176,499,185,,,,,,,0.0,0.0,0.0,0.0,0.0,0.0,792,248,427,165,508,186,352,128,0.0,0.0
Niall Huggins,Sunderland,DEF,4.0,0,0,0.0,0.1,0,0,0,0,0,0,0,0,0,0,0,0,0.0,0.0,0.0,0.0,0.0,0,0.0,0.0,1038,15932,0,23,0.0,0.0,0.0,0.0,0.0,0.0,0.0,0.0,0,0,0,0,0,0.0,has joined Wycombe Wanderers on loan for the rest of the season.,572,215,565,215,530,209,572,214,,,,,,,0.0,0.0,0.0,0.0,0.0,0.0,682,173,503,197,581,215,526,191,0.0,0.0
Willy Boly,Nott'm Forest,DEF,3.8,0,0,0.0,0.4,0,0,0,0,0,0,0,0,0,0,0,0,0.0,0.0,0.0,0.0,0.0,0,0.0,0.0,36988,59118,933,511,-0.2,0.2,0.0,0.0,0.0,0.0,0.0,0.0,0,0,0,0,0,0.0,,488,176,476,174,438,165,488,175,,,,,,,0.0,0.0,0.0,0.0,0.0,0.0,775,232,413,152,498,177,286,109,0.0,0.0
Leo Fuhr Hjelde,Sunderland,DEF,4.0,0,0,0.0,0.0,0,0,0,0,0,0,0,0,0,0,0,0,0.0,0.0,0.0,0.0,0.0,0,0.0,0.0,1154,1015,74,54,0.0,0.0,0.0,0.0,0.0,0.0,0.0,0.0,0,0,0,0,0,0.0,,570,214,563,214,528,208,570,213,,,,,,,0.0,0.0,0.0,0.0,0.0,0.0,680,172,501,196,579,214,688,237,0.0,0.0
Krisztián Hegyi,West Ham,GKP,3.9,0,0,0.0,0.2,0,0,0,0,0,0,0,0,0,0,0,0,0.0,0.0,0.0,0.0,0.0,0,0.0,0.0,11331,17322,0,485,-0.1,0.1,0.0,0.0,0.0,0.0,0.0,0.0,0,0,0,0,0,0.0,has joined MTK Budapest on loan for the rest of the season.,528,50,519,37,482,22,528,50,,,,,,,0.0,0.0,0.0,0.0,0.0,0.0,756,83,459,44,537,50,354,51,0.0,0.0
Manor Solomon,Spurs,MID,5.4,0,0,0.0,0.0,0,0,0,0,0,0,0,0,0,0,0,0,0.0,0.0,0.0,0.0,0.0,0,0.0,0.0,115,1466,0,2,-0.1,0.1,0.0,0.0,0.0,0.0,0.0,0.0,0,0,0,0,0,0.0,has joined Fiorentina on loan for the rest of the season.,785,346,784,346,780,345,785,346,,,,,,,0.0,0.0,0.0,0.0,0.0,0.0,170,105,774,341,785,346,743,317,0.0,0.0
Wes Foderingham,West Ham,GKP,4.0,0,0,0.0,0.2,0,0,0,0,0,0,0,0,0,0,0,0,0.0,0.0,0.0,0.0,0.0,0,0.0,0.0,3874,41546,0,161,0.0,0.0,0.0,0.0,0.0,0.0,0.0,0.0,0,0,0,0,0,0.0,has joined Aris Limassol permanently.,547,61,539,49,503,34,547,61,,,,,,,0.0,0.0,0.0,0.0,0.0,0.0,652,42,478,55,556,61,347,50,0.0,0.0
Joe Anderson,Sunderland,DEF,3.8,0,0,0.0,0.4,0,0,0,0,0,0,0,0,0,0,0,0,0.0,0.0,0.0,0.0,0.0,0,0.0,0.0,39413,58699,0,1415,-0.2,0.2,0.0,0.0,0.0,0.0,0.0,0.0,0,0,0,0,0,0.0,has joined Barrow FC permanently.,491,178,480,177,442,168,491,177,,,,,,,0.0,0.0,0.0,0.0,0.0,0.0,780,236,418,156,500,178,281,106,0.0,0.0
Ahmed Abdullahi,Sunderland,FWD,4.2,0,0,0.0,0.4,0,0,0,0,0,0,0,0,0,0,0,0,0.0,0.0,0.0,0.0,0.0,0,0.0,0.0,48376,77869,2094,1038,-0.3,0.3,0.0,0.0,0.0,0.0,0.0,0.0,0,0,0,0,0,0.0,,616,62,611,61,581,61,617,62,,,,,,,0.0,0.0,0.0,0.0,0.0,0.0,643,90,559,50,624,62,271,43,0.0,0.0
Harrison H.Jones,Sunderland,MID,4.3,0,0,0.0,0.1,0,0,0,0,0,0,0,0,0,0,0,0,0.0,0.0,0.0,0.0,0.0,0,0.0,0.0,6770,9087,125,138,-0.2,0.2,0.0,0.0,0.0,0.0,0.0,0.0,0,0,0,0,0,0.0,,628,231,625,236,597,223,629,232,,,,,,,0.0,0.0,0.0,0.0,0.0,0.0,604,350,575,202,637,240,539,192,0.0,0.0
Alfie McNally,Fulham,GKP,4.0,0,0,0.0,0.0,0,0,0,0,0,0,0,0,0,0,0,0,0.0,0.0,0.0,0.0,0.0,0,0.0,0.0,251,85,32,23,0.0,0.0,0.0,0.0,0.0,0.0,0.0,0.0,0,0,0,0,0,0.0,,579,78,572,67,537,52,579,78,,,,,,,0.0,0.0,0.0,0.0,0.0,0.0,690,60,511,72,588,78,766,86,0.0,0.0
Matt Targett,Newcastle,DEF,4.0,0,0,0.0,0.1,0,0,0,0,0,0,0,0,0,0,0,0,0.0,0.0,0.0,0.0,0.0,0,0.0,0.0,3759,44711,0,71,0.0,0.0,0.0,0.0,0.0,0.0,0.0,0.0,0,0,0,0,0,0.0,has joined Middlesbrough on loan for the rest of the season.,553,207,545,207,510,201,553,206,,,,,,,0.0,0.0,0.0,0.0,0.0,0.0,660,163,484,189,562,207,414,153,0.0,0.0
Matai Akinmboni,Bournemouth,DEF,3.8,0,0,0.0,0.2,0,0,0,0,0,0,0,0,0,0,0,0,0.0,0.0,0.0,0.0,0.0,0,0.0,0.0,13769,31150,56,218,-0.2,0.2,0.0,0.0,0.0,0.0,0.0,0.0,0,0,0,0,0,0.0,Muscle injury - 25% chance of playing,501,188,490,187,452,178,501,187,,,,,,,0.0,0.0,0.0,0.0,0.0,0.0,795,251,429,167,510,188,372,135,0.0,0.0
Yunus Emre Konak,Brentford,MID,4.3,0,0,0.0,0.2,0,0,0,0,0,0,0,0,0,0,0,0,0.0,0.0,0.0,0.0,0.0,0,0.0,0.0,38108,40763,0,814,-0.2,0.2,0.0,0.0,0.0,0.0,0.0,0.0,0,0,0,0,0,0.0,has joined Oxford United on loan for the rest of the season.,638,240,635,245,608,233,639,241,,,,,,,0.0,0.0,0.0,0.0,0.0,0.0,617,361,587,212,647,249,384,131,0.0,0.0
Gustavo Nunes,Brentford,MID,4.9,0,0,0.0,0.0,0,0,0,0,0,0,0,0,0,0,0,0,0.0,0.0,0.0,0.0,0.0,0,0.0,0.0,1544,1983,0,123,-0.1,0.1,0.0,0.0,0.0,0.0,0.0,0.0,0,0,0,0,0,0.0,has joined Swansea City on loan for the rest of the season.,762,329,758,329,749,326,761,328,,,,,,,0.0,0.0,0.0,0.0,0.0,0.0,345,215,729,310,762,329,682,285,0.0,0.0
Jayden Meghoma,Brentford,DEF,4.0,0,0,0.0,0.0,0,0,0,0,0,0,0,0,0,0,0,0,0.0,0.0,0.0,0.0,0.0,0,0.0,0.0,279,10881,0,14,0.0,0.0,0.0,0.0,0.0,0.0,0.0,0.0,0,0,0,0,0,0.0,Has joined Rangers on loan for the rest of the season.,576,218,569,218,534,212,576,217,,,,,,,0.0,0.0,0.0,0.0,0.0,0.0,687,177,508,201,585,218,600,215,0.0,0.0
Kim Ji-soo,Brentford,DEF,3.9,0,0,0.0,0.1,0,0,0,0,0,0,0,0,0,0,0,0,0.0,0.0,0.0,0.0,0.0,0,0.0,0.0,4108,15334,0,50,-0.1,0.1,0.0,0.0,0.0,0.0,0.0,0.0,0,0,0,0,0,0.0,has joined Kaiserslautern on loan for the rest of the season.,541,201,532,201,495,193,541,200,,,,,,,0.0,0.0,0.0,0.0,0.0,0.0,769,226,472,183,550,201,501,180,0.0,0.0
Benjamin Fredrick,Brentford,DEF,4.0,0,0,0.0,0.1,0,0,0,0,0,0,0,0,0,0,0,0,0.0,0.0,0.0,0.0,0.0,0,0.0,0.0,2020,14121,0,45,0.0,0.0,0.0,0.0,0.0,0.0,0.0,0.0,0,0,0,0,0,0.0,has joined Dender on loan for the rest of the season.,599,235,592,235,558,230,599,234,,,,,,,0.0,0.0,0.0,0.0,0.0,0.0,715,199,533,220,608,235,514,184,0.0,0.0
Benjamin Arthur,Brentford,DEF,3.9,0,0,0.0,0.2,0,0,0,0,0,0,0,0,0,0,0,0,0.0,0.0,0.0,0.0,0.0,0,0.0,0.0,12343,27534,97,215,-0.1,0.1,0.0,0.0,0.0,0.0,0.0,0.0,0,0,0,0,0,0.0,,544,204,535,204,499,197,544,203,,,,,,,0.0,0.0,0.0,0.0,0.0,0.0,773,230,475,186,553,204,361,132,0.0,0.0
Mads Roerslev,Brentford,DEF,4.5,0,0,0.0,0.0,0,0,0,0,0,0,0,0,0,0,0,0,0.0,0.0,0.0,0.0,0.0,0,0.0,0.0,211,3902,0,5,0.0,0.0,0.0,0.0,0.0,0.0,0.0,0.0,0,0,0,0,0,0.0,Has joined Southampton permanently.,675,253,671,253,648,252,676,253,,,,,,,0.0,0.0,0.0,0.0,0.0,0.0,419,82,626,248,680,253,694,239,0.0,0.0
Hákon Rafn Valdimarsson,Brentford,GKP,3.9,0,0,0.0,0.6,0,0,0,0,0,0,0,0,0,0,0,0,0.0,0.0,0.0,0.0,0.0,0,0.0,0.0,36452,67934,101,705,-0.1,0.1,0.0,0.0,0.0,0.0,0.0,0.0,0,0,0,0,0,0.0,,533,54,524,41,487,26,533,54,,,,,,,0.0,0.0,0.0,0.0,0.0,0.0,761,87,464,48,542,54,229,29,0.0,0.0
Julian Eyestone,Brentford,GKP,3.9,0,0,0.0,0.1,0,0,0,0,0,0,0,0,0,0,0,0,0.0,0.0,0.0,0.0,0.0,0,0.0,0.0,12498,9083,54,207,-0.1,0.1,0.0,0.0,0.0,0.0,0.0,0.0,0,0,0,0,0,0.0,,536,55,527,42,490,27,536,55,,,,,,,0.0,0.0,0.0,0.0,0.0,0.0,764,88,467,49,545,55,447,67,0.0,0.0
Matthew Cox,Brentford,GKP,3.9,0,0,0.0,0.2,0,0,0,0,0,0,0,0,0,0,0,0,0.0,0.0,0.0,0.0,0.0,0,0.0,0.0,11791,12447,0,461,-0.1,0.1,0.0,0.0,0.0,0.0,0.0,0.0,0,0,0,0,0,0.0,has joined Shrewsbury Town on loan for the rest of the season.,532,53,523,40,486,25,532,53,,,,,,,0.0,0.0,0.0,0.0,0.0,0.0,760,86,463,47,541,53,403,61,0.0,0.0
Ellery Balcombe,Brentford,GKP,3.9,0,0,0.0,0.3,0,0,0,0,0,0,0,0,0,0,0,0,0.0,0.0,0.0,0.0,0.0,0,0.0,0.0,14637,22303,165,249,-0.1,0.1,0.0,0.0,0.0,0.0,0.0,0.0,0,0,0,0,0,0.0,,520,45,511,32,474,17,520,45,,,,,,,0.0,0.0,0.0,0.0,0.0,0.0,743,78,451,39,529,45,335,45,0.0,0.0
Rayan Vitor Rayan,Bournemouth,MID,5.5,0,0,0.0,0.0,0,0,0,0,0,0,0,0,0,0,0,0,0.0,0.0,0.0,0.0,0.0,0,0.0,0.0,611,44,611,44,0.0,0.0,0.0,0.0,0.0,0.0,0.0,0.0,0,0,0,0,0,0.0,,795,353,794,353,791,352,795,353,,,,,,,0.0,0.0,0.0,0.0,0.0,0.0,153,96,788,351,795,353,757,328,0.0,0.0
Christos Mandas,Bournemouth,GKP,4.0,0,0,0.0,0.0,0,0,0,0,0,0,0,0,0,0,0,0,0.0,0.0,0.0,0.0,0.0,0,0.0,0.0,48,3,48,3,0.0,0.0,0.0,0.0,0.0,0.0,0.0,0.0,0,0,0,0,0,0.0,,560,68,553,57,518,42,560,68,,,,,,,0.0,0.0,0.0,0.0,0.0,0.0,668,50,491,62,569,68,805,92,0.0,0.0
Charlie Stevens,Bournemouth,MID,4.5,0,0,0.0,0.0,0,0,0,0,0,0,0,0,0,0,0,0,0.0,0.0,0.0,0.0,0.0,0,0.0,0.0,90,17,34,13,0.0,0.0,0.0,0.0,0.0,0.0,0.0,0.0,0,0,0,0,0,0.0,,736,311,731,311,713,305,735,310,,,,,,,0.0,0.0,0.0,0.0,0.0,0.0,506,312,688,281,736,311,802,359,0.0,0.0
Fraser Forster,Bournemouth,GKP,4.0,0,0,0.0,0.0,0,0,0,0,0,0,0,0,0,0,0,0,0.0,0.0,0.0,0.0,0.0,0,0.0,0.0,1199,257,195,72,0.0,0.0,0.0,0.0,0.0,0.0,0.0,0.0,0,0,0,0,0,0.0,,546,60,537,47,501,32,546,60,,,,,,,0.0,0.0,0.0,0.0,0.0,0.0,650,40,477,54,555,60,712,82,0.0,0.0
Malcom DaCosta,Bournemouth,MID,4.5,0,0,0.0,0.0,0,0,0,0,0,0,0,0,0,0,0,0,0.0,0.0,0.0,0.0,0.0,0,0.0,0.0,1267,782,24,41,0.0,0.0,0.0,0.0,0.0,0.0,0.0,0.0,0,0,0,0,0,0.0,,738,313,733,313,716,308,737,312,,,,,,,0.0,0.0,0.0,0.0,0.0,0.0,509,315,690,283,738,313,738,315,0.0,0.0
Remy Rees-Dottin,Bournemouth,MID,4.3,0,0,0.0,0.1,0,0,0,0,0,0,0,0,0,0,0,0,0.0,0.0,0.0,0.0,0.0,0,0.0,0.0,13814,15314,641,207,-0.2,0.2,-0.1,0.1,0.0,0.0,0.0,0.0,0,0,0,0,0,0.0,,635,237,632,242,605,230,636,238,,,,,,,0.0,0.0,0.0,0.0,0.0,0.0,613,357,584,209,644,246,437,148,0.0,0.0
Daniel Adu-Adjei,Bournemouth,FWD,4.4,0,0,0.0,0.1,0,0,0,0,0,0,0,0,0,0,0,0,0.0,0.0,0.0,0.0,0.0,0,0.0,0.0,22144,43853,0,76,-0.1,0.1,0.0,0.0,0.0,0.0,0.0,0.0,0,0,0,0,0,0.0,has joined HNK Rijeka permanently.,664,72,660,71,635,71,665,72,,,,,,,0.0,0.0,0.0,0.0,0.0,0.0,558,81,614,61,670,72,419,61,0.0,0.0
Zain Silcott-Duberry,Bournemouth,MID,4.4,0,0,0.0,0.1,0,0,0,0,0,0,0,0,0,0,0,0,0.0,0.0,0.0,0.0,0.0,0,0.0,0.0,15405,21271,0,40,-0.1,0.1,0.0,0.0,0.0,0.0,0.0,0.0,0,0,0,0,0,0.0,has joined Olympiakos permanently.,652,248,649,253,623,241,653,249,,,,,,,0.0,0.0,0.0,0.0,0.0,0.0,544,326,603,219,660,256,561,206,0.0,0.0
Dominic Sadi,Bournemouth,MID,4.5,0,0,0.0,0.0,0,0,0,0,0,0,0,0,0,0,0,0,0.0,0.0,0.0,0.0,0.0,0,0.0,0.0,3895,8123,0,13,0.0,0.0,0.0,0.0,0.0,0.0,0.0,0.0,0,0,0,0,0,0.0,has joined Novi Pazar on loan for the rest of the season.,701,285,698,287,677,278,701,285,,,,,,,0.0,0.0,0.0,0.0,0.0,0.0,461,281,655,257,705,289,635,256,0.0,0.0
Romain Faivre,Bournemouth,MID,4.5,0,0,0.0,0.1,0,0,0,0,0,0,0,0,0,0,0,0,0.0,0.0,0.0,0.0,0.0,0,0.0,0.0,4097,19104,110,53,0.0,0.0,0.0,0.0,0.0,0.0,0.0,0.0,0,0,0,0,0,0.0,,679,264,676,267,654,258,680,265,,,,,,,0.0,0.0,0.0,0.0,0.0,0.0,427,256,632,235,684,269,537,191,0.0,0.0
Luis Sinisterra,Bournemouth,MID,5.0,0,0,0.0,0.0,0,0,0,0,0,0,0,0,0,0,0,0,0.0,0.0,0.0,0.0,0.0,0,0.0,0.0,396,3875,0,1,0.0,0.0,0.0,0.0,0.0,0.0,0.0,0.0,0,0,0,0,0,0.0,Has joined Cruzeiro on loan for the rest of the season.,766,332,763,332,756,329,765,331,,,,,,,0.0,0.0,0.0,0.0,0.0,0.0,254,155,737,315,766,332,722,307,0.0,0.0
Philip Philip,Bournemouth,MID,4.9,0,0,0.0,0.0,0,0,0,0,0,0,0,0,0,0,0,0,0.0,0.0,0.0,0.0,0.0,0,0.0,0.0,598,6596,0,5,-0.1,0.1,0.0,0.0,0.0,0.0,0.0,0.0,0,0,0,0,0,0.0,Has joined Midtjylland permanently.,749,319,745,319,735,316,748,318,,,,,,,0.0,0.0,0.0,0.0,0.0,0.0,295,183,710,296,749,319,661,271,0.0,0.0
Chris Mepham,Bournemouth,DEF,4.0,0,0,0.0,0.1,0,0,0,0,0,0,0,0,0,0,0,0,0.0,0.0,0.0,0.0,0.0,0,0.0,0.0,1400,16526,0,24,0.0,0.0,0.0,0.0,0.0,0.0,0.0,0.0,0,0,0,0,0,0.0,has joined West Bromwich Albion permanently.,555,209,548,209,513,203,555,208,,,,,,,0.0,0.0,0.0,0.0,0.0,0.0,663,165,486,191,564,209,528,193,0.0,0.0
Julián J.Araujo,Bournemouth,DEF,3.8,0,0,0.0,0.6,0,0,0,0,0,0,0,0,0,0,0,0,0.0,0.0,0.0,0.0,0.0,0,0.0,0.0,47440,125552,0,1374,-0.2,0.2,0.0,0.0,0.0,0.0,0.0,0.0,0,0,0,0,0,0.0,has joined Celtic on loan for the rest of the season.,493,180,482,179,444,170,493,179,,,,,,,0.0,0.0,0.0,0.0,0.0,0.0,784,240,420,158,502,180,239,90,0.0,0.0
Paris Maghoma,Brentford,MID,4.5,0,0,0.0,0.0,0,0,0,0,0,0,0,0,0,0,0,0,0.0,0.0,0.0,0.0,0.0,0,0.0,0.0,4038,4584,53,160,0.0,0.0,0.0,0.0,0.0,0.0,0.0,0.0,0,0,0,0,0,0.0,has joined Norwich City permanently.,674,260,670,263,646,253,675,261,,,,,,,0.0,0.0,0.0,0.0,0.0,0.0,417,251,624,230,679,265,647,263,0.0,0.0
Ryan Trevitt,Brentford,MID,4.5,0,0,0.0,0.0,0,0,0,0,0,0,0,0,0,0,0,0,0.0,0.0,0.0,0.0,0.0,0,0.0,0.0,0,935,0,3,0.0,0.0,0.0,0.0,0.0,0.0,0.0,0.0,0,0,0,0,0,0.0,Has joined Wigan on loan for the rest of the season,719,298,714,298,696,292,718,297,,,,,,,0.0,0.0,0.0,0.0,0.0,0.0,483,297,671,268,720,299,765,332,0.0,0.0
Iwan Morgan,Brentford,FWD,4.4,0,0,0.0,0.3,0,0,0,0,0,0,0,0,0,0,0,0,0.0,0.0,0.0,0.0,0.0,0,0.0,0.0,52422,78211,0,610,-0.1,0.1,0.0,0.0,0.0,0.0,0.0,0.0,0,0,0,0,0,0.0,has joined Shrewsbury on loan for the rest of the season.,654,67,650,66,625,66,655,67,,,,,,,0.0,0.0,0.0,0.0,0.0,0.0,546,76,604,56,661,67,302,50,0.0,0.0
Julio Enciso,Brighton,MID,5.4,0,0,0.0,0.0,0,0,0,0,0,0,0,0,0,0,0,0,0.0,0.0,0.0,0.0,0.0,0,0.0,0.0,105,2939,0,2,-0.1,0.1,0.0,0.0,0.0,0.0,0.0,0.0,0,0,0,0,0,0.0,has joined Strasbourg permanently.,788,348,787,348,783,347,788,348,,,,,,,0.0,0.0,0.0,0.0,0.0,0.0,175,108,777,343,788,348,728,309,0.0,0.0
Levi Colwill,Chelsea,DEF,4.7,0,0,0.0,0.1,0,0,0,0,0,0,0,0,0,0,0,0,0.0,0.0,0.0,0.0,0.0,0,0.0,0.0,1066,30361,26,38,-0.3,0.3,0.0,0.0,0.0,0.0,0.0,0.0,0,0,0,0,0,0.0,Anterior cruciate ligament - Unknown return date,741,257,736,257,722,256,740,257,,,,,,,0.0,0.0,0.0,0.0,0.0,0.0,386,66,697,252,741,257,463,172,0.0,0.0
Gabriel Slonina,Chelsea,GKP,3.9,0,0,0.0,0.1,0,0,0,0,0,0,0,0,0,0,0,0,0.0,0.0,0.0,0.0,0.0,0,0.0,0.0,9651,11500,64,169,-0.1,0.1,0.0,0.0,0.0,0.0,0.0,0.0,0,0,0,0,0,0.0,,526,48,517,35,480,20,526,48,,,,,,,0.0,0.0,0.0,0.0,0.0,0.0,752,81,457,42,535,48,449,68,0.0,0.0
Mike Penders,Chelsea,GKP,4.0,0,0,0.0,0.0,0,0,0,0,0,0,0,0,0,0,0,0,0.0,0.0,0.0,0.0,0.0,0,0.0,0.0,0,336,0,2,0.0,0.0,0.0,0.0,0.0,0.0,0.0,0.0,0,0,0,0,0,0.0,Has joined RC Strasbourg on loan for the rest of the season.,585,81,578,70,544,55,585,81,,,,,,,0.0,0.0,0.0,0.0,0.0,0.0,699,63,518,75,594,81,778,88,0.0,0.0
Harry Howell,Brighton,MID,4.5,0,0,0.0,0.0,0,0,0,0,0,0,0,0,0,0,0,0,0.0,0.0,0.0,0.0,0.0,0,0.0,0.0,113,31,23,14,0.0,0.0,0.0,0.0,0.0,0.0,0.0,0.0,0,0,0,0,0,0.0,,722,300,717,300,699,294,721,299,,,,,,,0.0,0.0,0.0,0.0,0.0,0.0,486,299,674,270,723,301,795,352,0.0,0.0
Freddie Simmonds,Brighton,DEF,4.0,0,0,0.0,0.0,0,0,0,0,0,0,0,0,0,0,0,0,0.0,0.0,0.0,0.0,0.0,0,0.0,0.0,573,373,27,42,0.0,0.0,0.0,0.0,0.0,0.0,0.0,0.0,0,0,0,0,0,0.0,,598,234,591,234,557,229,598,233,,,,,,,0.0,0.0,0.0,0.0,0.0,0.0,714,198,532,219,607,234,727,249,0.0,0.0
Evan Ferguson,Brighton,FWD,5.5,0,0,0.0,0.0,0,0,0,0,0,0,0,0,0,0,0,0,0.0,0.0,0.0,0.0,0.0,0,0.0,0.0,0,1552,0,0,0.0,0.0,0.0,0.0,0.0,0.0,0.0,0.0,0,0,0,0,0,0.0,Has joined AS Roma on loan for the rest of the season,794,86,793,86,790,86,794,86,,,,,,,0.0,0.0,0.0,0.0,0.0,0.0,152,38,787,82,794,86,737,88,0.0,0.0
Andrew Moran,Brighton,MID,4.5,0,0,0.0,0.0,0,0,0,0,0,0,0,0,0,0,0,0,0.0,0.0,0.0,0.0,0.0,0,0.0,0.0,490,5061,0,6,0.0,0.0,0.0,0.0,0.0,0.0,0.0,0.0,0,0,0,0,0,0.0,Has joined Los Angeles FC on loan for the rest of the season.,692,276,689,278,668,269,692,276,,,,,,,0.0,0.0,0.0,0.0,0.0,0.0,449,269,646,248,696,280,681,284,0.0,0.0
Adrian Mazilu,Brighton,MID,4.5,0,0,0.0,0.0,0,0,0,0,0,0,0,0,0,0,0,0,0.0,0.0,0.0,0.0,0.0,0,0.0,0.0,1435,4543,0,8,0.0,0.0,0.0,0.0,0.0,0.0,0.0,0.0,0,0,0,0,0,0.0,has joined Dinamo Bucharest permanently.,700,284,697,286,676,277,700,284,,,,,,,0.0,0.0,0.0,0.0,0.0,0.0,460,280,654,256,704,288,673,279,0.0,0.0
Malick Yalcouye,Brighton,MID,5.0,0,0,0.0,0.0,0,0,0,0,0,0,0,0,0,0,0,0,0.0,0.0,0.0,0.0,0.0,0,0.0,0.0,0,1262,0,2,0.0,0.0,0.0,0.0,0.0,0.0,0.0,0.0,0,0,0,0,0,0.0,Has joined Swansea City on loan for the rest of the season.,777,341,775,341,768,338,776,340,,,,,,,0.0,0.0,0.0,0.0,0.0,0.0,281,173,750,326,777,341,755,326,0.0,0.0
Jeremy Sarmiento,Brighton,MID,4.9,0,0,0.0,0.0,0,0,0,0,0,0,0,0,0,0,0,0,0.0,0.0,0.0,0.0,0.0,0,0.0,0.0,197,2936,1,5,-0.1,0.1,0.0,0.0,0.0,0.0,0.0,0.0,0,0,0,0,0,0.0,has joined Middlesbrough on loan for the rest of the season.,758,327,754,327,745,324,757,326,,,,,,,0.0,0.0,0.0,0.0,0.0,0.0,328,202,722,305,758,327,686,289,0.0,0.0
Abdallah Sima,Brighton,MID,5.4,0,0,0.0,0.0,0,0,0,0,0,0,0,0,0,0,0,0,0.0,0.0,0.0,0.0,0.0,0,0.0,0.0,247,2221,0,1,-0.1,0.1,0.0,0.0,0.0,0.0,0.0,0.0,0,0,0,0,0,0.0,has joined Lens permanently.,789,349,788,349,784,348,789,349,,,,,,,0.0,0.0,0.0,0.0,0.0,0.0,181,113,779,345,789,349,714,302,0.0,0.0
Solly March,Brighton,MID,5.8,0,0,0.0,0.0,0,0,0,0,0,0,0,0,0,0,0,0,0.0,0.0,0.0,0.0,0.0,0,0.0,0.0,654,2463,11,9,-0.2,0.2,0.0,0.0,0.0,0.0,0.0,0.0,0,0,0,0,0,0.0,Lack of match fitness - 25% chance of playing,796,354,796,354,794,353,796,354,,,,,,,0.0,0.0,0.0,0.0,0.0,0.0,105,67,792,353,796,354,739,316,0.0,0.0
Josh Dasilva,Brentford,MID,4.9,0,0,0.0,0.0,0,0,0,0,0,0,0,0,0,0,0,0,0.0,0.0,0.0,0.0,0.0,0,0.0,0.0,153,187,6,2,-0.1,0.1,0.0,0.0,0.0,0.0,0.0,0.0,0,0,0,0,0,0.0,Knee injury - Unknown return date,750,320,746,320,736,317,749,319,,,,,,,0.0,0.0,0.0,0.0,0.0,0.0,298,184,711,297,750,320,792,349,0.0,0.0
Charlie Tasker,Brighton,DEF,3.8,0,0,0.0,0.1,0,0,0,0,0,0,0,0,0,0,0,0,0.0,0.0,0.0,0.0,0.0,0,0.0,0.0,9763,15472,228,198,-0.2,0.2,0.0,0.0,0.0,0.0,0.0,0.0,0,0,0,0,0,0.0,,503,190,493,190,455,181,503,189,,,,,,,0.0,0.0,0.0,0.0,0.0,0.0,798,254,432,170,512,190,411,151,0.0,0.0
Jacob Slater,Brighton,DEF,4.0,0,0,0.0,0.1,0,0,0,0,0,0,0,0,0,0,0,0,0.0,0.0,0.0,0.0,0.0,0,0.0,0.0,3175,16373,0,47,0.0,0.0,0.0,0.0,0.0,0.0,0.0,0.0,0,0,0,0,0,0.0,has joined Harrogate Town on loan until January.,594,230,587,230,553,225,594,229,,,,,,,0.0,0.0,0.0,0.0,0.0,0.0,709,193,528,215,603,230,485,175,0.0,0.0
Eiran Cashin,Brighton,DEF,4.0,0,0,0.0,0.0,0,0,0,0,0,0,0,0,0,0,0,0,0.0,0.0,0.0,0.0,0.0,0,0.0,0.0,0,771,0,0,0.0,0.0,0.0,0.0,0.0,0.0,0.0,0.0,0,0,0,0,0,0.0,has joined Blackburn Rovers on loan for the rest of the season.,561,211,554,211,519,205,561,210,,,,,,,0.0,0.0,0.0,0.0,0.0,0.0,669,167,492,193,570,211,758,257,0.0,0.0
Adam Webster,Brighton,DEF,4.4,0,0,0.0,0.0,0,0,0,0,0,0,0,0,0,0,0,0,0.0,0.0,0.0,0.0,0.0,0,0.0,0.0,781,1563,23,11,-0.1,0.1,0.0,0.0,0.0,0.0,0.0,0.0,0,0,0,0,0,0.0,Knee injury - Unknown return date,640,248,637,248,611,246,641,248,,,,,,,0.0,0.0,0.0,0.0,0.0,0.0,516,101,590,240,649,248,741,252,0.0,0.0
Tariq Lamptey,Brighton,DEF,4.4,0,0,0.0,0.1,0,0,0,0,0,0,0,0,0,0,0,0,0.0,0.0,0.0,0.0,0.0,0,0.0,0.0,2778,38369,0,31,-0.1,0.1,0.0,0.0,0.0,0.0,0.0,0.0,0,0,0,0,0,0.0,has joined Fiorentina permanently.,643,250,640,250,614,248,644,250,,,,,,,0.0,0.0,0.0,0.0,0.0,0.0,525,109,594,243,652,250,495,178,0.0,0.0
Pervis Estupiñan,Brighton,DEF,4.5,0,0,0.0,0.0,0,0,0,0,0,0,0,0,0,0,0,0,0.0,0.0,0.0,0.0,0.0,0,0.0,0.0,0,1965,0,1,0.0,0.0,0.0,0.0,0.0,0.0,0.0,0.0,0,0,0,0,0,0.0,Has joined AC Milan permanently,672,251,668,251,644,249,673,251,,,,,,,0.0,0.0,0.0,0.0,0.0,0.0,414,78,622,245,677,251,726,248,0.0,0.0
Kjell Scherpen,Brighton,GKP,4.0,0,0,0.0,0.0,0,0,0,0,0,0,0,0,0,0,0,0,0.0,0.0,0.0,0.0,0.0,0,0.0,0.0,0,197,0,1,0.0,0.0,0.0,0.0,0.0,0.0,0.0,0.0,0,0,0,0,0,0.0,Has joined Union SG permanently,558,66,551,55,516,40,558,66,,,,,,,0.0,0.0,0.0,0.0,0.0,0.0,666,48,489,60,567,66,787,90,0.0,0.0
Carl Rushworth,Brighton,GKP,4.0,0,0,0.0,0.0,0,0,0,0,0,0,0,0,0,0,0,0,0.0,0.0,0.0,0.0,0.0,0,0.0,0.0,0,242,0,1,0.0,0.0,0.0,0.0,0.0,0.0,0.0,0.0,0,0,0,0,0,0.0,Has joined Coventry City on loan for the rest of the season.,568,73,561,62,526,47,568,73,,,,,,,0.0,0.0,0.0,0.0,0.0,0.0,678,55,499,67,577,73,786,89,0.0,0.0
Tom McGill,Brighton,GKP,3.9,0,0,0.0,0.3,0,0,0,0,0,0,0,0,0,0,0,0,0.0,0.0,0.0,0.0,0.0,0,0.0,0.0,16787,26133,140,272,-0.1,0.1,0.0,0.0,0.0,0.0,0.0,0.0,0,0,0,0,0,0.0,,518,43,509,30,472,15,518,43,,,,,,,0.0,0.0,0.0,0.0,0.0,0.0,739,76,449,37,527,43,305,41,0.0,0.0
Jason Steele,Brighton,GKP,4.2,0,0,0.0,0.2,0,0,0,0,0,0,0,0,0,0,0,0,0.0,0.0,0.0,0.0,0.0,0,0.0,0.0,9168,37676,132,206,-0.3,0.3,0.0,0.0,0.0,0.0,0.0,0.0,0,0,0,0,0,0.0,,609,84,602,73,569,58,610,84,,,,,,,0.0,0.0,0.0,0.0,0.0,0.0,619,31,544,78,618,84,340,47,0.0,0.0
Kaye Furo,Brentford,FWD,4.5,0,0,0.0,0.0,0,0,0,0,0,0,0,0,0,0,0,0,0.0,0.0,0.0,0.0,0.0,0,0.0,0.0,287,59,118,39,0.0,0.0,0.0,0.0,0.0,0.0,0.0,0.0,0,0,0,0,0,0.0,,720,76,715,75,697,75,719,76,,,,,,,0.0,0.0,0.0,0.0,0.0,0.0,484,68,672,65,721,76,767,89,0.0,0.0
Owen Bevan,Bournemouth,DEF,3.8,0,0,0.0,0.2,0,0,0,0,0,0,0,0,0,0,0,0,0.0,0.0,0.0,0.0,0.0,0,0.0,0.0,11896,17169,311,284,-0.2,0.2,0.0,0.0,0.0,0.0,0.0,0.0,0,0,0,0,0,0.0,,500,187,489,186,451,177,500,186,,,,,,,0.0,0.0,0.0,0.0,0.0,0.0,793,249,428,166,509,187,390,142,0.0,0.0
Illia Zabarnyi,Bournemouth,DEF,5.0,0,0,0.0,0.0,0,0,0,0,0,0,0,0,0,0,0,0,0.0,0.0,0.0,0.0,0.0,0,0.0,0.0,0,8169,0,6,0.0,0.0,0.0,0.0,0.0,0.0,0.0,0.0,0,0,0,0,0,0.0,Has joined Paris Saint-Germain permanently.,770,260,768,260,760,259,769,260,,,,,,,0.0,0.0,0.0,0.0,0.0,0.0,264,42,742,257,770,260,658,229,0.0,0.0
Miodrag Pivas,Newcastle,DEF,3.8,0,0,0.0,0.4,0,0,0,0,0,0,0,0,0,0,0,0,0.0,0.0,0.0,0.0,0.0,0,0.0,0.0,62456,43674,202,945,-0.2,0.2,0.0,0.0,0.0,0.0,0.0,0.0,0,0,0,0,0,0.0,,505,192,495,192,458,184,505,191,,,,,,,0.0,0.0,0.0,0.0,0.0,0.0,803,259,435,173,514,192,274,102,0.0,0.0
Alex Paulsen,Bournemouth,GKP,4.0,0,0,0.0,0.1,0,0,0,0,0,0,0,0,0,0,0,0,0.0,0.0,0.0,0.0,0.0,0,0.0,0.0,1107,10178,0,32,0.0,0.0,0.0,0.0,0.0,0.0,0.0,0.0,0,0,0,0,0,0.0,Has joined Lechia Gdansk on loan for the rest of the season.,574,76,567,65,532,50,574,76,,,,,,,0.0,0.0,0.0,0.0,0.0,0.0,685,58,506,70,583,76,556,78,0.0,0.0
Triston Rowe,Aston Villa,DEF,4.0,0,0,0.0,0.1,0,0,0,0,0,0,0,0,0,0,0,0,0.0,0.0,0.0,0.0,0.0,0,0.0,0.0,8943,10507,0,39,0.0,0.0,0.0,0.0,0.0,0.0,0.0,0.0,0,0,0,0,0,0.0,has joined Annecy on loan for the rest of the season.,589,226,582,226,548,221,589,225,,,,,,,0.0,0.0,0.0,0.0,0.0,0.0,703,188,522,210,598,226,523,189,0.0,0.0
James Wright,Aston Villa,GKP,3.9,0,0,0.0,0.6,0,0,0,0,0,0,0,0,0,0,0,0,0.0,0.0,0.0,0.0,0.0,0,0.0,0.0,58204,40305,283,757,-0.1,0.1,0.0,0.0,0.0,0.0,0.0,0.0,0,0,0,0,0,0.0,,527,49,518,36,481,21,527,49,,,,,,,0.0,0.0,0.0,0.0,0.0,0.0,755,82,458,43,536,49,235,31,0.0,0.0
Zépiqueno Redmond,Aston Villa,FWD,4.5,0,0,0.0,0.3,0,0,0,0,0,0,0,0,0,0,0,0,0.0,0.0,0.0,0.0,0.0,0,0.0,0.0,17574,84198,0,118,0.0,0.0,0.0,0.0,0.0,0.0,0.0,0.0,0,0,0,0,0,0.0,has joined Huddersfield Town on loan for the rest of the season.,713,75,709,74,691,74,713,75,,,,,,,0.0,0.0,0.0,0.0,0.0,0.0,477,67,666,64,715,75,316,52,0.0,0.0
Kadan Young,Aston Villa,MID,4.3,0,0,0.0,0.6,0,0,0,0,0,0,0,0,0,0,0,0,0.0,0.0,0.0,0.0,0.0,0,0.0,0.0,96141,110704,1573,1898,-0.2,0.2,0.0,0.0,0.0,0.0,0.0,0.0,0,0,0,0,0,0.0,,627,230,624,235,596,222,628,231,,,,,,,0.0,0.0,0.0,0.0,0.0,0.0,602,348,574,201,636,239,228,79,0.0,0.0
Leander Dendoncker,Aston Villa,MID,4.5,0,0,0.0,0.1,0,0,0,0,0,0,0,0,0,0,0,0,0.0,0.0,0.0,0.0,0.0,0,0.0,0.0,2169,33409,0,29,0.0,0.0,0.0,0.0,0.0,0.0,0.0,0.0,0,0,0,0,0,0.0,Has joined Real Oviedo permanently.,669,257,664,260,640,250,670,258,,,,,,,0.0,0.0,0.0,0.0,0.0,0.0,407,248,619,227,674,262,518,185,0.0,0.0
Ben Broggio,Aston Villa,MID,4.4,0,0,0.0,0.3,0,0,0,0,0,0,0,0,0,0,0,0,0.0,0.0,0.0,0.0,0.0,0,0.0,0.0,37815,47269,182,391,-0.1,0.1,0.0,0.0,0.0,0.0,0.0,0.0,0,0,0,0,0,0.0,,661,253,657,257,632,246,662,254,,,,,,,0.0,0.0,0.0,0.0,0.0,0.0,554,332,611,223,667,259,323,109,0.0,0.0
Lewis Dobbin,Aston Villa,MID,5.0,0,0,0.0,0.0,0,0,0,0,0,0,0,0,0,0,0,0,0.0,0.0,0.0,0.0,0.0,0,0.0,0.0,889,5403,0,2,0.0,0.0,0.0,0.0,0.0,0.0,0.0,0.0,0,0,0,0,0,0.0,Has joined Preston North End on loan for the rest of the season.,768,334,765,334,758,331,767,333,,,,,,,0.0,0.0,0.0,0.0,0.0,0.0,260,159,740,318,768,334,653,267,0.0,0.0
Enzo Barrenechea,Aston Villa,MID,5.0,0,0,0.0,0.0,0,0,0,0,0,0,0,0,0,0,0,0,0.0,0.0,0.0,0.0,0.0,0,0.0,0.0,0,34,0,0,0.0,0.0,0.0,0.0,0.0,0.0,0.0,0.0,0,0,0,0,0,0.0,Season-long loan to Benfica,772,337,770,337,762,334,771,336,,,,,,,0.0,0.0,0.0,0.0,0.0,0.0,267,162,744,321,772,337,808,362,0.0,0.0
Samuel Iling Jr,Aston Villa,MID,5.5,0,0,0.0,0.0,0,0,0,0,0,0,0,0,0,0,0,0,0.0,0.0,0.0,0.0,0.0,0,0.0,0.0,1383,3755,0,5,0.0,0.0,0.0,0.0,0.0,0.0,0.0,0.0,0,0,0,0,0,0.0,has joined West Bromwich Albion on loan for the rest of the season,793,352,792,352,789,351,793,352,,,,,,,0.0,0.0,0.0,0.0,0.0,0.0,151,95,786,350,793,352,671,277,0.0,0.0
Yasin Yasin,Aston Villa,DEF,4.0,0,0,0.0,0.1,0,0,0,0,0,0,0,0,0,0,0,0,0.0,0.0,0.0,0.0,0.0,0,0.0,0.0,4656,20615,0,57,0.0,0.0,0.0,0.0,0.0,0.0,0.0,0.0,0,0,0,0,0,0.0,has joined Anderlecht on loan for the rest of the season.,592,229,585,229,551,224,592,228,,,,,,,0.0,0.0,0.0,0.0,0.0,0.0,707,192,526,214,601,229,451,166,0.0,0.0
Lino Sousa,Aston Villa,DEF,3.8,0,0,0.0,0.3,0,0,0,0,0,0,0,0,0,0,0,0,0.0,0.0,0.0,0.0,0.0,0,0.0,0.0,19634,32274,731,413,-0.2,0.2,0.0,0.0,0.0,0.0,0.0,0.0,0,0,0,0,0,0.0,,498,185,487,184,449,175,498,184,,,,,,,0.0,0.0,0.0,0.0,0.0,0.0,791,247,426,164,507,185,319,118,0.0,0.0
Álex Alex Moreno,Aston Villa,DEF,4.0,0,0,0.0,1.7,0,0,0,0,0,0,0,0,0,0,0,0,0.0,0.0,0.0,0.0,0.0,0,0.0,0.0,44476,880306,0,1054,0.0,0.0,0.0,0.0,0.0,0.0,0.0,0.0,0,0,0,0,0,0.0,Has joined Girona permanently.,548,205,540,205,504,198,548,204,,,,,,,0.0,0.0,0.0,0.0,0.0,0.0,653,159,479,187,557,205,145,57,0.0,0.0
Filip Marschall,Aston Villa,GKP,4.0,0,0,0.0,0.0,0,0,0,0,0,0,0,0,0,0,0,0,0.0,0.0,0.0,0.0,0.0,0,0.0,0.0,0,1232,0,5,0.0,0.0,0.0,0.0,0.0,0.0,0.0,0.0,0,0,0,0,0,0.0,Has joined Stevenage permanently.,565,70,558,59,523,44,565,70,,,,,,,0.0,0.0,0.0,0.0,0.0,0.0,674,52,496,64,574,70,731,84,0.0,0.0
Joe Gauci,Aston Villa,GKP,4.0,0,0,0.0,0.1,0,0,0,0,0,0,0,0,0,0,0,0,0.0,0.0,0.0,0.0,0.0,0,0.0,0.0,0,16880,0,81,0.0,0.0,0.0,0.0,0.0,0.0,0.0,0.0,0,0,0,0,0,0.0,Has joined Port Vale on loan for the rest of the season.,566,71,559,60,524,45,566,71,,,,,,,0.0,0.0,0.0,0.0,0.0,0.0,675,53,497,65,575,71,481,74,0.0,0.0
Marli Salmon,Arsenal,DEF,4.0,0,0,0.0,0.0,0,0,0,0,0,0,0,0,0,0,0,0,0.0,0.0,0.0,0.0,0.0,0,0.0,0.0,924,693,38,40,0.0,0.0,0.0,0.0,0.0,0.0,0.0,0.0,0,0,0,0,0,0.0,,600,236,593,236,559,231,600,235,,,,,,,0.0,0.0,0.0,0.0,0.0,0.0,717,201,534,221,609,236,695,240,0.0,0.0
Andre Harriman-Annous,Arsenal,MID,4.4,0,0,0.0,0.0,0,0,0,0,0,0,0,0,0,0,0,0,0.0,0.0,0.0,0.0,0.0,0,0.0,0.0,1677,1573,18,20,-0.1,0.1,0.0,0.0,0.0,0.0,0.0,0.0,0,0,0,0,0,0.0,,666,256,661,259,637,249,667,257,,,,,,,0.0,0.0,0.0,0.0,0.0,0.0,563,337,616,226,671,261,696,294,0.0,0.0
Albert Sambi,Arsenal,MID,4.5,0,0,0.0,0.1,0,0,0,0,0,0,0,0,0,0,0,0,0.0,0.0,0.0,0.0,0.0,0,0.0,0.0,2952,13966,0,22,0.0,0.0,0.0,0.0,0.0,0.0,0.0,0.0,0,0,0,0,0,0.0,has joined Hamburger permanently.,677,262,674,265,652,256,678,263,,,,,,,0.0,0.0,0.0,0.0,0.0,0.0,425,254,630,233,682,267,578,216,0.0,0.0
Ismeal Kabia,Arsenal,MID,4.5,0,0,0.0,0.1,0,0,0,0,0,0,0,0,0,0,0,0,0.0,0.0,0.0,0.0,0.0,0,0.0,0.0,6731,30005,0,30,0.0,0.0,0.0,0.0,0.0,0.0,0.0,0.0,0,0,0,0,0,0.0,has joined Shrewsbury Town on loan for the rest of the season.,716,295,711,295,693,289,715,294,,,,,,,0.0,0.0,0.0,0.0,0.0,0.0,480,294,668,265,717,296,473,162,0.0,0.0
Fábio Fábio Vieira,Arsenal,MID,5.4,0,0,0.0,0.0,0,0,0,0,0,0,0,0,0,0,0,0,0.0,0.0,0.0,0.0,0.0,0,0.0,0.0,933,4397,0,5,-0.1,0.1,0.0,0.0,0.0,0.0,0.0,0.0,0,0,0,0,0,0.0,has joined Hamburger on loan for the rest of the season.,786,347,785,347,781,346,786,347,,,,,,,0.0,0.0,0.0,0.0,0.0,0.0,172,107,775,342,786,347,669,276,0.0,0.0
Josh Nichols,Arsenal,DEF,3.8,0,0,0.0,0.2,0,0,0,0,0,0,0,0,0,0,0,0,0.0,0.0,0.0,0.0,0.0,0,0.0,0.0,17020,24687,85,213,-0.2,0.2,0.0,0.0,0.0,0.0,0.0,0.0,0,0,0,0,0,0.0,,497,184,486,183,448,174,497,183,,,,,,,0.0,0.0,0.0,0.0,0.0,0.0,790,246,425,163,506,184,386,140,0.0,0.0
Maldini Kacurri,Arsenal,DEF,3.9,0,0,0.0,0.1,0,0,0,0,0,0,0,0,0,0,0,0,0.0,0.0,0.0,0.0,0.0,0,0.0,0.0,10218,22302,0,33,-0.1,0.1,0.0,0.0,0.0,0.0,0.0,0.0,0,0,0,0,0,0.0,has joined Morecambe on loan for the rest of the season.,542,202,533,202,496,194,542,201,,,,,,,0.0,0.0,0.0,0.0,0.0,0.0,770,227,473,184,551,202,474,173,0.0,0.0
Brayden Clarke,Arsenal,DEF,3.8,0,0,0.0,0.4,0,0,0,0,0,0,0,0,0,0,0,0,0.0,0.0,0.0,0.0,0.0,0,0.0,0.0,50261,73194,301,736,-0.2,0.2,0.0,0.0,0.0,0.0,0.0,0.0,0,0,0,0,0,0.0,,504,191,494,191,457,183,504,190,,,,,,,0.0,0.0,0.0,0.0,0.0,0.0,801,257,434,172,513,191,261,98,0.0,0.0
Jakub Kiwior,Arsenal,DEF,5.4,0,0,0.0,0.0,0,0,0,0,0,0,0,0,0,0,0,0,0.0,0.0,0.0,0.0,0.0,0,0.0,0.0,1119,10837,0,9,-0.1,0.1,0.0,0.0,0.0,0.0,0.0,0.0,0,0,0,0,0,0.0,has joined Porto on loan for the rest of the season.,787,263,786,263,782,262,787,263,,,,,,,0.0,0.0,0.0,0.0,0.0,0.0,173,20,776,262,787,263,582,210,0.0,0.0
Tommy Setford,Arsenal,GKP,3.9,0,0,0.0,0.2,0,0,0,0,0,0,0,0,0,0,0,0,0.0,0.0,0.0,0.0,0.0,0,0.0,0.0,32236,29320,171,529,-0.1,0.1,0.0,0.0,0.0,0.0,0.0,0.0,0,0,0,0,0,0.0,,537,56,528,43,491,28,537,56,,,,,,,0.0,0.0,0.0,0.0,0.0,0.0,765,89,468,50,546,56,342,48,0.0,0.0
Karl Hein,Arsenal,GKP,4.0,0,0,0.0,0.2,0,0,0,0,0,0,0,0,0,0,0,0,0.0,0.0,0.0,0.0,0.0,0,0.0,0.0,5545,47066,0,117,0.0,0.0,0.0,0.0,0.0,0.0,0.0,0.0,0,0,0,0,0,0.0,Has joined Werder Bremen on loan for the rest of the season.,567,72,560,61,525,46,567,72,,,,,,,0.0,0.0,0.0,0.0,0.0,0.0,676,54,498,66,576,72,359,52,0.0,0.0
Sam Proctor,Aston Villa,GKP,3.9,0,0,0.0,0.6,0,0,0,0,0,0,0,0,0,0,0,0,0.0,0.0,0.0,0.0,0.0,0,0.0,0.0,81696,33610,798,1581,-0.1,0.1,0.0,0.0,0.0,0.0,0.0,0.0,0,0,0,0,0,0.0,,538,57,529,44,492,29,538,57,,,,,,,0.0,0.0,0.0,0.0,0.0,0.0,766,90,469,51,547,57,234,30,0.0,0.0
Travis Patterson,Aston Villa,DEF,3.9,0,0,0.0,0.2,0,0,0,0,0,0,0,0,0,0,0,0,0.0,0.0,0.0,0.0,0.0,0,0.0,0.0,32321,21011,63,284,-0.1,0.1,0.0,0.0,0.0,0.0,0.0,0.0,0,0,0,0,0,0.0,,535,199,526,199,489,191,535,198,,,,,,,0.0,0.0,0.0,0.0,0.0,0.0,763,224,466,181,544,199,368,133,0.0,0.0
Ronnie Hollingshead,Aston Villa,GKP,4.0,0,0,0.0,0.0,0,0,0,0,0,0,0,0,0,0,0,0,0.0,0.0,0.0,0.0,0.0,0,0.0,0.0,986,585,39,36,0.0,0.0,0.0,0.0,0.0,0.0,0.0,0.0,0,0,0,0,0,0.0,,580,79,573,68,538,53,580,79,,,,,,,0.0,0.0,0.0,0.0,0.0,0.0,693,61,512,73,589,79,715,83,0.0,0.0
Enock Boateng,Burnley,MID,4.7,0,0,0.0,0.0,0,0,0,0,0,0,0,0,0,0,0,0,0.0,0.0,0.0,0.0,0.0,0,0.0,0.0,3434,6559,62,105,-0.3,0.3,0.0,0.0,0.0,0.0,0.0,0.0,0,0,0,0,0,0.0,,742,315,737,315,723,310,741,314,,,,,,,0.0,0.0,0.0,0.0,0.0,0.0,390,244,698,288,742,315,590,222,0.0,0.0
Callan McKenna,Bournemouth,GKP,3.9,0,0,0.0,0.2,0,0,0,0,0,0,0,0,0,0,0,0,0.0,0.0,0.0,0.0,0.0,0,0.0,0.0,17312,16146,410,342,-0.1,0.1,0.0,0.0,0.0,0.0,0.0,0.0,0,0,0,0,0,0.0,,540,58,531,45,494,30,540,58,,,,,,,0.0,0.0,0.0,0.0,0.0,0.0,768,91,471,52,549,58,346,49,0.0,0.0
Will Dennis,Bournemouth,GKP,4.0,0,0,0.0,0.8,0,0,0,0,0,0,0,0,0,0,0,0,0.0,0.0,0.0,0.0,0.0,0,0.0,0.0,47157,78558,57,1239,0.0,0.0,0.0,0.0,0.0,0.0,0.0,0.0,0,0,0,0,0,0.0,Ankle injury - Unknown return date,562,69,555,58,520,43,562,69,,,,,,,0.0,0.0,0.0,0.0,0.0,0.0,670,51,493,63,571,69,201,26,0.0,0.0
Norberto Neto,Bournemouth,GKP,4.5,0,0,0.0,0.1,0,0,0,0,0,0,0,0,0,0,0,0,0.0,0.0,0.0,0.0,0.0,0,0.0,0.0,0,16321,0,40,0.0,0.0,0.0,0.0,0.0,0.0,0.0,0.0,0,0,0,0,0,0.0,Has joined Botafogo permanently.,668,90,663,83,639,71,669,90,,,,,,,0.0,0.0,0.0,0.0,0.0,0.0,403,21,618,87,673,90,552,77,0.0,0.0
George Brierley,Burnley,MID,4.5,0,0,0.0,0.0,0,0,0,0,0,0,0,0,0,0,0,0,0.0,0.0,0.0,0.0,0.0,0,0.0,0.0,199,109,19,15,0.0,0.0,0.0,0.0,0.0,0.0,0.0,0.0,0,0,0,0,0,0.0,,739,314,734,314,717,309,738,313,,,,,,,0.0,0.0,0.0,0.0,0.0,0.0,510,316,691,284,739,314,794,351,0.0,0.0
Oliver Pimlott,Burnley,MID,4.5,0,0,0.0,0.0,0,0,0,0,0,0,0,0,0,0,0,0,0.0,0.0,0.0,0.0,0.0,0,0.0,0.0,162,86,17,14,0.0,0.0,0.0,0.0,0.0,0.0,0.0,0.0,0,0,0,0,0,0.0,,735,310,730,310,712,304,734,309,,,,,,,0.0,0.0,0.0,0.0,0.0,0.0,504,311,687,280,735,310,793,350,0.0,0.0
Michael Obafemi,Burnley,FWD,4.4,0,0,0.0,0.1,0,0,0,0,0,0,0,0,0,0,0,0,0.0,0.0,0.0,0.0,0.0,0,0.0,0.0,4151,40196,0,39,-0.1,0.1,0.0,0.0,0.0,0.0,0.0,0.0,0,0,0,0,0,0.0,has joined Blackpool on loan for the rest of the season.,642,65,639,64,613,64,643,65,,,,,,,0.0,0.0,0.0,0.0,0.0,0.0,521,74,593,54,651,65,457,64,0.0,0.0
Zeki Amdouni,Burnley,FWD,4.8,0,0,0.0,0.0,0,0,0,0,0,0,0,0,0,0,0,0,0.0,0.0,0.0,0.0,0.0,0,0.0,0.0,1762,5984,31,33,-0.2,0.2,0.0,0.0,0.0,0.0,0.0,0.0,0,0,0,0,0,0.0,Knee injury - Expected back 25 Apr,746,80,741,79,730,79,745,80,,,,,,,0.0,0.0,0.0,0.0,0.0,0.0,369,62,705,69,746,80,660,82,0.0,0.0
Oluwaseun Adewumi,Burnley,MID,4.5,0,0,0.0,0.0,0,0,0,0,0,0,0,0,0,0,0,0,0.0,0.0,0.0,0.0,0.0,0,0.0,0.0,0,2736,0,3,0.0,0.0,0.0,0.0,0.0,0.0,0.0,0.0,0,0,0,0,0,0.0,Has joined Cercle Brugge on loan for the rest of the season.,712,292,708,293,689,286,712,292,,,,,,,0.0,0.0,0.0,0.0,0.0,0.0,474,289,665,263,714,294,745,318,0.0,0.0
Aaron A.Ramsey,Burnley,MID,4.4,0,0,0.0,1.5,0,0,0,0,0,0,0,0,0,0,0,0,0.0,0.0,0.0,0.0,0.0,0,0.0,0.0,62789,925324,0,804,-0.1,0.1,0.0,0.0,0.0,0.0,0.0,0.0,0,0,0,0,0,0.0,has joined Leicester City on loan for the rest of the season.,645,241,642,246,616,234,646,242,,,,,,,0.0,0.0,0.0,0.0,0.0,0.0,534,318,597,213,654,250,152,50,0.0,0.0
Luca Koleosho,Burnley,MID,5.0,0,0,0.0,0.0,0,0,0,0,0,0,0,0,0,0,0,0,0.0,0.0,0.0,0.0,0.0,0,0.0,0.0,68,3010,0,3,0.0,0.0,0.0,0.0,0.0,0.0,0.0,0.0,0,0,0,0,0,0.0,has joined Paris FC on loan for the rest of the season.,771,336,769,336,761,333,770,335,,,,,,,0.0,0.0,0.0,0.0,0.0,0.0,266,161,743,320,771,336,718,304,0.0,0.0
Darko Churlinov,Burnley,MID,4.9,0,0,0.0,0.0,0,0,0,0,0,0,0,0,0,0,0,0,0.0,0.0,0.0,0.0,0.0,0,0.0,0.0,160,2065,0,2,-0.1,0.1,0.0,0.0,0.0,0.0,0.0,0.0,0,0,0,0,0,0.0,has joined Kocaelispor  permanently.,754,323,750,323,741,320,753,322,,,,,,,0.0,0.0,0.0,0.0,0.0,0.0,321,198,717,301,754,323,705,298,0.0,0.0
Manuel Benson,Burnley,MID,5.4,0,0,0.0,0.0,0,0,0,0,0,0,0,0,0,0,0,0,0.0,0.0,0.0,0.0,0.0,0,0.0,0.0,1070,3120,0,3,-0.1,0.1,0.0,0.0,0.0,0.0,0.0,0.0,0,0,0,0,0,0.0,has joined Swansea City on loan for the rest of the season.,783,345,782,345,778,344,783,345,,,,,,,0.0,0.0,0.0,0.0,0.0,0.0,163,101,771,340,783,345,691,292,0.0,0.0
Leon Leon Routh,Aston Villa,DEF,4.0,0,0,0.0,0.0,0,0,0,0,0,0,0,0,0,0,0,0,0.0,0.0,0.0,0.0,0.0,0,0.0,0.0,378,259,34,31,0.0,0.0,0.0,0.0,0.0,0.0,0.0,0.0,0,0,0,0,0,0.0,,607,243,600,243,567,239,608,243,,,,,,,0.0,0.0,0.0,0.0,0.0,0.0,725,209,541,228,616,243,725,247,0.0,0.0
Shurandy Sambo,Burnley,DEF,4.0,0,0,0.0,0.0,0,0,0,0,0,0,0,0,0,0,0,0,0.0,0.0,0.0,0.0,0.0,0,0.0,0.0,202,9560,0,17,0.0,0.0,0.0,0.0,0.0,0.0,0.0,0.0,0,0,0,0,0,0.0,Has joined Sparta Rotterdam on loan for the rest of the season.,563,212,556,212,521,206,563,211,,,,,,,0.0,0.0,0.0,0.0,0.0,0.0,671,168,494,194,572,212,608,219,0.0,0.0
Jordan Jordan,Burnley,DEF,3.9,0,0,0.0,0.1,0,0,0,0,0,0,0,0,0,0,0,0,0.0,0.0,0.0,0.0,0.0,0,0.0,0.0,1574,14995,15,57,-0.1,0.1,0.0,0.0,0.0,0.0,0.0,0.0,0,0,0,0,0,0.0,Hamstring injury - Unknown return date,521,194,512,194,475,186,521,193,,,,,,,0.0,0.0,0.0,0.0,0.0,0.0,744,214,452,176,530,194,547,199,0.0,0.0
Owen Dodgson,Burnley,DEF,4.0,0,0,0.0,0.0,0,0,0,0,0,0,0,0,0,0,0,0,0.0,0.0,0.0,0.0,0.0,0,0.0,0.0,0,2338,0,7,0.0,0.0,0.0,0.0,0.0,0.0,0.0,0.0,0,0,0,0,0,0.0,Has joined Stockport County on loan for the rest of the season.,564,213,557,213,522,207,564,212,,,,,,,0.0,0.0,0.0,0.0,0.0,0.0,673,170,495,195,573,213,704,242,0.0,0.0
Hannes Delcroix,Burnley,DEF,3.8,0,0,0.0,0.2,0,0,0,0,0,0,0,0,0,0,0,0,0.0,0.0,0.0,0.0,0.0,0,0.0,0.0,26052,37873,0,702,-0.2,0.2,0.0,0.0,0.0,0.0,0.0,0.0,0,0,0,0,0,0.0,has joined Lugano permanently.,492,179,481,178,443,169,492,178,,,,,,,0.0,0.0,0.0,0.0,0.0,0.0,782,238,419,157,501,179,345,126,0.0,0.0
Connor Roberts,Burnley,DEF,4.4,0,0,0.0,0.0,0,0,0,0,0,0,0,0,0,0,0,0,0.0,0.0,0.0,0.0,0.0,0,0.0,0.0,1364,8896,24,32,-0.1,0.1,0.0,0.0,0.0,0.0,0.0,0.0,0,0,0,0,0,0.0,Achilles injury - Unknown return date,641,249,638,249,612,247,642,249,,,,,,,0.0,0.0,0.0,0.0,0.0,0.0,518,103,591,241,650,249,644,225,0.0,0.0
Václav Hladký,Burnley,GKP,3.9,0,0,0.0,0.2,0,0,0,0,0,0,0,0,0,0,0,0,0.0,0.0,0.0,0.0,0.0,0,0.0,0.0,13793,18429,92,303,-0.1,0.1,0.0,0.0,0.0,0.0,0.0,0.0,0,0,0,0,0,0.0,,509,34,499,20,462,5,509,34,,,,,,,0.0,0.0,0.0,0.0,0.0,0.0,727,66,439,28,518,34,394,59,0.0,0.0
Etienne Green,Burnley,GKP,4.0,0,0,0.0,0.2,0,0,0,0,0,0,0,0,0,0,0,0,0.0,0.0,0.0,0.0,0.0,0,0.0,0.0,4943,33085,0,113,0.0,0.0,0.0,0.0,0.0,0.0,0.0,0.0,0,0,0,0,0,0.0,has joined FC Fredericia permanently.,571,75,564,64,529,49,571,75,,,,,,,0.0,0.0,0.0,0.0,0.0,0.0,681,57,502,69,580,75,393,58,0.0,0.0
Max Weiss,Burnley,GKP,4.3,0,0,0.0,0.1,0,0,0,0,0,0,0,0,0,0,0,0,0.0,0.0,0.0,0.0,0.0,0,0.0,0.0,6376,15918,120,170,-0.2,0.2,0.0,0.0,0.0,0.0,0.0,0.0,0,0,0,0,0,0.0,,625,88,622,81,594,68,626,88,,,,,,,0.0,0.0,0.0,0.0,0.0,0.0,599,30,572,84,634,88,450,69,0.0,0.0
Tammy Abraham,Aston Villa,FWD,6.0,0,0,0.0,0.0,0,0,0,0,0,0,0,0,0,0,0,0,0.0,0.0,0.0,0.0,0.0,0,0.0,0.0,1436,90,1436,90,0.0,0.0,0.0,0.0,0.0,0.0,0.0,0.0,0,0,0,0,0,0.0,,799,87,799,87,799,87,799,87,,,,,,,0.0,0.0,0.0,0.0,0.0,0.0,84,27,796,84,799,87,709,85,0.0,0.0
Alysson Edward Franco Alysson,Aston Villa,MID,5.0,0,0,0.0,0.0,0,0,0,0,0,0,0,0,0,0,0,0,0.0,0.0,0.0,0.0,0.0,0,0.0,0.0,108,75,4,15,0.0,0.0,0.0,0.0,0.0,0.0,0.0,0.0,0,0,0,0,0,0.0,Knock - 25% chance of playing,779,342,777,342,771,340,779,342,,,,,,,0.0,0.0,0.0,0.0,0.0,0.0,284,175,752,327,779,342,798,355,0.0,0.0
TJ Carroll,Aston Villa,DEF,4.0,0,0,0.0,0.0,0,0,0,0,0,0,0,0,0,0,0,0,0.0,0.0,0.0,0.0,0.0,0,0.0,0.0,243,102,33,32,0.0,0.0,0.0,0.0,0.0,0.0,0.0,0.0,0,0,0,0,0,0.0,,602,238,595,238,561,233,602,237,,,,,,,0.0,0.0,0.0,0.0,0.0,0.0,719,203,536,223,611,238,753,256,0.0,0.0
Mamadou M.Sarr,Chelsea,DEF,4.5,0,0,0.0,0.0,0,0,0,0,0,0,0,0,0,0,0,0,0.0,0.0,0.0,0.0,0.0,0,0.0,0.0,0,1940,0,3,0.0,0.0,0.0,0.0,0.0,0.0,0.0,0.0,0,0,0,0,0,0.0,Has joined RC Strasbourg on loan for the rest of the season.,710,256,706,256,687,255,710,256,,,,,,,0.0,0.0,0.0,0.0,0.0,0.0,472,94,663,251,712,256,742,253,0.0,0.0
Aarón Anselmino,Chelsea,DEF,4.0,0,0,0.0,0.1,0,0,0,0,0,0,0,0,0,0,0,0,0.0,0.0,0.0,0.0,0.0,0,0.0,0.0,1074,9924,44,23,0.0,0.0,0.0,0.0,0.0,0.0,0.0,0.0,0,0,0,0,0,0.0,,603,239,596,239,562,234,603,238,,,,,,,0.0,0.0,0.0,0.0,0.0,0.0,720,204,537,224,612,239,565,204,0.0,0.0
Christopher Nkunku,Chelsea,MID,5.9,0,0,0.0,0.1,0,0,0,0,0,0,0,0,0,0,0,0,0.0,0.0,0.0,0.0,0.0,0,0.0,0.0,2668,23636,0,20,-0.1,0.1,0.0,0.0,0.0,0.0,0.0,0.0,0,0,0,0,0,0.0,has joined AC Milan permanently.,797,355,797,355,797,355,797,355,,,,,,,0.0,0.0,0.0,0.0,0.0,0.0,97,62,794,355,797,355,505,178,0.0,0.0
Mykhailo Mudryk,Chelsea,MID,4.9,0,0,0.0,0.0,0,0,0,0,0,0,0,0,0,0,0,0,0.0,0.0,0.0,0.0,0.0,0,0.0,0.0,886,1210,21,18,-0.1,0.1,0.0,0.0,0.0,0.0,0.0,0.0,0,0,0,0,0,0.0,Suspended - unknown return date,760,328,756,328,747,325,759,327,,,,,,,0.0,0.0,0.0,0.0,0.0,0.0,331,204,724,306,760,328,732,311,0.0,0.0
Claudio Echeverri,Man City,MID,5.4,0,0,0.0,0.0,0,0,0,0,0,0,0,0,0,0,0,0,0.0,0.0,0.0,0.0,0.0,0,0.0,0.0,194,3221,0,0,-0.1,0.1,0.0,0.0,0.0,0.0,0.0,0.0,0,0,0,0,0,0.0,has joined Girona on loan for the rest of the season.,790,350,789,350,785,349,790,350,,,,,,,0.0,0.0,0.0,0.0,0.0,0.0,183,114,781,346,790,350,724,308,0.0,0.0
İlkay Gündoğan,Man City,MID,6.3,0,0,0.0,0.1,0,0,0,0,0,0,0,0,0,0,0,0,0.0,0.0,0.0,0.0,0.0,0,0.0,0.0,1928,19777,0,9,-0.2,0.2,0.0,0.0,0.0,0.0,0.0,0.0,0,0,0,0,0,0.0,has joined Galatasaray permanently.,800,357,800,357,800,357,800,357,,,,,,,0.0,0.0,0.0,0.0,0.0,0.0,63,42,797,357,800,357,542,194,0.0,0.0
Vitor Vitor Reis,Man City,DEF,5.0,0,0,0.0,0.0,0,0,0,0,0,0,0,0,0,0,0,0,0.0,0.0,0.0,0.0,0.0,0,0.0,0.0,0,847,0,3,0.0,0.0,0.0,0.0,0.0,0.0,0.0,0.0,0,0,0,0,0,0.0,Has joined Girona on loan for the rest of the season.,778,261,776,261,770,260,778,261,,,,,,,0.0,0.0,0.0,0.0,0.0,0.0,283,44,751,258,778,261,759,258,0.0,0.0
Manuel Akanji,Man City,DEF,5.4,0,0,0.0,0.3,0,0,0,0,0,0,0,0,0,0,0,0,0.0,0.0,0.0,0.0,0.0,0,0.0,0.0,9281,85074,0,71,-0.1,0.1,0.0,0.0,0.0,0.0,0.0,0.0,0,0,0,0,0,0.0,has joined Inter Milan on loan for the rest of the season.,784,262,783,262,779,261,784,262,,,,,,,0.0,0.0,0.0,0.0,0.0,0.0,169,19,773,261,784,262,334,124,0.0,0.0
Marcus Bettinelli,Man City,GKP,3.8,0,0,0.0,0.2,0,0,0,0,0,0,0,0,0,0,0,0,0.0,0.0,0.0,0.0,0.0,0,0.0,0.0,17754,17764,4392,1616,-0.2,0.2,0.0,0.0,0.0,0.0,0.0,0.0,0,0,0,0,0,0.0,,490,31,478,17,440,2,490,31,,,,,,,0.0,0.0,0.0,0.0,0.0,0.0,777,92,415,25,499,31,363,53,0.0,0.0
Stefan Ortega Moreno,Man City,GKP,4.7,0,0,0.0,0.2,0,0,0,0,0,0,0,0,0,0,0,0,0.0,0.0,0.0,0.0,0.0,0,0.0,0.0,3131,19424,32,126,-0.3,0.3,0.0,0.0,0.0,0.0,0.0,0.0,0,0,0,0,0,0.0,,740,91,735,87,720,78,739,91,,,,,,,0.0,0.0,0.0,0.0,0.0,0.0,376,16,693,89,740,91,400,60,0.0,0.0
Ederson Ederson M.,Man City,GKP,5.3,0,0,0.0,0.8,0,0,0,0,0,0,0,0,0,0,0,0,0.0,0.0,0.0,0.0,0.0,0,0.0,0.0,15200,271723,0,229,-0.2,0.2,0.0,0.0,0.0,0.0,0.0,0.0,0,0,0,0,0,0.0,has joined Fenerbache permanently.,781,93,780,92,775,89,781,93,,,,,,,0.0,0.0,0.0,0.0,0.0,0.0,186,5,762,93,781,93,197,25,0.0,0.0
Wellity Lucky,Liverpool,DEF,4.0,0,0,0.0,0.0,0,0,0,0,0,0,0,0,0,0,0,0,0.0,0.0,0.0,0.0,0.0,0,0.0,0.0,697,487,47,49,0.0,0.0,0.0,0.0,0.0,0.0,0.0,0.0,0,0,0,0,0,0.0,,583,221,576,221,541,215,583,220,,,,,,,0.0,0.0,0.0,0.0,0.0,0.0,696,182,515,204,592,221,708,243,0.0,0.0
Kieran Morrison,Liverpool,MID,4.5,0,0,0.0,0.0,0,0,0,0,0,0,0,0,0,0,0,0,0.0,0.0,0.0,0.0,0.0,0,0.0,0.0,853,630,19,26,0.0,0.0,0.0,0.0,0.0,0.0,0.0,0.0,0,0,0,0,0,0.0,,721,299,716,299,698,293,720,298,,,,,,,0.0,0.0,0.0,0.0,0.0,0.0,485,298,673,269,722,300,734,313,0.0,0.0
Giovanni Leoni,Liverpool,DEF,4.9,0,0,0.0,0.0,0,0,0,0,0,0,0,0,0,0,0,0,0.0,0.0,0.0,0.0,0.0,0,0.0,0.0,1777,2430,18,12,-0.1,0.1,0.0,0.0,0.0,0.0,0.0,0.0,0,0,0,0,0,0.0,Knee injury - Expected back 01 Sep,765,259,761,259,752,258,764,259,,,,,,,0.0,0.0,0.0,0.0,0.0,0.0,348,57,732,255,765,259,699,241,0.0,0.0
Jayden Danns,Liverpool,FWD,4.3,0,0,0.0,0.1,0,0,0,0,0,0,0,0,0,0,0,0,0.0,0.0,0.0,0.0,0.0,0,0.0,0.0,8597,19083,47,79,-0.2,0.2,0.0,0.0,0.0,0.0,0.0,0.0,0,0,0,0,0,0.0,Hamstring injury - Unknown return date,624,63,620,62,592,62,625,63,,,,,,,0.0,0.0,0.0,0.0,0.0,0.0,596,83,571,51,633,63,466,66,0.0,0.0
Darwin Darwin,Liverpool,FWD,6.5,0,0,0.0,0.1,0,0,0,0,0,0,0,0,0,0,0,0,0.0,0.0,0.0,0.0,0.0,0,0.0,0.0,0,15894,0,14,0.0,0.0,0.0,0.0,0.0,0.0,0.0,0.0,0,0,0,0,0,0.0,Has joined Al-Hilal permanently.,803,89,803,89,803,89,803,89,,,,,,,0.0,0.0,0.0,0.0,0.0,0.0,52,18,800,86,803,89,538,75,0.0,0.0
Tyler Morton,Liverpool,MID,4.5,0,0,0.0,0.0,0,0,0,0,0,0,0,0,0,0,0,0,0.0,0.0,0.0,0.0,0.0,0,0.0,0.0,0,355,0,0,0.0,0.0,0.0,0.0,0.0,0.0,0.0,0.0,0,0,0,0,0,0.0,Has joined Lyon permanently.,678,263,675,266,653,257,679,264,,,,,,,0.0,0.0,0.0,0.0,0.0,0.0,426,255,631,234,683,268,784,346,0.0,0.0
James McConnell,Liverpool,MID,4.4,0,0,0.0,0.0,0,0,0,0,0,0,0,0,0,0,0,0,0.0,0.0,0.0,0.0,0.0,0,0.0,0.0,1737,4064,0,14,-0.1,0.1,0.0,0.0,0.0,0.0,0.0,0.0,0,0,0,0,0,0.0,has joined Ajax on loan for the rest of the season.,648,244,645,249,619,237,649,245,,,,,,,0.0,0.0,0.0,0.0,0.0,0.0,539,322,599,215,656,252,666,274,0.0,0.0
Stefan Bajcetic,Liverpool,MID,4.3,0,0,0.0,0.0,0,0,0,0,0,0,0,0,0,0,0,0,0.0,0.0,0.0,0.0,0.0,0,0.0,0.0,6581,9768,26,38,-0.2,0.2,0.0,0.0,0.0,0.0,0.0,0.0,0,0,0,0,0,0.0,Hamstring injury - Unknown return date,626,229,623,234,595,221,627,230,,,,,,,0.0,0.0,0.0,0.0,0.0,0.0,600,347,573,200,635,238,625,246,0.0,0.0
Luis Luis Díaz,Liverpool,MID,8.0,0,0,0.0,0.0,0,0,0,0,0,0,0,0,0,0,0,0,0.0,0.0,0.0,0.0,0.0,0,0.0,0.0,0,7300,0,8,0.0,0.0,0.0,0.0,0.0,0.0,0.0,0.0,0,0,0,0,0,0.0,Has joined Bayern Munch permanently.,807,361,807,361,807,361,807,361,,,,,,,0.0,0.0,0.0,0.0,0.0,0.0,15,10,806,361,807,361,596,228,0.0,0.0
Calvin Ramsay,Liverpool,DEF,3.8,0,0,0.0,0.2,0,0,0,0,0,0,0,0,0,0,0,0,0.0,0.0,0.0,0.0,0.0,0,0.0,0.0,26547,29541,112,298,-0.2,0.2,0.0,0.0,0.0,0.0,0.0,0.0,0,0,0,0,0,0.0,,495,182,484,181,446,172,495,181,,,,,,,0.0,0.0,0.0,0.0,0.0,0.0,788,244,423,161,504,182,349,127,0.0,0.0
Rhys R.Williams,Liverpool,DEF,3.7,0,0,0.0,0.3,0,0,0,0,0,0,0,0,0,0,0,0,0.0,0.0,0.0,0.0,0.0,0,0.0,0.0,30689,28366,6226,1107,-0.3,0.3,-0.1,0.1,0.0,0.0,0.0,0.0,0,0,0,0,0,0.0,,486,174,474,172,436,163,486,173,,,,,,,0.0,0.0,0.0,0.0,0.0,0.0,807,262,411,150,496,175,325,119,0.0,0.0
Amara Nallo,Liverpool,DEF,3.7,0,0,0.0,1.1,0,0,0,0,0,0,0,0,0,0,0,0,0.0,0.0,0.0,0.0,0.0,0,0.0,0.0,179038,73034,11036,6977,-0.3,0.3,0.0,0.0,0.0,0.0,0.0,0.0,0,0,0,0,0,0.0,,487,175,475,173,437,164,487,174,,,,,,,0.0,0.0,0.0,0.0,0.0,0.0,808,263,412,151,497,176,178,70,0.0,0.0
Konstantinos Tsimikas,Liverpool,DEF,4.8,0,0,0.0,0.0,0,0,0,0,0,0,0,0,0,0,0,0,0.0,0.0,0.0,0.0,0.0,0,0.0,0.0,1669,12191,0,14,-0.2,0.2,0.0,0.0,0.0,0.0,0.0,0.0,0,0,0,0,0,0.0,has joined AS Roma on loan for the rest of the season.,744,258,739,258,726,257,743,258,,,,,,,0.0,0.0,0.0,0.0,0.0,0.0,358,59,701,253,744,258,583,211,0.0,0.0
Freddie Woodman,Liverpool,GKP,3.9,0,0,0.0,0.2,0,0,0,0,0,0,0,0,0,0,0,0,0.0,0.0,0.0,0.0,0.0,0,0.0,0.0,21744,15731,66,260,-0.1,0.1,0.0,0.0,0.0,0.0,0.0,0.0,0,0,0,0,0,0.0,,516,41,507,28,470,13,516,41,,,,,,,0.0,0.0,0.0,0.0,0.0,0.0,736,74,447,35,525,41,381,55,0.0,0.0
Ármin Pécsi,Liverpool,GKP,3.8,0,0,0.0,0.5,0,0,0,0,0,0,0,0,0,0,0,0,0.0,0.0,0.0,0.0,0.0,0,0.0,0.0,72566,32998,8205,2014,-0.2,0.2,0.0,0.0,0.0,0.0,0.0,0.0,0,0,0,0,0,0.0,,506,32,496,18,459,3,506,32,,,,,,,0.0,0.0,0.0,0.0,0.0,0.0,804,93,436,26,515,32,254,33,0.0,0.0
Sam Chambers,Leeds,MID,4.4,0,0,0.0,0.0,0,0,0,0,0,0,0,0,0,0,0,0,0.0,0.0,0.0,0.0,0.0,0,0.0,0.0,446,160,126,34,-0.1,0.1,-0.1,0.1,0.0,0.0,0.0,0.0,0,0,0,0,0,0.0,,658,251,654,255,629,244,659,252,,,,,,,0.0,0.0,0.0,0.0,0.0,0.0,550,329,608,221,665,258,772,336,0.0,0.0
Harry Gray,Leeds,FWD,4.5,0,0,0.0,0.1,0,0,0,0,0,0,0,0,0,0,0,0,0.0,0.0,0.0,0.0,0.0,0,0.0,0.0,27606,21520,0,565,0.0,0.0,0.0,0.0,0.0,0.0,0.0,0.0,0,0,0,0,0,0.0,has joined Rotherham United on loan for the rest of the season.,723,77,718,76,700,76,722,77,,,,,,,0.0,0.0,0.0,0.0,0.0,0.0,487,69,675,66,724,77,465,65,0.0,0.0
Mateo Mateo Joseph,Leeds,FWD,5.0,0,0,0.0,0.0,0,0,0,0,0,0,0,0,0,0,0,0,0.0,0.0,0.0,0.0,0.0,0,0.0,0.0,0,2410,0,1,0.0,0.0,0.0,0.0,0.0,0.0,0.0,0.0,0,0,0,0,0,0.0,Has joined RCD Mallorca on loan for the rest of the season.,774,84,772,84,765,84,773,84,,,,,,,0.0,0.0,0.0,0.0,0.0,0.0,278,55,747,75,774,84,723,87,0.0,0.0
Sverre Nypan,Man City,MID,5.0,0,0,0.0,0.0,0,0,0,0,0,0,0,0,0,0,0,0,0.0,0.0,0.0,0.0,0.0,0,0.0,0.0,73,2464,0,3,0.0,0.0,0.0,0.0,0.0,0.0,0.0,0.0,0,0,0,0,0,0.0,Has joined Middlesbrough on loan for the rest of the season.,775,339,773,339,766,336,774,338,,,,,,,0.0,0.0,0.0,0.0,0.0,0.0,279,171,748,324,775,339,710,301,0.0,0.0
Kalvin Phillips,Man City,MID,4.8,0,0,0.0,0.1,0,0,0,0,0,0,0,0,0,0,0,0,0.0,0.0,0.0,0.0,0.0,0,0.0,0.0,3996,7909,29,86,-0.2,0.2,0.0,0.0,0.0,0.0,0.0,0.0,0,0,0,0,0,0.0,,743,316,738,316,724,311,742,315,,,,,,,0.0,0.0,0.0,0.0,0.0,0.0,351,220,700,290,743,316,536,190,0.0,0.0
Stephen Mfuni,Man City,DEF,3.9,0,0,0.0,0.0,0,0,0,0,0,0,0,0,0,0,0,0,0.0,0.0,0.0,0.0,0.0,0,0.0,0.0,3093,3316,32,77,-0.1,0.1,0.0,0.0,0.0,0.0,0.0,0.0,0,0,0,0,0,0.0,,539,200,530,200,493,192,539,199,,,,,,,0.0,0.0,0.0,0.0,0.0,0.0,767,225,470,182,548,200,605,217,0.0,0.0
Sékou Kone,Man Utd,MID,4.3,0,0,0.0,0.1,0,0,0,0,0,0,0,0,0,0,0,0,0.0,0.0,0.0,0.0,0.0,0,0.0,0.0,8771,11965,88,148,-0.2,0.2,0.0,0.0,0.0,0.0,0.0,0.0,0,0,0,0,0,0.0,,636,238,633,243,606,231,637,239,,,,,,,0.0,0.0,0.0,0.0,0.0,0.0,615,359,585,210,645,247,486,171,0.0,0.0
Harrison Ashby,Newcastle,DEF,3.9,0,0,0.0,0.1,0,0,0,0,0,0,0,0,0,0,0,0,0.0,0.0,0.0,0.0,0.0,0,0.0,0.0,8541,16064,0,155,-0.1,0.1,0.0,0.0,0.0,0.0,0.0,0.0,0,0,0,0,0,0.0,has joined Bradford City on loan for the rest of the season.,522,195,513,195,476,187,522,194,,,,,,,0.0,0.0,0.0,0.0,0.0,0.0,746,216,453,177,531,195,443,164,0.0,0.0
Alex A.Murphy,Newcastle,DEF,3.8,0,0,0.0,0.7,0,0,0,0,0,0,0,0,0,0,0,0,0.0,0.0,0.0,0.0,0.0,0,0.0,0.0,70874,93561,719,1266,-0.2,0.2,0.0,0.0,0.0,0.0,0.0,0.0,0,0,0,0,0,0.0,,502,189,491,188,453,179,502,188,,,,,,,0.0,0.0,0.0,0.0,0.0,0.0,796,252,430,168,511,189,216,82,0.0,0.0
Emil Krafth,Newcastle,DEF,4.3,0,0,0.0,0.0,0,0,45,0,2,0,0,0,0,0,0,0,1.4,1.2,0.0,0.3,0.0,0,0.0,0.0,1444,4974,14,23,-0.2,0.2,0.0,0.0,0.0,0.0,0.0,0.25,1,0,1,0,1,2.0,Knee injury - Unknown return date,472,170,446,163,584,244,478,171,,,,,,,0.0,0.0,0.0,0.0,0.5,4.0,568,123,563,238,626,246,615,220,2.0,0.0
Odysseas Odysseas,Newcastle,GKP,4.0,0,0,0.0,0.0,0,0,0,0,0,0,0,0,0,0,0,0,0.0,0.0,0.0,0.0,0.0,0,0.0,0.0,0,2420,0,5,0.0,0.0,0.0,0.0,0.0,0.0,0.0,0.0,0,0,0,0,0,0.0,Has joined Sevilla on loan for the rest of the season.,550,63,542,51,506,36,550,63,,,,,,,0.0,0.0,0.0,0.0,0.0,0.0,656,44,481,57,559,63,697,80,0.0,0.0
Mark Gillespie,Newcastle,GKP,3.9,0,0,0.0,0.1,0,0,0,0,0,0,0,0,0,0,0,0,0.0,0.0,0.0,0.0,0.0,0,0.0,0.0,6129,9768,54,89,-0.1,0.1,0.0,0.0,0.0,0.0,0.0,0.0,0,0,0,0,0,0.0,,512,37,503,24,466,9,512,37,,,,,,,0.0,0.0,0.0,0.0,0.0,0.0,731,70,442,31,521,37,425,65,0.0,0.0
Godwill Kukonki,Man Utd,DEF,4.0,0,0,0.0,0.0,0,0,0,0,0,0,0,0,0,0,0,0,0.0,0.0,0.0,0.0,0.0,0,0.0,0.0,197,114,31,22,0.0,0.0,0.0,0.0,0.0,0.0,0.0,0.0,0,0,0,0,0,0.0,,590,227,583,227,549,222,590,226,,,,,,,0.0,0.0,0.0,0.0,0.0,0.0,705,190,524,212,599,227,763,259,0.0,0.0
Tyler Fletcher,Man Utd,MID,4.5,0,0,0.0,0.0,0,0,0,0,0,0,0,0,0,0,0,0,0.0,0.0,0.0,0.0,0.0,0,0.0,0.0,955,543,33,70,0.0,0.0,0.0,0.0,0.0,0.0,0.0,0.0,0,0,0,0,0,0.0,,696,280,693,282,672,273,696,280,,,,,,,0.0,0.0,0.0,0.0,0.0,0.0,453,273,650,252,700,284,756,327,0.0,0.0
Ethan Wheatley,Man Utd,FWD,4.5,0,0,0.0,0.1,0,0,0,0,0,0,0,0,0,0,0,0,0.0,0.0,0.0,0.0,0.0,0,0.0,0.0,4261,14197,214,87,0.0,0.0,0.0,0.0,0.0,0.0,0.0,0.0,0,0,0,0,0,0.0,,711,74,707,73,688,73,711,74,,,,,,,0.0,0.0,0.0,0.0,0.0,0.0,473,66,664,63,713,74,489,67,0.0,0.0
Chido Obi,Man Utd,FWD,4.2,0,0,0.0,1.7,0,0,0,0,0,0,0,0,0,0,0,0,0.0,0.0,0.0,0.0,0.0,0,0.0,0.0,258444,330654,1606,6674,-0.3,0.3,0.0,0.0,0.0,0.0,0.0,0.0,0,0,0,0,0,0.0,,615,61,610,60,580,60,616,61,,,,,,,0.0,0.0,0.0,0.0,0.0,0.0,642,89,558,49,623,61,142,22,0.0,0.0
Rasmus Højlund,Man Utd,FWD,6.3,0,0,0.0,0.3,0,0,0,0,0,0,0,0,0,0,0,0,0.0,0.0,0.0,0.0,0.0,0,0.0,0.0,5437,56362,0,43,-0.2,0.2,0.0,0.0,0.0,0.0,0.0,0.0,0,0,0,0,0,0.0,has joined Napoli on loan for the rest of the season.,801,88,801,88,801,88,801,88,,,,,,,0.0,0.0,0.0,0.0,0.0,0.0,70,22,798,85,801,88,337,55,0.0,0.0
Jack Moorhouse,Man Utd,MID,4.5,0,0,0.0,0.0,0,0,0,0,0,0,0,0,0,0,0,0,0.0,0.0,0.0,0.0,0.0,0,0.0,0.0,723,2812,0,2,0.0,0.0,0.0,0.0,0.0,0.0,0.0,0.0,0,0,0,0,0,0.0,has joined Leyton Orient on loan for the rest of the season.,705,288,701,289,681,281,705,288,,,,,,,0.0,0.0,0.0,0.0,0.0,0.0,466,284,658,259,707,290,676,281,0.0,0.0
Jayce Fitzgerald,Man Utd,MID,4.3,0,0,0.0,0.0,0,0,0,0,0,0,0,0,0,0,0,0,0.0,0.0,0.0,0.0,0.0,0,0.0,0.0,2675,4448,46,48,-0.2,0.2,0.0,0.0,0.0,0.0,0.0,0.0,0,0,0,0,0,0.0,,630,233,627,238,599,225,631,234,,,,,,,0.0,0.0,0.0,0.0,0.0,0.0,606,352,577,204,639,242,609,234,0.0,0.0
Ryan McAidoo,Man City,MID,4.5,0,0,0.0,0.0,0,0,0,0,0,0,0,0,0,0,0,0,0.0,0.0,0.0,0.0,0.0,0,0.0,0.0,1319,1092,21,32,0.0,0.0,0.0,0.0,0.0,0.0,0.0,0.0,0,0,0,0,0,0.0,,730,307,725,307,707,301,729,306,,,,,,,0.0,0.0,0.0,0.0,0.0,0.0,496,307,682,277,730,307,721,306,0.0,0.0
Toby Collyer,Man Utd,MID,4.5,0,0,0.0,0.0,0,0,0,0,0,0,0,0,0,0,0,0,0.0,0.0,0.0,0.0,0.0,0,0.0,0.0,478,9483,27,21,0.0,0.0,0.0,0.0,0.0,0.0,0.0,0.0,0,0,0,0,0,0.0,,687,271,685,274,664,265,688,272,,,,,,,0.0,0.0,0.0,0.0,0.0,0.0,441,264,641,243,692,276,650,265,0.0,0.0
Antony Antony,Man Utd,MID,5.9,0,0,0.0,0.1,0,0,0,0,0,0,0,0,0,0,0,0,0.0,0.0,0.0,0.0,0.0,0,0.0,0.0,1511,10647,0,10,-0.1,0.1,0.0,0.0,0.0,0.0,0.0,0.0,0,0,0,0,0,0.0,has joined Real Betis permanently.,798,356,798,356,798,356,798,356,,,,,,,0.0,0.0,0.0,0.0,0.0,0.0,100,65,795,356,798,356,553,202,0.0,0.0
Marcus Rashford,Man Utd,MID,7.0,0,0,0.0,0.0,0,0,0,0,0,0,0,0,0,0,0,0,0.0,0.0,0.0,0.0,0.0,0,0.0,0.0,0,2096,0,4,0.0,0.0,0.0,0.0,0.0,0.0,0.0,0.0,0,0,0,0,0,0.0,Has joined Barcelona on loan for the rest of the season,806,360,806,360,806,360,806,360,,,,,,,0.0,0.0,0.0,0.0,0.0,0.0,38,23,803,360,806,360,684,287,0.0,0.0
Harry Amass,Man Utd,DEF,4.0,0,0,0.0,0.1,0,0,0,0,0,0,0,0,0,0,0,0,0.0,0.0,0.0,0.0,0.0,0,0.0,0.0,1160,14278,0,39,0.0,0.0,0.0,0.0,0.0,0.0,0.0,0.0,0,0,0,0,0,0.0,has joined Norwich City on loan for the rest of the season.,591,228,584,228,550,223,591,227,,,,,,,0.0,0.0,0.0,0.0,0.0,0.0,706,191,525,213,600,228,527,192,0.0,0.0
Diego D.Leon,Man Utd,DEF,4.2,0,0,0.0,0.1,0,0,0,0,0,0,0,0,0,0,0,0,0.0,0.0,0.0,0.0,0.0,0,0.0,0.0,3023,8151,28,65,-0.3,0.3,0.0,0.0,0.0,0.0,0.0,0.0,0,0,0,0,0,0.0,,617,246,612,245,582,243,618,246,,,,,,,0.0,0.0,0.0,0.0,0.0,0.0,645,156,561,236,625,245,560,202,0.0,0.0
Dermot Mee,Man Utd,GKP,3.9,0,0,0.0,0.1,0,0,0,0,0,0,0,0,0,0,0,0,0.0,0.0,0.0,0.0,0.0,0,0.0,0.0,5039,7926,54,154,-0.1,0.1,0.0,0.0,0.0,0.0,0.0,0.0,0,0,0,0,0,0.0,,524,47,515,34,478,19,524,47,,,,,,,0.0,0.0,0.0,0.0,0.0,0.0,749,80,455,41,533,47,469,71,0.0,0.0
Tom Heaton,Man Utd,GKP,3.9,0,0,0.0,0.3,0,0,0,0,0,0,0,0,0,0,0,0,0.0,0.0,0.0,0.0,0.0,0,0.0,0.0,14804,22102,87,484,-0.1,0.1,0.0,0.0,0.0,0.0,0.0,0.0,0,0,0,0,0,0.0,,508,33,498,19,461,4,508,33,,,,,,,0.0,0.0,0.0,0.0,0.0,0.0,726,65,438,27,517,33,336,46,0.0,0.0
Elyh Harrison,Man Utd,GKP,4.0,0,0,0.0,0.0,0,0,0,0,0,0,0,0,0,0,0,0,0.0,0.0,0.0,0.0,0.0,0,0.0,0.0,0,244,0,1,0.0,0.0,0.0,0.0,0.0,0.0,0.0,0.0,0,0,0,0,0,0.0,On loan to Shrewsbury Town,593,82,586,71,552,56,593,82,,,,,,,0.0,0.0,0.0,0.0,0.0,0.0,708,64,527,76,602,82,789,91,0.0,0.0
André Onana,Man Utd,GKP,4.9,0,0,0.0,0.1,0,0,0,0,0,0,0,0,0,0,0,0,0.0,0.0,0.0,0.0,0.0,0,0.0,0.0,5156,26304,0,39,-0.1,0.1,0.0,0.0,0.0,0.0,0.0,0.0,0,0,0,0,0,0.0,has joined Trabzonspor on loan for the rest of the season.,751,92,747,89,737,83,750,92,,,,,,,0.0,0.0,0.0,0.0,0.0,0.0,301,12,713,92,751,92,415,63,0.0,0.0
Reigan Heskey,Man City,MID,4.5,0,0,0.0,0.0,0,0,0,0,0,0,0,0,0,0,0,0,0.0,0.0,0.0,0.0,0.0,0,0.0,0.0,130,91,4,8,0.0,0.0,0.0,0.0,0.0,0.0,0.0,0.0,0,0,0,0,0,0.0,,715,294,710,294,692,288,714,293,,,,,,,0.0,0.0,0.0,0.0,0.0,0.0,479,293,667,264,716,295,788,347,0.0,0.0
Charlie Gray,Man City,MID,4.5,0,0,0.0,0.0,0,0,0,0,0,0,0,0,0,0,0,0,0.0,0.0,0.0,0.0,0.0,0,0.0,0.0,272,169,15,17,0.0,0.0,0.0,0.0,0.0,0.0,0.0,0.0,0,0,0,0,0,0.0,,695,279,692,281,671,272,695,279,,,,,,,0.0,0.0,0.0,0.0,0.0,0.0,452,272,649,251,699,283,781,343,0.0,0.0
Patrick Bamford,Leeds,FWD,4.9,0,0,0.0,0.3,0,0,0,0,0,0,0,0,0,0,0,0,0.0,0.0,0.0,0.0,0.0,0,0.0,0.0,16144,202042,0,126,-0.1,0.1,0.0,0.0,0.0,0.0,0.0,0.0,0,0,0,0,0,0.0,has departed the club as a free agent.,747,81,743,80,732,80,746,81,,,,,,,0.0,0.0,0.0,0.0,0.0,0.0,289,56,708,70,747,81,295,49,0.0,0.0
Darko Gyabi,Leeds,MID,4.5,0,0,0.0,0.0,0,0,0,0,0,0,0,0,0,0,0,0,0.0,0.0,0.0,0.0,0.0,0,0.0,0.0,1165,8318,0,9,0.0,0.0,0.0,0.0,0.0,0.0,0.0,0.0,0,0,0,0,0,0.0,has joined Hull City permanently.,686,270,684,273,662,264,687,271,,,,,,,0.0,0.0,0.0,0.0,0.0,0.0,437,262,639,241,691,275,654,268,0.0,0.0
Joe Gelhardt,Leeds,MID,4.5,0,0,0.0,0.0,0,0,0,0,0,0,0,0,0,0,0,0,0.0,0.0,0.0,0.0,0.0,0,0.0,0.0,0,2866,0,2,0.0,0.0,0.0,0.0,0.0,0.0,0.0,0.0,0,0,0,0,0,0.0,Has joined Hull City on loan for the rest of the season.,685,269,683,272,661,263,686,270,,,,,,,0.0,0.0,0.0,0.0,0.0,0.0,435,261,638,240,690,274,736,314,0.0,0.0
Naouirou Ahamada,Crystal Palace,MID,4.3,0,0,0.0,0.0,0,0,0,0,0,0,0,0,0,0,0,0,0.0,0.0,0.0,0.0,0.0,0,0.0,0.0,5497,7214,0,119,-0.2,0.2,0.0,0.0,0.0,0.0,0.0,0.0,0,0,0,0,0,0.0,has joined AJ Auxerre permanently.,619,224,615,229,586,215,620,225,,,,,,,0.0,0.0,0.0,0.0,0.0,0.0,583,340,566,195,628,233,604,232,0.0,0.0
Danny Imray,Crystal Palace,DEF,4.0,0,0,0.0,0.0,0,0,0,0,0,0,0,0,0,0,0,0,0.0,0.0,0.0,0.0,0.0,0,0.0,0.0,81,13,30,9,0.0,0.0,0.0,0.0,0.0,0.0,0.0,0.0,0,0,0,0,0,0.0,,578,219,571,219,536,213,578,218,,,,,,,0.0,0.0,0.0,0.0,0.0,0.0,689,178,510,202,587,219,785,261,0.0,0.0
George King,Crystal Palace,DEF,4.0,0,0,0.0,0.0,0,0,0,0,0,0,0,0,0,0,0,0,0.0,0.0,0.0,0.0,0.0,0,0.0,0.0,342,100,81,42,0.0,0.0,0.0,0.0,0.0,0.0,0.0,0.0,0,0,0,0,0,0.0,,596,232,589,232,555,227,596,231,,,,,,,0.0,0.0,0.0,0.0,0.0,0.0,711,195,530,217,605,232,752,255,0.0,0.0
Ben Casey,Crystal Palace,FWD,4.5,0,0,0.0,0.0,0,0,0,0,0,0,0,0,0,0,0,0,0.0,0.0,0.0,0.0,0.0,0,0.0,0.0,907,317,146,82,0.0,0.0,0.0,0.0,0.0,0.0,0.0,0.0,0,0,0,0,0,0.0,,734,79,729,78,711,78,733,79,,,,,,,0.0,0.0,0.0,0.0,0.0,0.0,501,71,686,68,734,79,720,86,0.0,0.0
Dean Benamar,Crystal Palace,DEF,4.0,0,0,0.0,0.0,0,0,0,0,0,0,0,0,0,0,0,0,0.0,0.0,0.0,0.0,0.0,0,0.0,0.0,383,243,30,35,0.0,0.0,0.0,0.0,0.0,0.0,0.0,0.0,0,0,0,0,0,0.0,,605,241,598,241,565,237,606,241,,,,,,,0.0,0.0,0.0,0.0,0.0,0.0,723,207,539,226,614,241,740,251,0.0,0.0
Rio Cardines,Crystal Palace,MID,4.4,0,0,0.0,0.3,0,0,0,0,0,0,0,0,0,0,0,0,0.0,0.0,0.0,0.0,0.0,0,0.0,0.0,57924,54099,6,324,-0.1,0.1,0.0,0.0,0.0,0.0,0.0,0.0,0,0,0,0,0,0.0,Groin Injury - 25% chance of playing,663,254,659,258,634,247,664,255,,,,,,,0.0,0.0,0.0,0.0,0.0,0.0,556,333,613,224,669,260,328,111,0.0,0.0
Zach Marsh,Crystal Palace,FWD,4.4,0,0,0.0,0.3,0,0,0,0,0,0,0,0,0,0,0,0,0.0,0.0,0.0,0.0,0.0,0,0.0,0.0,45203,53206,464,563,-0.1,0.1,0.0,0.0,0.0,0.0,0.0,0.0,0,0,0,0,0,0.0,,660,70,656,69,631,69,661,70,,,,,,,0.0,0.0,0.0,0.0,0.0,0.0,552,79,610,59,666,70,309,51,0.0,0.0
Franco Umeh,Crystal Palace,MID,4.5,0,0,0.0,0.0,0,0,0,0,0,0,0,0,0,0,0,0,0.0,0.0,0.0,0.0,0.0,0,0.0,0.0,860,3025,0,4,0.0,0.0,0.0,0.0,0.0,0.0,0.0,0.0,0,0,0,0,0,0.0,has joined Portsmouth permanently.,709,291,705,292,686,285,709,291,,,,,,,0.0,0.0,0.0,0.0,0.0,0.0,471,288,662,262,711,293,683,286,0.0,0.0
David Ozoh,Crystal Palace,MID,4.5,0,0,0.0,0.0,0,0,0,0,0,0,0,0,0,0,0,0,0.0,0.0,0.0,0.0,0.0,0,0.0,0.0,0,189,0,0,0.0,0.0,0.0,0.0,0.0,0.0,0.0,0.0,0,0,0,0,0,0.0,Has joined Derby County on loan for the rest of the season.,697,281,694,283,673,274,697,281,,,,,,,0.0,0.0,0.0,0.0,0.0,0.0,454,274,651,253,701,285,796,353,0.0,0.0
Matheus M.França,Crystal Palace,MID,4.5,0,0,0.0,0.0,0,0,0,0,0,0,0,0,0,0,0,0,0.0,0.0,0.0,0.0,0.0,0,0.0,0.0,95,1634,0,0,0.0,0.0,0.0,0.0,0.0,0.0,0.0,0.0,0,0,0,0,0,0.0,Has joined CR Vasco da Gama on loan for the rest of the season.,699,283,696,285,675,276,699,283,,,,,,,0.0,0.0,0.0,0.0,0.0,0.0,458,278,653,255,703,287,747,320,0.0,0.0
Jesurun J.Rak-Sakyi,Crystal Palace,MID,4.4,0,0,0.0,0.0,0,0,0,0,0,0,0,0,0,0,0,0,0.0,0.0,0.0,0.0,0.0,0,0.0,0.0,4287,9314,30,23,-0.1,0.1,0.0,0.0,0.0,0.0,0.0,0.0,0,0,0,0,0,0.0,,647,243,644,248,618,236,648,244,,,,,,,0.0,0.0,0.0,0.0,0.0,0.0,536,320,598,214,655,251,637,258,0.0,0.0
Malcolm Ebiowei,Crystal Palace,MID,4.5,0,0,0.0,0.0,0,0,0,0,0,0,0,0,0,0,0,0,0.0,0.0,0.0,0.0,0.0,0,0.0,0.0,0,744,0,2,0.0,0.0,0.0,0.0,0.0,0.0,0.0,0.0,0,0,0,0,0,0.0,Has joined Blackpool permanently.,680,265,677,268,655,259,681,266,,,,,,,0.0,0.0,0.0,0.0,0.0,0.0,429,257,633,236,685,270,779,341,0.0,0.0
Asher Agbinone,Crystal Palace,MID,4.3,0,0,0.0,0.1,0,0,0,0,0,0,0,0,0,0,0,0,0.0,0.0,0.0,0.0,0.0,0,0.0,0.0,5753,7560,225,148,-0.2,0.2,0.0,0.0,0.0,0.0,0.0,0.0,0,0,0,0,0,0.0,,631,234,628,239,600,226,632,235,,,,,,,0.0,0.0,0.0,0.0,0.0,0.0,608,353,579,205,640,243,559,205,0.0,0.0
Harry Tyrer,Everton,GKP,3.9,0,0,0.0,0.1,0,0,0,0,0,0,0,0,0,0,0,0,0.0,0.0,0.0,0.0,0.0,0,0.0,0.0,4633,8962,0,197,-0.1,0.1,0.0,0.0,0.0,0.0,0.0,0.0,0,0,0,0,0,0.0,has joined Cardiff City permanently.,523,46,514,33,477,18,523,46,,,,,,,0.0,0.0,0.0,0.0,0.0,0.0,747,79,454,40,532,46,471,73,0.0,0.0
Cheick Doucouré,Crystal Palace,MID,4.9,0,0,0.0,0.0,0,0,0,0,0,0,0,0,0,0,0,0,0.0,0.0,0.0,0.0,0.0,0,0.0,0.0,382,614,7,2,-0.1,0.1,0.0,0.0,0.0,0.0,0.0,0.0,0,0,0,0,0,0.0,Knee injury - Unknown return date,757,326,753,326,744,323,756,325,,,,,,,0.0,0.0,0.0,0.0,0.0,0.0,326,201,721,304,757,326,777,340,0.0,0.0
Caleb Kporha,Crystal Palace,DEF,4.0,0,0,0.0,0.0,0,0,0,0,0,0,0,0,0,0,0,0,0.0,0.0,0.0,0.0,0.0,0,0.0,0.0,573,2163,15,11,0.0,0.0,0.0,0.0,0.0,0.0,0.0,0.0,0,0,0,0,0,0.0,Back injury - Unknown return date,595,231,588,231,554,226,595,230,,,,,,,0.0,0.0,0.0,0.0,0.0,0.0,710,194,529,216,604,231,711,244,0.0,0.0
Rob Holding,Crystal Palace,DEF,4.0,0,0,0.0,0.0,0,0,0,0,0,0,0,0,0,0,0,0,0.0,0.0,0.0,0.0,0.0,0,0.0,0.0,0,3875,0,10,0.0,0.0,0.0,0.0,0.0,0.0,0.0,0.0,0,0,0,0,0,0.0,Has joined Colorado Rapids permanently.,552,206,544,206,508,199,552,205,,,,,,,0.0,0.0,0.0,0.0,0.0,0.0,658,161,483,188,561,206,678,235,0.0,0.0
Remi Matthews,Crystal Palace,GKP,3.9,0,0,0.0,0.1,0,0,0,0,0,0,0,0,0,0,0,0,0.0,0.0,0.0,0.0,0.0,0,0.0,0.0,5360,7969,66,89,-0.1,0.1,0.0,0.0,0.0,0.0,0.0,0.0,0,0,0,0,0,0.0,,517,42,508,29,471,14,517,42,,,,,,,0.0,0.0,0.0,0.0,0.0,0.0,737,75,448,36,526,42,470,72,0.0,0.0
Walter Benitez,Crystal Palace,GKP,4.0,0,0,0.0,0.3,0,0,0,0,0,0,0,0,0,0,0,0,0.0,0.0,0.0,0.0,0.0,0,0.0,0.0,12837,28831,266,285,0.0,0.0,0.0,0.0,0.0,0.0,0.0,0.0,0,0,0,0,0,0.0,,551,64,543,52,507,37,551,64,,,,,,,0.0,0.0,0.0,0.0,0.0,0.0,657,45,482,58,560,64,315,43,0.0,0.0
Teddy Sharman-Lowe,Chelsea,GKP,4.0,0,0,0.0,0.0,0,0,0,0,0,0,0,0,0,0,0,0,0.0,0.0,0.0,0.0,0.0,0,0.0,0.0,18,4,18,4,0.0,0.0,0.0,0.0,0.0,0.0,0.0,0.0,0,0,0,0,0,0.0,,577,77,570,66,535,51,577,77,,,,,,,0.0,0.0,0.0,0.0,0.0,0.0,688,59,509,71,586,77,806,93,0.0,0.0
Max Merrick,Chelsea,GKP,4.0,0,0,0.0,0.0,0,0,0,0,0,0,0,0,0,0,0,0,0.0,0.0,0.0,0.0,0.0,0,0.0,0.0,231,107,27,19,0.0,0.0,0.0,0.0,0.0,0.0,0.0,0.0,0,0,0,0,0,0.0,,581,80,574,69,539,54,581,80,,,,,,,0.0,0.0,0.0,0.0,0.0,0.0,694,62,513,74,590,80,771,87,0.0,0.0
Landon Emenalo,Chelsea,MID,4.5,0,0,0.0,0.0,0,0,0,0,0,0,0,0,0,0,0,0,0.0,0.0,0.0,0.0,0.0,0,0.0,0.0,1276,1121,24,39,0.0,0.0,0.0,0.0,0.0,0.0,0.0,0.0,0,0,0,0,0,0.0,,728,305,723,305,705,299,727,304,,,,,,,0.0,0.0,0.0,0.0,0.0,0.0,494,305,680,275,728,305,719,305,0.0,0.0
Nicolas N.Jackson,Chelsea,FWD,6.5,0,0,0.0,0.1,0,0,0,0,0,0,0,0,0,0,0,0,0.0,0.0,0.0,0.0,0.0,0,0.0,0.0,4962,15251,0,11,0.0,0.0,0.0,0.0,0.0,0.0,0.0,0.0,0,0,0,0,0,0.0,has joined Bayern Munich on loan for the rest of the season.,804,90,804,90,804,90,804,90,,,,,,,0.0,0.0,0.0,0.0,0.0,0.0,55,19,801,87,804,90,519,73,0.0,0.0
Kendry Paez,Chelsea,MID,4.5,0,0,0.0,0.0,0,0,0,0,0,0,0,0,0,0,0,0,0.0,0.0,0.0,0.0,0.0,0,0.0,0.0,0,945,0,0,0.0,0.0,0.0,0.0,0.0,0.0,0.0,0.0,0,0,0,0,0,0.0,Has joined RC Strasbourg on loan for the rest of the season.,727,304,722,304,704,298,726,303,,,,,,,0.0,0.0,0.0,0.0,0.0,0.0,493,304,679,274,727,304,762,331,0.0,0.0
Dário D.Essugo,Chelsea,MID,4.3,0,0,0.0,0.1,0,0,0,0,0,0,0,0,0,0,0,0,0.0,0.0,0.0,0.0,0.0,0,0.0,0.0,11059,13095,39,168,-0.2,0.2,0.0,0.0,0.0,0.0,0.0,0.0,0,0,0,0,0,0.0,Knock - Expected back 21 Feb,621,226,617,231,588,217,622,227,,,,,,,0.0,0.0,0.0,0.0,0.0,0.0,590,343,568,197,630,235,574,213,0.0,0.0
Mark Travers,Everton,GKP,4.3,0,0,0.0,0.1,0,0,0,0,0,0,0,0,0,0,0,0,0.0,0.0,0.0,0.0,0.0,0,0.0,0.0,4033,11247,89,97,-0.2,0.2,0.0,0.0,0.0,0.0,0.0,0.0,0,0,0,0,0,0.0,,618,87,614,79,585,66,619,87,,,,,,,0.0,0.0,0.0,0.0,0.0,0.0,577,28,565,83,627,87,454,70,0.0,0.0
Roman Dixon,Everton,DEF,3.8,0,0,0.0,0.2,0,0,0,0,0,0,0,0,0,0,0,0,0.0,0.0,0.0,0.0,0.0,0,0.0,0.0,9087,19286,98,170,-0.2,0.2,0.0,0.0,0.0,0.0,0.0,0.0,0,0,0,0,0,0.0,,496,183,485,182,447,173,496,182,,,,,,,0.0,0.0,0.0,0.0,0.0,0.0,789,245,424,162,505,183,382,138,0.0,0.0
Charlie Crew,Leeds,MID,4.5,0,0,0.0,0.0,0,0,0,0,0,0,0,0,0,0,0,0,0.0,0.0,0.0,0.0,0.0,0,0.0,0.0,0,960,0,0,0.0,0.0,0.0,0.0,0.0,0.0,0.0,0.0,0,0,0,0,0,0.0,Has joined Doncaster Rovers on loan for the rest of the season.,698,282,695,284,674,275,698,282,,,,,,,0.0,0.0,0.0,0.0,0.0,0.0,457,277,652,254,702,286,769,334,0.0,0.0
Samuel Amissah,Fulham,DEF,3.8,0,0,0.0,0.1,0,0,0,0,0,0,0,0,0,0,0,0,0.0,0.0,0.0,0.0,0.0,0,0.0,0.0,8405,15851,79,203,-0.2,0.2,0.0,0.0,0.0,0.0,0.0,0.0,0,0,0,0,0,0.0,,507,193,497,193,460,185,507,192,,,,,,,0.0,0.0,0.0,0.0,0.0,0.0,805,260,437,174,516,193,416,154,0.0,0.0
Largie Ramazani,Leeds,MID,4.9,0,0,0.0,0.0,0,0,0,0,0,0,0,0,0,0,0,0,0.0,0.0,0.0,0.0,0.0,0,0.0,0.0,203,4302,0,6,-0.1,0.1,0.0,0.0,0.0,0.0,0.0,0.0,0,0,0,0,0,0.0,has joined Valencia on loan for the rest of the season.,755,324,751,324,742,321,754,323,,,,,,,0.0,0.0,0.0,0.0,0.0,0.0,323,199,719,302,755,324,693,293,0.0,0.0
Sam Greenwood,Leeds,MID,4.9,0,0,0.0,0.0,0,0,0,0,0,0,0,0,0,0,0,0,0.0,0.0,0.0,0.0,0.0,0,0.0,0.0,1234,10054,0,11,-0.1,0.1,0.0,0.0,0.0,0.0,0.0,0.0,0,0,0,0,0,0.0,has joined Pogon Szczecin permanently.,753,322,749,322,740,319,752,321,,,,,,,0.0,0.0,0.0,0.0,0.0,0.0,319,197,716,300,753,322,628,249,0.0,0.0
Isaac Schmidt,Leeds,DEF,4.0,0,0,0.0,0.1,0,0,0,0,0,0,0,0,0,0,0,0,0.0,0.0,0.0,0.0,0.0,0,0.0,0.0,788,15708,0,26,0.0,0.0,0.0,0.0,0.0,0.0,0.0,0.0,0,0,0,0,0,0.0,has joined Werder Bremen on loan for the rest of the season.,573,216,566,216,531,210,573,215,,,,,,,0.0,0.0,0.0,0.0,0.0,0.0,683,174,504,198,582,216,535,196,0.0,0.0
Alex Cairns,Leeds,GKP,3.9,0,0,0.0,0.2,0,0,0,0,0,0,0,0,0,0,0,0,0.0,0.0,0.0,0.0,0.0,0,0.0,0.0,7396,13702,86,159,-0.1,0.1,0.0,0.0,0.0,0.0,0.0,0.0,0,0,0,0,0,0.0,,514,39,505,26,468,11,514,39,,,,,,,0.0,0.0,0.0,0.0,0.0,0.0,733,72,444,33,523,39,405,62,0.0,0.0
Illan Meslier,Leeds,GKP,4.2,0,0,0.0,0.3,0,0,0,0,0,0,0,0,0,0,0,0,0.0,0.0,0.0,0.0,0.0,0,0.0,0.0,11722,61064,117,294,-0.3,0.3,0.0,0.0,0.0,0.0,0.0,0.0,0,0,0,0,0,0.0,,612,86,605,76,574,62,613,86,,,,,,,0.0,0.0,0.0,0.0,0.0,0.0,630,35,548,80,620,86,296,39,0.0,0.0
Kepa Arrizabalaga,Arsenal,GKP,4.1,0,0,0.0,0.4,0,0,0,0,0,0,0,0,0,0,0,0,0.0,0.0,0.0,0.0,0.0,0,0.0,0.0,13094,73388,228,358,-0.4,0.4,0.0,0.0,0.0,0.0,0.0,0.0,0,0,0,0,0,0.0,,608,83,601,72,568,57,609,83,,,,,,,0.0,0.0,0.0,0.0,0.0,0.0,646,38,542,77,617,83,269,36,0.0,0.0
Seth Ridgeon,Fulham,MID,4.5,0,0,0.0,0.0,0,0,0,0,0,0,0,0,0,0,0,0,0.0,0.0,0.0,0.0,0.0,0,0.0,0.0,387,170,26,28,0.0,0.0,0.0,0.0,0.0,0.0,0.0,0.0,0,0,0,0,0,0.0,,731,308,726,308,708,302,730,307,,,,,,,0.0,0.0,0.0,0.0,0.0,0.0,497,308,683,278,731,308,773,337,0.0,0.0
Benjamin Lecomte,Fulham,GKP,3.9,0,0,0.0,0.7,0,0,0,0,0,0,0,0,0,0,0,0,0.0,0.0,0.0,0.0,0.0,0,0.0,0.0,38476,48259,404,868,-0.1,0.1,0.0,0.0,0.0,0.0,0.0,0.0,0,0,0,0,0,0.0,,513,38,504,25,467,10,513,38,,,,,,,0.0,0.0,0.0,0.0,0.0,0.0,732,71,443,32,522,38,211,27,0.0,0.0
Luke Harris,Fulham,MID,4.5,0,0,0.0,0.0,0,0,0,0,0,0,0,0,0,0,0,0,0.0,0.0,0.0,0.0,0.0,0,0.0,0.0,0,305,0,0,0.0,0.0,0.0,0.0,0.0,0.0,0.0,0.0,0,0,0,0,0,0.0,Has joined Oxford United on loan for the rest of the season.,694,278,691,280,670,271,694,278,,,,,,,0.0,0.0,0.0,0.0,0.0,0.0,451,271,648,250,698,282,791,348,0.0,0.0
Martial Godo,Fulham,MID,4.5,0,0,0.0,0.0,0,0,0,0,0,0,0,0,0,0,0,0,0.0,0.0,0.0,0.0,0.0,0,0.0,0.0,898,6540,0,5,0.0,0.0,0.0,0.0,0.0,0.0,0.0,0.0,0,0,0,0,0,0.0,has joined Strasbourg permanently.,708,290,704,291,685,284,708,290,,,,,,,0.0,0.0,0.0,0.0,0.0,0.0,470,287,661,261,710,292,656,270,0.0,0.0
Andreas Andreas,Fulham,MID,5.3,0,0,0.0,0.1,0,0,0,0,0,0,0,0,0,0,0,0,0.0,0.0,0.0,0.0,0.0,0,0.0,0.0,2438,35499,0,12,-0.2,0.2,0.0,0.0,0.0,0.0,0.0,0.0,0,0,0,0,0,0.0,has joined Palmeiras permanently.,782,344,781,344,776,343,782,344,,,,,,,0.0,0.0,0.0,0.0,0.0,0.0,188,115,763,336,782,344,550,200,0.0,0.0
Steven Benda,Fulham,GKP,4.0,0,0,0.0,0.0,0,0,0,0,0,0,0,0,0,0,0,0,0.0,0.0,0.0,0.0,0.0,0,0.0,0.0,359,541,113,40,0.0,0.0,0.0,0.0,0.0,0.0,0.0,0.0,0,0,0,0,0,0.0,,559,67,552,56,517,41,559,67,,,,,,,0.0,0.0,0.0,0.0,0.0,0.0,667,49,490,61,568,67,735,85,0.0,0.0
Reece Welch,Everton,DEF,3.8,0,0,0.0,0.1,0,0,0,0,0,0,0,0,0,0,0,0,0.0,0.0,0.0,0.0,0.0,0,0.0,0.0,6668,13881,58,127,-0.2,0.2,0.0,0.0,0.0,0.0,0.0,0.0,0,0,0,0,0,0.0,,494,181,483,180,445,171,494,180,,,,,,,0.0,0.0,0.0,0.0,0.0,0.0,787,243,422,160,503,181,422,155,0.0,0.0
Braiden Graham,Everton,FWD,4.5,0,0,0.0,0.0,0,0,0,0,0,0,0,0,0,0,0,0,0.0,0.0,0.0,0.0,0.0,0,0.0,0.0,1412,512,246,124,0.0,0.0,0.0,0.0,0.0,0.0,0.0,0.0,0,0,0,0,0,0.0,,733,78,728,77,710,77,732,78,,,,,,,0.0,0.0,0.0,0.0,0.0,0.0,499,70,685,67,733,78,692,83,0.0,0.0
Elijah Campbell,Everton,DEF,3.9,0,0,0.0,0.2,0,0,0,0,0,0,0,0,0,0,0,0,0.0,0.0,0.0,0.0,0.0,0,0.0,0.0,18322,15188,103,151,-0.1,0.1,0.0,0.0,0.0,0.0,0.0,0.0,0,0,0,0,0,0.0,,531,197,522,197,485,189,531,196,,,,,,,0.0,0.0,0.0,0.0,0.0,0.0,759,222,462,179,540,197,395,143,0.0,0.0
Tyler Onyango,Everton,MID,4.5,0,0,0.0,0.1,0,0,0,0,0,0,0,0,0,0,0,0,0.0,0.0,0.0,0.0,0.0,0,0.0,0.0,8420,10052,0,30,0.0,0.0,0.0,0.0,0.0,0.0,0.0,0.0,0,0,0,0,0,0.0,has joined Stockport County on loan for the rest of the season.,683,267,681,270,659,261,684,268,,,,,,,0.0,0.0,0.0,0.0,0.0,0.0,433,259,636,238,688,272,576,215,0.0,0.0
Adam Aznou,Everton,DEF,4.2,0,0,0.0,0.1,0,0,0,0,0,0,0,0,0,0,0,0,0.0,0.0,0.0,0.0,0.0,0,0.0,0.0,2367,11997,35,34,-0.3,0.3,0.0,0.0,0.0,0.0,0.0,0.0,0,0,0,0,0,0.0,,613,245,608,244,577,241,614,245,,,,,,,0.0,0.0,0.0,0.0,0.0,0.0,634,150,551,231,621,244,562,203,0.0,0.0
Tom King,Everton,GKP,3.9,0,0,0.0,1.3,0,0,0,0,0,0,0,0,0,0,0,0,0.0,0.0,0.0,0.0,0.0,0,0.0,0.0,67248,91150,406,1337,-0.1,0.1,0.0,0.0,0.0,0.0,0.0,0.0,0,0,0,0,0,0.0,,515,40,506,27,469,12,515,40,,,,,,,0.0,0.0,0.0,0.0,0.0,0.0,735,73,446,34,524,40,167,21,0.0,0.0
Martin Sherif,Everton,FWD,4.4,0,0,0.0,0.1,0,0,0,0,0,0,0,0,0,0,0,0,0.0,0.0,0.0,0.0,0.0,0,0.0,0.0,8474,25433,230,96,-0.1,0.1,0.0,0.0,0.0,0.0,0.0,0.0,0,0,0,0,0,0.0,,655,68,651,67,626,67,656,68,,,,,,,0.0,0.0,0.0,0.0,0.0,0.0,547,77,605,57,662,68,445,63,0.0,0.0
Youssef Y.Chermiti,Everton,FWD,4.9,0,0,0.0,0.1,0,0,0,0,0,0,0,0,0,0,0,0,0.0,0.0,0.0,0.0,0.0,0,0.0,0.0,2418,14435,0,14,-0.1,0.1,0.0,0.0,0.0,0.0,0.0,0.0,0,0,0,0,0,0.0,has joined Rangers permanently.,761,83,757,82,748,82,760,83,,,,,,,0.0,0.0,0.0,0.0,0.0,0.0,337,61,726,73,761,83,532,74,0.0,0.0
Jenson Metcalfe,Everton,MID,4.5,0,0,0.0,0.0,0,0,0,0,0,0,0,0,0,0,0,0,0.0,0.0,0.0,0.0,0.0,0,0.0,0.0,0,108,0,1,0.0,0.0,0.0,0.0,0.0,0.0,0.0,0.0,0,0,0,0,0,0.0,Has joined Bradford City permanently.,689,273,686,275,665,266,689,273,,,,,,,0.0,0.0,0.0,0.0,0.0,0.0,443,266,643,245,693,277,803,360,0.0,0.0
Isaac Heath,Everton,MID,4.5,0,0,0.0,0.0,0,0,0,0,0,0,0,0,0,0,0,0,0.0,0.0,0.0,0.0,0.0,0,0.0,0.0,458,3715,0,6,0.0,0.0,0.0,0.0,0.0,0.0,0.0,0.0,0,0,0,0,0,0.0,has joined Accrington on loan for the rest of the season.,691,275,688,277,667,268,691,275,,,,,,,0.0,0.0,0.0,0.0,0.0,0.0,447,268,645,247,695,279,680,283,0.0,0.0
Coby Ebere,Everton,MID,4.4,0,0,0.0,0.0,0,0,0,0,0,0,0,0,0,0,0,0,0.0,0.0,0.0,0.0,0.0,0,0.0,0.0,4073,5775,45,70,-0.1,0.1,0.0,0.0,0.0,0.0,0.0,0.0,0,0,0,0,0,0.0,,650,246,647,251,621,239,651,247,,,,,,,0.0,0.0,0.0,0.0,0.0,0.0,541,324,601,217,658,254,599,230,0.0,0.0
Callum Bates,Everton,MID,4.3,0,0,0.0,0.1,0,0,0,0,0,0,0,0,0,0,0,0,0.0,0.0,0.0,0.0,0.0,0,0.0,0.0,9713,12396,234,170,-0.2,0.2,0.0,0.0,0.0,0.0,0.0,0.0,0,0,0,0,0,0.0,,629,232,626,237,598,224,630,233,,,,,,,0.0,0.0,0.0,0.0,0.0,0.0,605,351,576,203,638,241,511,183,0.0,0.0
Ethan Sutherland,Wolves,MID,4.5,0,0,0.0,0.0,0,0,0,0,0,0,0,0,0,0,0,0,0.0,0.0,0.0,0.0,0.0,0,0.0,0.0,830,283,128,56,0.0,0.0,0.0,0.0,0.0,0.0,0.0,0.0,0,0,0,0,0,0.0,,717,296,712,296,694,290,716,295,,,,,,,0.0,0.0,0.0,0.0,0.0,0.0,481,295,669,266,718,297,746,319,0.0,0.0
